path,domain,label,ai_score
diffusion_datasets/guided/1_fake/lnavxqqxfa.png,guided,1,0.07012655533655462
diffusion_datasets/guided/1_fake/eolimvhygz.png,guided,1,0.019967815529139277
diffusion_datasets/guided/1_fake/nkdchwutlw.png,guided,1,0.0002015597044837998
diffusion_datasets/guided/1_fake/eoacigirrk.png,guided,1,0.020742385796963945
diffusion_datasets/guided/1_fake/msccvtyrqo.png,guided,1,7.99524937930859e-08
diffusion_datasets/guided/1_fake/cmjapngcpn.png,guided,1,0.006875760553245999
diffusion_datasets/guided/1_fake/vrwfguctin.png,guided,1,9.782525781742285e-05
diffusion_datasets/guided/1_fake/slrtleyncm.png,guided,1,0.0031951618083681144
diffusion_datasets/guided/1_fake/jkepwzmrqu.png,guided,1,0.03258878389664288
diffusion_datasets/guided/1_fake/fwnswugajt.png,guided,1,0.0003570627071145892
diffusion_datasets/guided/1_fake/jgcuwqiqsa.png,guided,1,7.944027769480107e-05
diffusion_datasets/guided/1_fake/kjkmmniwcv.png,guided,1,5.362404848248481e-05
diffusion_datasets/guided/1_fake/aowpbzokmp.png,guided,1,0.00333593757864481
diffusion_datasets/guided/1_fake/pjvqcnpfqy.png,guided,1,0.0007951921644668585
diffusion_datasets/guided/1_fake/mpzjrdeutv.png,guided,1,0.05748940565557821
diffusion_datasets/guided/1_fake/mcrhlmdumo.png,guided,1,0.031517075992431795
diffusion_datasets/guided/1_fake/oaepibbwpe.png,guided,1,3.2277927116149297e-05
diffusion_datasets/guided/1_fake/aujwkgbadp.png,guided,1,0.0013493399721399007
diffusion_datasets/guided/1_fake/hzrxscnjew.png,guided,1,0.0024297939257801942
diffusion_datasets/guided/1_fake/tknxjephgy.png,guided,1,0.13843870850407938
diffusion_datasets/guided/1_fake/ttwsrquzox.png,guided,1,7.625904860990377e-05
diffusion_datasets/guided/1_fake/ixykpgtooh.png,guided,1,0.0011908046803040812
diffusion_datasets/guided/1_fake/hnfbzeaoqb.png,guided,1,0.7963671509189247
diffusion_datasets/guided/1_fake/gczswsnqpp.png,guided,1,0.03692242945599258
diffusion_datasets/guided/1_fake/ikpmthprsw.png,guided,1,0.04561678682428026
diffusion_datasets/guided/1_fake/vmjmkqeggv.png,guided,1,0.0381988702201608
diffusion_datasets/guided/1_fake/ltwpiurdob.png,guided,1,0.0013586624134356864
diffusion_datasets/guided/1_fake/clutkoqhvu.png,guided,1,0.02721420018973133
diffusion_datasets/guided/1_fake/qnqvwdpmam.png,guided,1,0.11965240688900379
diffusion_datasets/guided/1_fake/fzmzemtxkr.png,guided,1,0.006272684245388685
diffusion_datasets/guided/1_fake/kxyebvmqsl.png,guided,1,1.4072209028014502e-05
diffusion_datasets/guided/1_fake/jrzuxwwxsh.png,guided,1,0.00011838039096344065
diffusion_datasets/guided/1_fake/lavlfbgnkn.png,guided,1,0.01977352692189888
diffusion_datasets/guided/1_fake/amcjhcqbxr.png,guided,1,0.8287941896809115
diffusion_datasets/guided/1_fake/cbmykoukdb.png,guided,1,0.017841678060856694
diffusion_datasets/guided/1_fake/hjovhnpjdf.png,guided,1,0.2356925569316965
diffusion_datasets/guided/1_fake/picuojlsec.png,guided,1,0.05302788502102166
diffusion_datasets/guided/1_fake/jhnzthaool.png,guided,1,0.001413155382755387
diffusion_datasets/guided/1_fake/adizyjvxam.png,guided,1,0.005592814265094835
diffusion_datasets/guided/1_fake/gjpzqplype.png,guided,1,0.0008809065043540551
diffusion_datasets/guided/1_fake/vwklacfxmw.png,guided,1,0.0012768087417754017
diffusion_datasets/guided/1_fake/lvsgpxrabw.png,guided,1,0.002052277941778842
diffusion_datasets/guided/1_fake/yvwtaordyd.png,guided,1,0.03629693184935043
diffusion_datasets/guided/1_fake/lfpytrxtnd.png,guided,1,0.0012482900772024317
diffusion_datasets/guided/1_fake/jnrpfsvjdm.png,guided,1,0.959027523619075
diffusion_datasets/guided/1_fake/xucelwnaqz.png,guided,1,0.0073065041867977215
diffusion_datasets/guided/1_fake/ayzndlluru.png,guided,1,0.00021972859083209978
diffusion_datasets/guided/1_fake/fnjmysjhqo.png,guided,1,0.0007084993654953226
diffusion_datasets/guided/1_fake/rtbrwgwkho.png,guided,1,0.00050239648576694
diffusion_datasets/guided/1_fake/pbblbgdzjz.png,guided,1,0.013731186674011166
diffusion_datasets/guided/1_fake/zxaydtvcbx.png,guided,1,0.0016460762543480827
diffusion_datasets/guided/1_fake/asxtxajrfc.png,guided,1,1.832396095594709e-06
diffusion_datasets/guided/1_fake/jvctzionai.png,guided,1,0.20809120362419115
diffusion_datasets/guided/1_fake/timdfnwgho.png,guided,1,0.00029372397063811455
diffusion_datasets/guided/1_fake/pfvgbusewt.png,guided,1,0.0005362773675347572
diffusion_datasets/guided/1_fake/ulpnibnvvc.png,guided,1,0.0014905495466094076
diffusion_datasets/guided/1_fake/xphjlaxygh.png,guided,1,0.0083694977017668
diffusion_datasets/guided/1_fake/qafswzymfy.png,guided,1,0.10745015234619175
diffusion_datasets/guided/1_fake/kgmqyotoqo.png,guided,1,0.0009878598958955765
diffusion_datasets/guided/1_fake/bbdiioaqyn.png,guided,1,0.015972526147213888
diffusion_datasets/guided/1_fake/apwufqzgrg.png,guided,1,0.0006397872745477611
diffusion_datasets/guided/1_fake/lttnaabznd.png,guided,1,6.522737605934383e-05
diffusion_datasets/guided/1_fake/raxqxyzhrc.png,guided,1,0.06075023466343572
diffusion_datasets/guided/1_fake/mfmhhrlxuy.png,guided,1,0.01739466614155446
diffusion_datasets/guided/1_fake/bulfplvjow.png,guided,1,0.43498693638180674
diffusion_datasets/guided/1_fake/ybbbdeihcf.png,guided,1,0.0017325670441256976
diffusion_datasets/guided/1_fake/qlhvuhhqol.png,guided,1,5.4961479256110415e-05
diffusion_datasets/guided/1_fake/xdudczawtx.png,guided,1,0.004964320340997332
diffusion_datasets/guided/1_fake/vcbnrxukwp.png,guided,1,0.0002427860628437991
diffusion_datasets/guided/1_fake/ifqwneltpg.png,guided,1,0.0005137273328857055
diffusion_datasets/guided/1_fake/psosqfwlqc.png,guided,1,0.019462607882484842
diffusion_datasets/guided/1_fake/znwafizosm.png,guided,1,0.009971672846317815
diffusion_datasets/guided/1_fake/qsndeimedb.png,guided,1,0.0005181678678051731
diffusion_datasets/guided/1_fake/ajefhvvxek.png,guided,1,0.002372126697415701
diffusion_datasets/guided/1_fake/jgvhyrcgyx.png,guided,1,0.00036499910982007395
diffusion_datasets/guided/1_fake/kbpanibqgu.png,guided,1,0.024510806905145798
diffusion_datasets/guided/1_fake/gzmbdszeyt.png,guided,1,1.4048275904060439e-05
diffusion_datasets/guided/1_fake/dtoeuxdocm.png,guided,1,0.018142166964456304
diffusion_datasets/guided/1_fake/jckrxjozhx.png,guided,1,0.3505330424734339
diffusion_datasets/guided/1_fake/nyrfgpglht.png,guided,1,0.26463130592944417
diffusion_datasets/guided/1_fake/pvrfveosdy.png,guided,1,0.008992896985373217
diffusion_datasets/guided/1_fake/zatnelrcct.png,guided,1,6.56357774981254e-05
diffusion_datasets/guided/1_fake/nhmcszkgcq.png,guided,1,2.791813376429796e-06
diffusion_datasets/guided/1_fake/yyrtmboyuo.png,guided,1,0.14689572982794466
diffusion_datasets/guided/1_fake/lsdusudljb.png,guided,1,0.0005798656278443648
diffusion_datasets/guided/1_fake/bnhkqppcfl.png,guided,1,0.4000488370704024
diffusion_datasets/guided/1_fake/cspmbvyjpm.png,guided,1,0.001048154097577748
diffusion_datasets/guided/1_fake/wrxxltdsxi.png,guided,1,0.006984225873870846
diffusion_datasets/guided/1_fake/efykeyysvi.png,guided,1,8.647619647141256e-06
diffusion_datasets/guided/1_fake/usrafpawra.png,guided,1,0.009222692039211448
diffusion_datasets/guided/1_fake/snkshpixle.png,guided,1,0.0009936246195243865
diffusion_datasets/guided/1_fake/izrfhzbwzc.png,guided,1,0.0022548614607474163
diffusion_datasets/guided/1_fake/iedkqtkbtj.png,guided,1,0.0002087607326558058
diffusion_datasets/guided/1_fake/rzrzcujvqg.png,guided,1,1.7655799872582006e-06
diffusion_datasets/guided/1_fake/klcsuijwqh.png,guided,1,0.1542347437240389
diffusion_datasets/guided/1_fake/bljmtryslc.png,guided,1,0.0520816761804926
diffusion_datasets/guided/1_fake/muszivpifs.png,guided,1,6.3583935167009e-05
diffusion_datasets/guided/1_fake/myekqhvgnw.png,guided,1,0.009266338513740124
diffusion_datasets/guided/1_fake/umnlmiykjp.png,guided,1,0.06063169385400068
diffusion_datasets/guided/1_fake/vfhdjmajxv.png,guided,1,0.1137470041252504
diffusion_datasets/guided/1_fake/enmfgbxzpf.png,guided,1,0.006562116221786407
diffusion_datasets/guided/1_fake/wjvuvyodzv.png,guided,1,0.00014975785287897074
diffusion_datasets/guided/1_fake/fksurkvzeg.png,guided,1,0.00630602946402036
diffusion_datasets/guided/1_fake/hypftiguck.png,guided,1,0.548658340923916
diffusion_datasets/guided/1_fake/aofcqpcyfk.png,guided,1,0.0007633756290439013
diffusion_datasets/guided/1_fake/bolqiuvdbo.png,guided,1,1.5604517840146596e-05
diffusion_datasets/guided/1_fake/whqsatsqum.png,guided,1,0.000698199619121611
diffusion_datasets/guided/1_fake/bxmsmmxizq.png,guided,1,7.864248169120169e-05
diffusion_datasets/guided/1_fake/eowkckioii.png,guided,1,0.023609836193221302
diffusion_datasets/guided/1_fake/drpsdefmzh.png,guided,1,0.04837293183786591
diffusion_datasets/guided/1_fake/yjjufldsnq.png,guided,1,0.0011111704832299008
diffusion_datasets/guided/1_fake/hmasnickhh.png,guided,1,2.8746199812240872e-05
diffusion_datasets/guided/1_fake/siheeokstl.png,guided,1,0.0006414612791183898
diffusion_datasets/guided/1_fake/sgggkqzghg.png,guided,1,0.004627288721486237
diffusion_datasets/guided/1_fake/sjezxhpiwr.png,guided,1,0.01772278377686639
diffusion_datasets/guided/1_fake/ueehiquixb.png,guided,1,0.9486829475715762
diffusion_datasets/guided/1_fake/yldbjbxfzj.png,guided,1,0.0098104359955983
diffusion_datasets/guided/1_fake/czqsnkbvng.png,guided,1,0.18043631438941388
diffusion_datasets/guided/1_fake/snjzonvpow.png,guided,1,0.022610265717677647
diffusion_datasets/guided/1_fake/bjipeebzgu.png,guided,1,0.9452830548161666
diffusion_datasets/guided/1_fake/bqeilhkbun.png,guided,1,0.00034279641957086994
diffusion_datasets/guided/1_fake/gkbjdvwiuz.png,guided,1,0.006505223120510293
diffusion_datasets/guided/1_fake/jsozceeudr.png,guided,1,2.019298474408232e-05
diffusion_datasets/guided/1_fake/vqrdytkinp.png,guided,1,0.0006914612494502687
diffusion_datasets/guided/1_fake/tzirqivkgc.png,guided,1,5.736984128747221e-05
diffusion_datasets/guided/1_fake/zniuujlsax.png,guided,1,1.0955143164471205e-05
diffusion_datasets/guided/1_fake/oxkzwdrxay.png,guided,1,3.985390830614782e-05
diffusion_datasets/guided/1_fake/fvfgzexjcm.png,guided,1,0.007715771261487565
diffusion_datasets/guided/1_fake/msujwlrujo.png,guided,1,0.0026124627990206694
diffusion_datasets/guided/1_fake/iwkrlrqsbn.png,guided,1,0.10990961205373811
diffusion_datasets/guided/1_fake/ommdrgxtbr.png,guided,1,0.01265694446711177
diffusion_datasets/guided/1_fake/aadlygmazf.png,guided,1,0.00014749412565236844
diffusion_datasets/guided/1_fake/wzdhwjmvgy.png,guided,1,0.00019203148766917555
diffusion_datasets/guided/1_fake/lxlphyyeaw.png,guided,1,4.041497488834072e-05
diffusion_datasets/guided/1_fake/enrmnsxepz.png,guided,1,0.0010716804666583235
diffusion_datasets/guided/1_fake/jeyotfdecp.png,guided,1,0.0009553942324663987
diffusion_datasets/guided/1_fake/ahnijblsap.png,guided,1,0.0029280634478064485
diffusion_datasets/guided/1_fake/etiolecymt.png,guided,1,5.115986504523014e-05
diffusion_datasets/guided/1_fake/nrzbgujfll.png,guided,1,0.005481334657046137
diffusion_datasets/guided/1_fake/fjyemnydtk.png,guided,1,0.02820210130104403
diffusion_datasets/guided/1_fake/zacjdmmloj.png,guided,1,1.7985978626378225e-06
diffusion_datasets/guided/1_fake/awjhtixyqd.png,guided,1,0.00043276763614087644
diffusion_datasets/guided/1_fake/pwhjtzqmis.png,guided,1,0.20746023400842067
diffusion_datasets/guided/1_fake/fmlqvsmgwg.png,guided,1,0.03148090122599231
diffusion_datasets/guided/1_fake/vfjqbhhdhb.png,guided,1,0.020587557021696564
diffusion_datasets/guided/1_fake/ybpkzmxsoj.png,guided,1,0.00034111981644932354
diffusion_datasets/guided/1_fake/hdtfurantf.png,guided,1,2.556909795654171e-05
diffusion_datasets/guided/1_fake/vitzpaholy.png,guided,1,0.00014893566994222482
diffusion_datasets/guided/1_fake/gsjragxgrg.png,guided,1,0.019635503521766854
diffusion_datasets/guided/1_fake/npfhwxylge.png,guided,1,0.018490518861700295
diffusion_datasets/guided/1_fake/ynescstwdk.png,guided,1,0.015198158121454659
diffusion_datasets/guided/1_fake/sevosnzutr.png,guided,1,0.46592066305768515
diffusion_datasets/guided/1_fake/bxoicyhddk.png,guided,1,0.5214655788897667
diffusion_datasets/guided/1_fake/opueqmfkcd.png,guided,1,0.03409961980045952
diffusion_datasets/guided/1_fake/jecdlrpjba.png,guided,1,0.00017402249913962066
diffusion_datasets/guided/1_fake/surgjkswmj.png,guided,1,6.894752493844333e-05
diffusion_datasets/guided/1_fake/ohycivlfdy.png,guided,1,0.10881568856343184
diffusion_datasets/guided/1_fake/ajaqvfgsih.png,guided,1,0.045586274292106065
diffusion_datasets/guided/1_fake/xuzzmcdpux.png,guided,1,0.0799999928132394
diffusion_datasets/guided/1_fake/msdsnlzcre.png,guided,1,0.0002960040934288229
diffusion_datasets/guided/1_fake/jhnbcswvmq.png,guided,1,0.010643978526074568
diffusion_datasets/guided/1_fake/rakzbwxeme.png,guided,1,0.002575173473954302
diffusion_datasets/guided/1_fake/llaiteusmv.png,guided,1,0.07218671800856022
diffusion_datasets/guided/1_fake/ucxiudybpx.png,guided,1,0.11616177038419252
diffusion_datasets/guided/1_fake/ybpiflwjwj.png,guided,1,0.01915504519105218
diffusion_datasets/guided/1_fake/uzgkdnsvbt.png,guided,1,0.006586739859993923
diffusion_datasets/guided/1_fake/dpsfehmqme.png,guided,1,0.011823504231999918
diffusion_datasets/guided/1_fake/wxhrxapobk.png,guided,1,6.496928830945408e-06
diffusion_datasets/guided/1_fake/gufjiiwgrf.png,guided,1,0.08889605794758622
diffusion_datasets/guided/1_fake/eelzocmtws.png,guided,1,2.224975464452327e-05
diffusion_datasets/guided/1_fake/gtjyzhcqoi.png,guided,1,0.03474734688892755
diffusion_datasets/guided/1_fake/ppufoaihkk.png,guided,1,0.002292940753337231
diffusion_datasets/guided/1_fake/ponotiiits.png,guided,1,2.1292361856890045e-05
diffusion_datasets/guided/1_fake/tibxcunvom.png,guided,1,0.0009518916523720851
diffusion_datasets/guided/1_fake/wdxoxbbogy.png,guided,1,0.00013901533981248524
diffusion_datasets/guided/1_fake/xbftnrscst.png,guided,1,0.4138112822582018
diffusion_datasets/guided/1_fake/njfscemusa.png,guided,1,0.00014835595377093294
diffusion_datasets/guided/1_fake/ujtxojadtt.png,guided,1,0.0007689345385199238
diffusion_datasets/guided/1_fake/hnihvkmnje.png,guided,1,0.00018462119573746657
diffusion_datasets/guided/1_fake/xqyjzhnfqu.png,guided,1,0.010962878244582709
diffusion_datasets/guided/1_fake/njnnphhwll.png,guided,1,0.07469676265564636
diffusion_datasets/guided/1_fake/gudkwzmgfo.png,guided,1,0.29960396910519776
diffusion_datasets/guided/1_fake/orgclftabd.png,guided,1,0.004234435892928715
diffusion_datasets/guided/1_fake/zwkapmobkx.png,guided,1,0.3744082506126404
diffusion_datasets/guided/1_fake/qqdphhznqg.png,guided,1,6.166210036016043e-06
diffusion_datasets/guided/1_fake/pepkgtkonx.png,guided,1,0.12339394104154995
diffusion_datasets/guided/1_fake/stzvgskice.png,guided,1,0.00020968398572832707
diffusion_datasets/guided/1_fake/irwxnqcndk.png,guided,1,0.956464686492301
diffusion_datasets/guided/1_fake/nrglavnpuu.png,guided,1,0.08345533273016148
diffusion_datasets/guided/1_fake/tdegwqcdxk.png,guided,1,0.8901749015549494
diffusion_datasets/guided/1_fake/gbkfcdebke.png,guided,1,0.0046592434358471175
diffusion_datasets/guided/1_fake/idvfzzxvyh.png,guided,1,0.0004099884263338528
diffusion_datasets/guided/1_fake/gvvfxpftgt.png,guided,1,0.00015738141011500386
diffusion_datasets/guided/1_fake/fjxuybiebs.png,guided,1,0.0009005534834314427
diffusion_datasets/guided/1_fake/rjddhlzmqd.png,guided,1,0.9281123054071273
diffusion_datasets/guided/1_fake/pcudblgobu.png,guided,1,6.337091584218743e-05
diffusion_datasets/guided/1_fake/cpyrataump.png,guided,1,0.12676266574309364
diffusion_datasets/guided/1_fake/tfubqflahj.png,guided,1,0.06006901861151673
diffusion_datasets/guided/1_fake/ughldndbio.png,guided,1,2.023131428662999e-06
diffusion_datasets/guided/1_fake/ukcwfevbtz.png,guided,1,0.07007951044105251
diffusion_datasets/guided/1_fake/lmbvfedfye.png,guided,1,0.06234060414151965
diffusion_datasets/guided/1_fake/zhkybzbekn.png,guided,1,0.0005658537286725755
diffusion_datasets/guided/1_fake/gliascthpi.png,guided,1,0.08814069715589146
diffusion_datasets/guided/1_fake/myypljgqkg.png,guided,1,0.40973357223111617
diffusion_datasets/guided/1_fake/jabklaioxf.png,guided,1,0.006452276380045319
diffusion_datasets/guided/1_fake/xjokdvoxpk.png,guided,1,0.0016320112454766183
diffusion_datasets/guided/1_fake/yatxnhyhyw.png,guided,1,0.00470552542339485
diffusion_datasets/guided/1_fake/gacytxnrbg.png,guided,1,0.0014986700144297425
diffusion_datasets/guided/1_fake/tzgkmgcgjt.png,guided,1,0.5728961827223378
diffusion_datasets/guided/1_fake/devyzpyxmr.png,guided,1,0.07004492720636996
diffusion_datasets/guided/1_fake/shkxdbeqpn.png,guided,1,0.4201475231242709
diffusion_datasets/guided/1_fake/mocygqjmlh.png,guided,1,0.00014322185722584748
diffusion_datasets/guided/1_fake/jzpjgkemjx.png,guided,1,0.08450080810992117
diffusion_datasets/guided/1_fake/afwwethmvf.png,guided,1,0.0019966967939052706
diffusion_datasets/guided/1_fake/gwfboomsuw.png,guided,1,0.00014827743338286035
diffusion_datasets/guided/1_fake/viedszojsm.png,guided,1,1.5850344987142795e-05
diffusion_datasets/guided/1_fake/cciqgyfbnw.png,guided,1,0.0028304236248889456
diffusion_datasets/guided/1_fake/vofhkesmtv.png,guided,1,0.018502261521399874
diffusion_datasets/guided/1_fake/gdomuubpmo.png,guided,1,0.5069265458919422
diffusion_datasets/guided/1_fake/figfzyfhkt.png,guided,1,0.001898324547228867
diffusion_datasets/guided/1_fake/ygqiosrden.png,guided,1,0.0036020407926703147
diffusion_datasets/guided/1_fake/xqlumlknls.png,guided,1,0.003912162306526264
diffusion_datasets/guided/1_fake/lvtmqaadzz.png,guided,1,0.00733781332294563
diffusion_datasets/guided/1_fake/dwgrruvbsz.png,guided,1,0.0025173797703164896
diffusion_datasets/guided/1_fake/zcsnybxdqj.png,guided,1,0.008227628465490024
diffusion_datasets/guided/1_fake/tycynadkoj.png,guided,1,0.5583259408658384
diffusion_datasets/guided/1_fake/fizdknwdwf.png,guided,1,0.005543735647728779
diffusion_datasets/guided/1_fake/bthfwgfwqz.png,guided,1,5.053280844530156e-05
diffusion_datasets/guided/1_fake/qhhsiahqdz.png,guided,1,0.3960177819982571
diffusion_datasets/guided/1_fake/nejpnuzhor.png,guided,1,0.5389935040318317
diffusion_datasets/guided/1_fake/flislizwvd.png,guided,1,7.445604173334237e-05
diffusion_datasets/guided/1_fake/vuvkrfmrfw.png,guided,1,0.002912154038774437
diffusion_datasets/guided/1_fake/kgwpuybmdo.png,guided,1,4.15968445478353e-05
diffusion_datasets/guided/1_fake/uyfkdpzowl.png,guided,1,0.0001538341486391531
diffusion_datasets/guided/1_fake/fvbwueqmmc.png,guided,1,0.013014527221380192
diffusion_datasets/guided/1_fake/ftampoyprn.png,guided,1,0.016493784064587663
diffusion_datasets/guided/1_fake/jtprghimeh.png,guided,1,0.0012716244650005234
diffusion_datasets/guided/1_fake/gmjuidkgzm.png,guided,1,0.004769546539319889
diffusion_datasets/guided/1_fake/fwqtzyeait.png,guided,1,0.09576729722271234
diffusion_datasets/guided/1_fake/rrcbbbylog.png,guided,1,0.00017345360869163966
diffusion_datasets/guided/1_fake/wbcncldemw.png,guided,1,0.0476779136649928
diffusion_datasets/guided/1_fake/texcjvnjug.png,guided,1,0.34445042161292655
diffusion_datasets/guided/1_fake/flcafzqbyt.png,guided,1,0.0013135813441623012
diffusion_datasets/guided/1_fake/cnthnmxcwh.png,guided,1,0.0005928682756052054
diffusion_datasets/guided/1_fake/ceyagwkqcf.png,guided,1,0.002934976311667468
diffusion_datasets/guided/1_fake/wyyltkwttn.png,guided,1,0.005760578024964634
diffusion_datasets/guided/1_fake/drnfeijjlp.png,guided,1,0.19800435717105472
diffusion_datasets/guided/1_fake/usxygmfmlb.png,guided,1,0.0007861292874760112
diffusion_datasets/guided/1_fake/nnuuhindgj.png,guided,1,0.00011698762041627543
diffusion_datasets/guided/1_fake/nfysclasrr.png,guided,1,0.01081988452122908
diffusion_datasets/guided/1_fake/oucmaedfum.png,guided,1,0.04688667272249386
diffusion_datasets/guided/1_fake/oqgbxaotgn.png,guided,1,0.0002834957561906353
diffusion_datasets/guided/1_fake/khmsldutff.png,guided,1,0.99295913076064
diffusion_datasets/guided/1_fake/qwawgjhkcz.png,guided,1,0.02118573806022712
diffusion_datasets/guided/1_fake/kyrjicorfj.png,guided,1,0.004953466523742094
diffusion_datasets/guided/1_fake/pccthywpgs.png,guided,1,0.00860745409179052
diffusion_datasets/guided/1_fake/nmdxktenko.png,guided,1,0.0944399597970649
diffusion_datasets/guided/1_fake/zxnpcvwbfb.png,guided,1,0.02115758803431106
diffusion_datasets/guided/1_fake/swhkqaywlh.png,guided,1,0.008255604704033479
diffusion_datasets/guided/1_fake/jzcptodnmr.png,guided,1,0.0710134660088789
diffusion_datasets/guided/1_fake/kpmxquicco.png,guided,1,0.0066526473321177285
diffusion_datasets/guided/1_fake/nhlzsfyryf.png,guided,1,0.0664165017716296
diffusion_datasets/guided/1_fake/eayzvzrytx.png,guided,1,0.07583728790634953
diffusion_datasets/guided/1_fake/mqzlaxdcyf.png,guided,1,0.3057172213003802
diffusion_datasets/guided/1_fake/lxjrxqzveb.png,guided,1,0.0004221972514954482
diffusion_datasets/guided/1_fake/tgihtkfpyi.png,guided,1,0.00015043927651258487
diffusion_datasets/guided/1_fake/rzvoxvfpaz.png,guided,1,0.011175843647755698
diffusion_datasets/guided/1_fake/kguycdreay.png,guided,1,0.7008574085387014
diffusion_datasets/guided/1_fake/ewspkgvjkv.png,guided,1,0.00010664861902508596
diffusion_datasets/guided/1_fake/gckzbyionz.png,guided,1,0.8504188971832168
diffusion_datasets/guided/1_fake/zoxknkpgoh.png,guided,1,0.00011713307011680825
diffusion_datasets/guided/1_fake/qjrpujocxn.png,guided,1,0.0019264186717680562
diffusion_datasets/guided/1_fake/uzunqwixgv.png,guided,1,0.9645388043349957
diffusion_datasets/guided/1_fake/bqcltegxdf.png,guided,1,0.018130631165594033
diffusion_datasets/guided/1_fake/sinwhncecv.png,guided,1,0.01971779194087648
diffusion_datasets/guided/1_fake/xyhvtzywzh.png,guided,1,4.280773381497642e-05
diffusion_datasets/guided/1_fake/wsreukpzwe.png,guided,1,0.0006759307190061695
diffusion_datasets/guided/1_fake/kvaphythne.png,guided,1,0.0012160990021334132
diffusion_datasets/guided/1_fake/fzrimmsozw.png,guided,1,0.0008088613413823166
diffusion_datasets/guided/1_fake/flzalpsilp.png,guided,1,0.0032520191380141076
diffusion_datasets/guided/1_fake/szebyvzlqt.png,guided,1,0.2541753957716508
diffusion_datasets/guided/1_fake/hwfugtliat.png,guided,1,0.04362757239433022
diffusion_datasets/guided/1_fake/qsuodtmksx.png,guided,1,0.0003267978756836865
diffusion_datasets/guided/1_fake/xbwwtavscv.png,guided,1,0.0011042860529337417
diffusion_datasets/guided/1_fake/ddeuvxknie.png,guided,1,2.8177841828400386e-05
diffusion_datasets/guided/1_fake/dexhjtncni.png,guided,1,0.006244696445344187
diffusion_datasets/guided/1_fake/lsvzbqhxgl.png,guided,1,0.0021633709864588018
diffusion_datasets/guided/1_fake/ajdylzvnwn.png,guided,1,0.0054088977264473235
diffusion_datasets/guided/1_fake/aoyyeorqer.png,guided,1,0.005183964648463156
diffusion_datasets/guided/1_fake/ahwxcijnxm.png,guided,1,0.021977634015104528
diffusion_datasets/guided/1_fake/kiimhjeatg.png,guided,1,1.919058304546232e-05
diffusion_datasets/guided/1_fake/bhlyixirpi.png,guided,1,0.09315038185477281
diffusion_datasets/guided/1_fake/gudshwhvvv.png,guided,1,0.0008302776878195232
diffusion_datasets/guided/1_fake/gbmtgdhzrx.png,guided,1,0.19295739515503094
diffusion_datasets/guided/1_fake/ypvdkreobg.png,guided,1,0.0006819759060895269
diffusion_datasets/guided/1_fake/sssvouruij.png,guided,1,0.3230161712652157
diffusion_datasets/guided/1_fake/ascyfbgfmn.png,guided,1,0.03876111391874663
diffusion_datasets/guided/1_fake/zbnbosutcn.png,guided,1,0.05787891071679698
diffusion_datasets/guided/1_fake/uxbuickkha.png,guided,1,0.00018974892073736344
diffusion_datasets/guided/1_fake/svpwqjhjbu.png,guided,1,0.0016326589474346663
diffusion_datasets/guided/1_fake/uvwnmuvfio.png,guided,1,0.36771200542502597
diffusion_datasets/guided/1_fake/ykhbfkbqqc.png,guided,1,0.35361919005380577
diffusion_datasets/guided/1_fake/mijuwhirnm.png,guided,1,0.11452220882576732
diffusion_datasets/guided/1_fake/pbdegkyycl.png,guided,1,0.07960085721460847
diffusion_datasets/guided/1_fake/cxjsjqusph.png,guided,1,0.00011569710811806127
diffusion_datasets/guided/1_fake/gllomgthtj.png,guided,1,0.000345139423779
diffusion_datasets/guided/1_fake/utlevcsfzc.png,guided,1,0.48873833673719735
diffusion_datasets/guided/1_fake/wfyfdsoqjb.png,guided,1,0.0018634471907036558
diffusion_datasets/guided/1_fake/ywjlbpxbjz.png,guided,1,0.1155194348990625
diffusion_datasets/guided/1_fake/cjmyrxrisl.png,guided,1,0.0095767004886735
diffusion_datasets/guided/1_fake/onojezltok.png,guided,1,0.6486673818069507
diffusion_datasets/guided/1_fake/gxexzzlcld.png,guided,1,0.061108471549996914
diffusion_datasets/guided/1_fake/iwsairnpes.png,guided,1,0.00015131593735302694
diffusion_datasets/guided/1_fake/bobirihsmf.png,guided,1,0.0007014293184456554
diffusion_datasets/guided/1_fake/wrplkwvjrk.png,guided,1,0.00042534834338054436
diffusion_datasets/guided/1_fake/annkzxvqsz.png,guided,1,0.011553300941195882
diffusion_datasets/guided/1_fake/gcenmxpfnz.png,guided,1,0.15691885829263696
diffusion_datasets/guided/1_fake/jykjuscrhb.png,guided,1,0.45075120863380996
diffusion_datasets/guided/1_fake/lcyxnaodgl.png,guided,1,0.0028692131959529347
diffusion_datasets/guided/1_fake/tigzfxjaeg.png,guided,1,3.844564416442958e-05
diffusion_datasets/guided/1_fake/oqlgvyltdu.png,guided,1,0.0001881408691457029
diffusion_datasets/guided/1_fake/kqtezbdvua.png,guided,1,0.0007533807287118345
diffusion_datasets/guided/1_fake/vumdsauhht.png,guided,1,0.0010853052091320675
diffusion_datasets/guided/1_fake/nhlvajciai.png,guided,1,0.0031497436591824243
diffusion_datasets/guided/1_fake/kysxvylzkk.png,guided,1,0.10682833312219238
diffusion_datasets/guided/1_fake/dawfktkzad.png,guided,1,0.10086609297126956
diffusion_datasets/guided/1_fake/zchftlmgnh.png,guided,1,0.006087281320140626
diffusion_datasets/guided/1_fake/dojapmtjlo.png,guided,1,0.7225721504389255
diffusion_datasets/guided/1_fake/eqndltlggi.png,guided,1,0.0026323504628614387
diffusion_datasets/guided/1_fake/mfoxhwrofa.png,guided,1,0.9365371848045559
diffusion_datasets/guided/1_fake/pieahxylhf.png,guided,1,0.06675069863240929
diffusion_datasets/guided/1_fake/rxsgddveyy.png,guided,1,0.06692895425322756
diffusion_datasets/guided/1_fake/uvsazktssr.png,guided,1,0.3513777588379279
diffusion_datasets/guided/1_fake/pptvyzosrk.png,guided,1,0.000706304880265678
diffusion_datasets/guided/1_fake/lzgwytfbdh.png,guided,1,0.2964820179472114
diffusion_datasets/guided/1_fake/truenadnmf.png,guided,1,0.07805588824442504
diffusion_datasets/guided/1_fake/tecfsxrdsg.png,guided,1,0.0013877772841044901
diffusion_datasets/guided/1_fake/pwvremoaiz.png,guided,1,0.007789883008818699
diffusion_datasets/guided/1_fake/hkjmvhgmso.png,guided,1,0.003828876271396873
diffusion_datasets/guided/1_fake/dldztvvwrt.png,guided,1,0.00014521354075260553
diffusion_datasets/guided/1_fake/uesrfqrmys.png,guided,1,0.3046787082001266
diffusion_datasets/guided/1_fake/phqxvaxgfc.png,guided,1,0.5360567764933154
diffusion_datasets/guided/1_fake/eecrzmaxjv.png,guided,1,0.005767995769788706
diffusion_datasets/guided/1_fake/auannvrmrm.png,guided,1,0.05098190357643965
diffusion_datasets/guided/1_fake/qvxgfrmtjl.png,guided,1,0.9514174586518404
diffusion_datasets/guided/1_fake/wxmydpmpup.png,guided,1,0.0019592421422728185
diffusion_datasets/guided/1_fake/owymrcrmoo.png,guided,1,0.00022499956674077644
diffusion_datasets/guided/1_fake/gwwprxqtre.png,guided,1,0.09852833621709635
diffusion_datasets/guided/1_fake/izmzwnwzxb.png,guided,1,0.8548811270037653
diffusion_datasets/guided/1_fake/mbtqfbwlry.png,guided,1,0.0021886891327543845
diffusion_datasets/guided/1_fake/bfczagsxfw.png,guided,1,0.004070510539045691
diffusion_datasets/guided/1_fake/fpjptmloys.png,guided,1,2.6872311667656105e-10
diffusion_datasets/guided/1_fake/rsekavebcp.png,guided,1,4.546780623385316e-06
diffusion_datasets/guided/1_fake/wsbyyiugsn.png,guided,1,0.03764925846375864
diffusion_datasets/guided/1_fake/aynkpajrmy.png,guided,1,0.005271597878009981
diffusion_datasets/guided/1_fake/hhmqvefsdm.png,guided,1,0.535898589699713
diffusion_datasets/guided/1_fake/ypdjyjlopx.png,guided,1,6.369004708595713e-05
diffusion_datasets/guided/1_fake/ranqpkoerl.png,guided,1,0.004684978681212325
diffusion_datasets/guided/1_fake/olecerouzv.png,guided,1,0.007801325147544194
diffusion_datasets/guided/1_fake/xmppkkdynh.png,guided,1,0.004220360828317035
diffusion_datasets/guided/1_fake/csvtttfwut.png,guided,1,0.9438838235515116
diffusion_datasets/guided/1_fake/owbarkgfyc.png,guided,1,0.21690951351477897
diffusion_datasets/guided/1_fake/fuqmkbouip.png,guided,1,1.1250471119585705e-05
diffusion_datasets/guided/1_fake/jpkbhfmhql.png,guided,1,7.121743745155792e-05
diffusion_datasets/guided/1_fake/txviitvyvk.png,guided,1,0.041512951615272194
diffusion_datasets/guided/1_fake/mgeezotzdw.png,guided,1,1.2577159443590978e-05
diffusion_datasets/guided/1_fake/cubsnkbrrm.png,guided,1,0.013759881202812215
diffusion_datasets/guided/1_fake/pxefeippis.png,guided,1,0.0026997407854835987
diffusion_datasets/guided/1_fake/edqamoutbf.png,guided,1,0.06970420062918062
diffusion_datasets/guided/1_fake/yfxdzkbfpk.png,guided,1,0.00011478937523904502
diffusion_datasets/guided/1_fake/dimuqznulw.png,guided,1,0.006446391291759451
diffusion_datasets/guided/1_fake/psvhorutyv.png,guided,1,1.5763262177699497e-05
diffusion_datasets/guided/1_fake/albdpubxka.png,guided,1,0.004095795425142674
diffusion_datasets/guided/1_fake/oulguvnvpq.png,guided,1,0.8857050971636771
diffusion_datasets/guided/1_fake/fnqlfrabai.png,guided,1,0.0006390040884801868
diffusion_datasets/guided/1_fake/osigoexsbv.png,guided,1,9.421144967315248e-05
diffusion_datasets/guided/1_fake/dncoarxujc.png,guided,1,0.003016260814369249
diffusion_datasets/guided/1_fake/joshvzhgck.png,guided,1,0.01884803606709003
diffusion_datasets/guided/1_fake/wnjjxqinho.png,guided,1,0.004886019303740941
diffusion_datasets/guided/1_fake/nytqcbcfth.png,guided,1,0.006812216188575159
diffusion_datasets/guided/1_fake/iqruwytkxd.png,guided,1,2.5080152445567478e-06
diffusion_datasets/guided/1_fake/toteczliil.png,guided,1,0.011322887734296705
diffusion_datasets/guided/1_fake/mobwrxioai.png,guided,1,0.8980608051573458
diffusion_datasets/guided/1_fake/dsxuevcdxk.png,guided,1,0.0018047406297134992
diffusion_datasets/guided/1_fake/hxfciehznr.png,guided,1,0.029716985415728123
diffusion_datasets/guided/1_fake/blaonzaskp.png,guided,1,0.027354578510152605
diffusion_datasets/guided/1_fake/bicflvshvw.png,guided,1,0.001988130953904926
diffusion_datasets/guided/1_fake/temvvnfwvq.png,guided,1,4.494711110931525e-05
diffusion_datasets/guided/1_fake/isrzfmrbjo.png,guided,1,0.0804590203599005
diffusion_datasets/guided/1_fake/wpptcqobpu.png,guided,1,0.01472379912851542
diffusion_datasets/guided/1_fake/vrffpjmuir.png,guided,1,0.002524763915059052
diffusion_datasets/guided/1_fake/vcsznknzhw.png,guided,1,0.44746746481411187
diffusion_datasets/guided/1_fake/mfzrfiyjrf.png,guided,1,0.004851664643185408
diffusion_datasets/guided/1_fake/sndlxnwwey.png,guided,1,0.0010188914856142975
diffusion_datasets/guided/1_fake/uyrgewsxvy.png,guided,1,0.42509383574633786
diffusion_datasets/guided/1_fake/odhzcmznnr.png,guided,1,0.002502188159570965
diffusion_datasets/guided/1_fake/czkhjnfjgr.png,guided,1,0.040847824702507654
diffusion_datasets/guided/1_fake/splerbaidx.png,guided,1,0.05030369319484191
diffusion_datasets/guided/1_fake/yaaqlxnzhi.png,guided,1,0.019794640123517043
diffusion_datasets/guided/1_fake/kszghluqlw.png,guided,1,0.00563089743560905
diffusion_datasets/guided/1_fake/aakydlwfer.png,guided,1,0.0037890637076572584
diffusion_datasets/guided/1_fake/vwrsjumkmz.png,guided,1,5.402590630761586e-05
diffusion_datasets/guided/1_fake/stnicrfcsk.png,guided,1,8.238892404961806e-05
diffusion_datasets/guided/1_fake/niehixqsig.png,guided,1,0.0024003672600042404
diffusion_datasets/guided/1_fake/wqvahtytps.png,guided,1,0.0001475969251420509
diffusion_datasets/guided/1_fake/fegqolkrls.png,guided,1,2.4415866628894975e-05
diffusion_datasets/guided/1_fake/bbmeviacjm.png,guided,1,0.008429414410703643
diffusion_datasets/guided/1_fake/hgcafbxres.png,guided,1,0.0003586296446268697
diffusion_datasets/guided/1_fake/spuypppvyh.png,guided,1,0.001739343484600393
diffusion_datasets/guided/1_fake/htqmkwgkwb.png,guided,1,6.964784136598984e-05
diffusion_datasets/guided/1_fake/jqnuoffbtb.png,guided,1,0.02920092799346767
diffusion_datasets/guided/1_fake/rpwhvvwxag.png,guided,1,0.008537118043651723
diffusion_datasets/guided/1_fake/uwzfugbfno.png,guided,1,0.0004195429336245125
diffusion_datasets/guided/1_fake/sswokizojd.png,guided,1,0.02930142192501494
diffusion_datasets/guided/1_fake/nuhcuxjnpx.png,guided,1,0.0013930570078346197
diffusion_datasets/guided/1_fake/ftobdflmuz.png,guided,1,0.002338375695396941
diffusion_datasets/guided/1_fake/tuptxvyplv.png,guided,1,0.0010804065291155642
diffusion_datasets/guided/1_fake/htpewtqebr.png,guided,1,0.07867137907397828
diffusion_datasets/guided/1_fake/kkxuptmzof.png,guided,1,0.9621220080654345
diffusion_datasets/guided/1_fake/echehlitmr.png,guided,1,0.02316068894042884
diffusion_datasets/guided/1_fake/gtidkpfxcc.png,guided,1,0.9077191928299713
diffusion_datasets/guided/1_fake/ycojahdoqs.png,guided,1,0.20244118479931023
diffusion_datasets/guided/1_fake/attqnlwqgz.png,guided,1,0.908701934467549
diffusion_datasets/guided/1_fake/ztytemyoxv.png,guided,1,0.0025771790143991665
diffusion_datasets/guided/1_fake/pcwvbmjrea.png,guided,1,0.5480104359094536
diffusion_datasets/guided/1_fake/hzsujxzlcn.png,guided,1,2.453412855632758e-05
diffusion_datasets/guided/1_fake/kxwkjgbtdq.png,guided,1,0.9895588709414009
diffusion_datasets/guided/1_fake/mqbzprykrc.png,guided,1,0.001205049534718559
diffusion_datasets/guided/1_fake/wekyyrslyw.png,guided,1,0.2782772621001473
diffusion_datasets/guided/1_fake/sxbfuikltb.png,guided,1,0.0001809476089506759
diffusion_datasets/guided/1_fake/hajmuavfdr.png,guided,1,5.11745811920063e-05
diffusion_datasets/guided/1_fake/qaafihkbbk.png,guided,1,0.042557260776098185
diffusion_datasets/guided/1_fake/hzfxwrmqch.png,guided,1,0.004022113188440186
diffusion_datasets/guided/1_fake/ftojusbwcq.png,guided,1,0.0021257909124869196
diffusion_datasets/guided/1_fake/vsocilgayn.png,guided,1,0.06095450782309082
diffusion_datasets/guided/1_fake/npgjxoaxcz.png,guided,1,0.010944631664463208
diffusion_datasets/guided/1_fake/ikesdclcne.png,guided,1,0.0018210185837943848
diffusion_datasets/guided/1_fake/ovjpkblzon.png,guided,1,0.0024027477376929044
diffusion_datasets/guided/1_fake/rzkutenljp.png,guided,1,0.000933052322432834
diffusion_datasets/guided/1_fake/cubclpdlyb.png,guided,1,0.003305951634425396
diffusion_datasets/guided/1_fake/smmiazxocc.png,guided,1,0.0022061405560167904
diffusion_datasets/guided/1_fake/kqmbpossfq.png,guided,1,0.01843388440493136
diffusion_datasets/guided/1_fake/yhwhnweccm.png,guided,1,0.0003466273261769282
diffusion_datasets/guided/1_fake/ogjsxmnkxw.png,guided,1,0.0005018571380198293
diffusion_datasets/guided/1_fake/xaetznfnpu.png,guided,1,0.00018646209253841685
diffusion_datasets/guided/1_fake/olxtdigiux.png,guided,1,0.108791855660373
diffusion_datasets/guided/1_fake/bvbspxdfxz.png,guided,1,0.0032292487614841692
diffusion_datasets/guided/1_fake/vwsjebonhl.png,guided,1,0.006236938925905561
diffusion_datasets/guided/1_fake/tvdnjojlmh.png,guided,1,0.07289243877665393
diffusion_datasets/guided/1_fake/abzfomfxjd.png,guided,1,0.0005469507318502589
diffusion_datasets/guided/1_fake/cqxwvqbknx.png,guided,1,0.0010079185959406697
diffusion_datasets/guided/1_fake/xhhbffrquk.png,guided,1,0.021939602559304064
diffusion_datasets/guided/1_fake/ccbrpvitlb.png,guided,1,0.02186208302380771
diffusion_datasets/guided/1_fake/mykongsfgc.png,guided,1,0.0009339747360622957
diffusion_datasets/guided/1_fake/ybihqfczqf.png,guided,1,0.0004848650541274142
diffusion_datasets/guided/1_fake/obmkmjnvet.png,guided,1,0.12686451049344913
diffusion_datasets/guided/1_fake/crqwxhlcfy.png,guided,1,3.32020943180901e-05
diffusion_datasets/guided/1_fake/vmrobijbmc.png,guided,1,0.0011949231451536151
diffusion_datasets/guided/1_fake/mcsihazpje.png,guided,1,0.5814021838235638
diffusion_datasets/guided/1_fake/lsmostdlua.png,guided,1,0.7802540137834101
diffusion_datasets/guided/1_fake/qejahcqthz.png,guided,1,0.07537043396287386
diffusion_datasets/guided/1_fake/wmgazqjjux.png,guided,1,0.001960647417182562
diffusion_datasets/guided/1_fake/oovxyyombs.png,guided,1,0.0006898618642020578
diffusion_datasets/guided/1_fake/qgdbbafuhn.png,guided,1,0.0006410436243817092
diffusion_datasets/guided/1_fake/jjplgayvlc.png,guided,1,0.0037429469321712304
diffusion_datasets/guided/1_fake/xfhgbduucl.png,guided,1,1.3665152440084978e-05
diffusion_datasets/guided/1_fake/vlwnndwtuh.png,guided,1,0.001300077036072128
diffusion_datasets/guided/1_fake/dtvfjwtgbk.png,guided,1,0.010777140261903663
diffusion_datasets/guided/1_fake/rxrwofckks.png,guided,1,0.0015559043007750484
diffusion_datasets/guided/1_fake/xdpqtpwyiz.png,guided,1,8.265608705792022e-05
diffusion_datasets/guided/1_fake/iojhamvzyv.png,guided,1,5.341216051371684e-05
diffusion_datasets/guided/1_fake/vsivgpmche.png,guided,1,0.03330167792862131
diffusion_datasets/guided/1_fake/lxdnodpvuz.png,guided,1,0.21275049114752095
diffusion_datasets/guided/1_fake/jezexlfhiq.png,guided,1,0.0006175068258645573
diffusion_datasets/guided/1_fake/utfokfmmbf.png,guided,1,0.03361493257530657
diffusion_datasets/guided/1_fake/ilaptngbkl.png,guided,1,0.0005630327006785551
diffusion_datasets/guided/1_fake/tvhyjyjvbi.png,guided,1,0.09841650910159307
diffusion_datasets/guided/1_fake/ivswfntzwh.png,guided,1,0.025113365189550884
diffusion_datasets/guided/1_fake/mszjipjvvf.png,guided,1,0.9109058359737768
diffusion_datasets/guided/1_fake/osrdcrocjh.png,guided,1,0.058386684972472055
diffusion_datasets/guided/1_fake/pirwlvliku.png,guided,1,0.0018569634221192515
diffusion_datasets/guided/1_fake/znxaufdjpv.png,guided,1,0.0007359478498483856
diffusion_datasets/guided/1_fake/gnjefwyemy.png,guided,1,0.3940169459258225
diffusion_datasets/guided/1_fake/tptqwsoovh.png,guided,1,2.7649153892936218e-05
diffusion_datasets/guided/1_fake/qvldneoiwj.png,guided,1,0.0032740961421952666
diffusion_datasets/guided/1_fake/mhaimbeqgl.png,guided,1,0.005254930635908382
diffusion_datasets/guided/1_fake/ftmhbluvwz.png,guided,1,0.0010580338087005162
diffusion_datasets/guided/1_fake/oertmmpfuq.png,guided,1,0.009750552386080611
diffusion_datasets/guided/1_fake/cyencgbdne.png,guided,1,0.6730518600054454
diffusion_datasets/guided/1_fake/dbifuulczh.png,guided,1,0.004047767969946619
diffusion_datasets/guided/1_fake/apdgetedbs.png,guided,1,2.5700598442958154e-06
diffusion_datasets/guided/1_fake/yfbwcnyvch.png,guided,1,0.0009065329800717846
diffusion_datasets/guided/1_fake/viwuulrpyk.png,guided,1,0.34516193540663026
diffusion_datasets/guided/1_fake/effiwpkvcy.png,guided,1,0.000411276073535233
diffusion_datasets/guided/1_fake/fneghrqtsf.png,guided,1,0.001824408138182015
diffusion_datasets/guided/1_fake/jvfamsvrme.png,guided,1,0.00022154415189372322
diffusion_datasets/guided/1_fake/xmyblzhwwh.png,guided,1,0.9804738120303712
diffusion_datasets/guided/1_fake/eqtzpzsbnp.png,guided,1,0.0006503206085794205
diffusion_datasets/guided/1_fake/hnzpgeledt.png,guided,1,0.023679268691407983
diffusion_datasets/guided/1_fake/plszaygqda.png,guided,1,0.0031006804583864848
diffusion_datasets/imagenet/0_real/kqhrtvmeux.JPEG,imagenet,0,0.008843364846816394
diffusion_datasets/imagenet/0_real/kqmbpossfq.JPEG,imagenet,0,8.435732375388528e-05
diffusion_datasets/imagenet/0_real/gacytxnrbg.JPEG,imagenet,0,0.6986689543252855
diffusion_datasets/imagenet/0_real/vblsrmonrr.JPEG,imagenet,0,0.0003559733441473641
diffusion_datasets/imagenet/0_real/qofcjlhwbv.JPEG,imagenet,0,1.6877164085034437e-05
diffusion_datasets/imagenet/0_real/khmsldutff.JPEG,imagenet,0,3.7005463935728048e-06
diffusion_datasets/imagenet/0_real/djumibnmaq.JPEG,imagenet,0,0.7807474403813062
diffusion_datasets/imagenet/0_real/lkwvbsljma.JPEG,imagenet,0,7.782262835841151e-05
diffusion_datasets/imagenet/0_real/sinwhncecv.JPEG,imagenet,0,0.01191906253622331
diffusion_datasets/imagenet/0_real/eowkckioii.JPEG,imagenet,0,0.0001603795533542594
diffusion_datasets/imagenet/0_real/segiubdggo.JPEG,imagenet,0,6.440428664577624e-05
diffusion_datasets/imagenet/0_real/gqpoiykvcs.JPEG,imagenet,0,0.008643944884260818
diffusion_datasets/imagenet/0_real/aqfnjpltvb.JPEG,imagenet,0,0.0022785416390377466
diffusion_datasets/imagenet/0_real/clnogwmxno.JPEG,imagenet,0,0.0001055904424957329
diffusion_datasets/imagenet/0_real/lttnaabznd.JPEG,imagenet,0,0.09662137017156397
diffusion_datasets/imagenet/0_real/eelzocmtws.JPEG,imagenet,0,1.794394960477566e-05
diffusion_datasets/imagenet/0_real/jsytpmwrvb.JPEG,imagenet,0,0.0068177446313721565
diffusion_datasets/imagenet/0_real/envczpiyds.JPEG,imagenet,0,0.9719446488666683
diffusion_datasets/imagenet/0_real/bqmyueubdu.JPEG,imagenet,0,0.0033050061969980733
diffusion_datasets/imagenet/0_real/hwfugtliat.JPEG,imagenet,0,0.0014372330263287083
diffusion_datasets/imagenet/0_real/iibymqusjk.JPEG,imagenet,0,0.25502692167076335
diffusion_datasets/imagenet/0_real/hnihvkmnje.JPEG,imagenet,0,1.2567215410843766e-05
diffusion_datasets/imagenet/0_real/jhcbtfuziq.JPEG,imagenet,0,0.00046336553489062624
diffusion_datasets/imagenet/0_real/ffduxyansq.JPEG,imagenet,0,0.00017276210234644444
diffusion_datasets/imagenet/0_real/qyjvmgdrmq.JPEG,imagenet,0,0.026725670283854305
diffusion_datasets/imagenet/0_real/tinlvxgqxw.JPEG,imagenet,0,0.013059808653685258
diffusion_datasets/imagenet/0_real/niehixqsig.JPEG,imagenet,0,0.0008039922825676155
diffusion_datasets/imagenet/0_real/gayjhkcdkw.JPEG,imagenet,0,3.5035165345312026e-05
diffusion_datasets/imagenet/0_real/ahbiztymlj.JPEG,imagenet,0,8.097925776539337e-05
diffusion_datasets/imagenet/0_real/bcdxmvfonp.JPEG,imagenet,0,6.797024907614212e-05
diffusion_datasets/imagenet/0_real/myypljgqkg.JPEG,imagenet,0,6.570517404817952e-06
diffusion_datasets/imagenet/0_real/lmbvfedfye.JPEG,imagenet,0,0.021391622296528835
diffusion_datasets/imagenet/0_real/npgjxoaxcz.JPEG,imagenet,0,0.00018276800761835404
diffusion_datasets/imagenet/0_real/wnjjxqinho.JPEG,imagenet,0,0.0010773567800188813
diffusion_datasets/imagenet/0_real/sneggiimdk.JPEG,imagenet,0,0.044140712301118254
diffusion_datasets/imagenet/0_real/tgihtkfpyi.JPEG,imagenet,0,0.00028980257989346064
diffusion_datasets/imagenet/0_real/arfbiucpar.JPEG,imagenet,0,5.801893825064708e-06
diffusion_datasets/imagenet/0_real/wrmxjiicmz.JPEG,imagenet,0,6.199342943487245e-06
diffusion_datasets/imagenet/0_real/tvhyjyjvbi.JPEG,imagenet,0,0.031015979054979947
diffusion_datasets/imagenet/0_real/kpmxquicco.JPEG,imagenet,0,0.011717702440912225
diffusion_datasets/imagenet/0_real/nvsdiqcxdc.JPEG,imagenet,0,0.009711632726261613
diffusion_datasets/imagenet/0_real/wfyfdsoqjb.JPEG,imagenet,0,0.005395917580796853
diffusion_datasets/imagenet/0_real/ftojusbwcq.JPEG,imagenet,0,0.001502327051290449
diffusion_datasets/imagenet/0_real/wqvahtytps.JPEG,imagenet,0,0.07365288798952528
diffusion_datasets/imagenet/0_real/crqwxhlcfy.JPEG,imagenet,0,6.372165277220735e-05
diffusion_datasets/imagenet/0_real/fzmzemtxkr.JPEG,imagenet,0,0.00027953636710721793
diffusion_datasets/imagenet/0_real/viwuulrpyk.JPEG,imagenet,0,0.0009959438102837446
diffusion_datasets/imagenet/0_real/uxbuickkha.JPEG,imagenet,0,3.0267691232495853e-05
diffusion_datasets/imagenet/0_real/yeysnhxrmp.JPEG,imagenet,0,4.71648139742267e-05
diffusion_datasets/imagenet/0_real/oegsdqwgax.JPEG,imagenet,0,0.0024843309410176382
diffusion_datasets/imagenet/0_real/dexbjiwpmb.JPEG,imagenet,0,0.0011166575500166766
diffusion_datasets/imagenet/0_real/lnavxqqxfa.JPEG,imagenet,0,0.0002652233745859945
diffusion_datasets/imagenet/0_real/psosqfwlqc.JPEG,imagenet,0,0.1009536899729043
diffusion_datasets/imagenet/0_real/yzkphttipt.JPEG,imagenet,0,0.001912466724564901
diffusion_datasets/imagenet/0_real/qvxgfrmtjl.JPEG,imagenet,0,0.00017601741760416963
diffusion_datasets/imagenet/0_real/xmppkkdynh.JPEG,imagenet,0,0.0008814002778286356
diffusion_datasets/imagenet/0_real/vtswogmbhi.JPEG,imagenet,0,0.015322007575985602
diffusion_datasets/imagenet/0_real/lavlfbgnkn.JPEG,imagenet,0,0.0014305314902293953
diffusion_datasets/imagenet/0_real/ftmhbluvwz.JPEG,imagenet,0,0.004124366177864321
diffusion_datasets/imagenet/0_real/oqargxuywp.JPEG,imagenet,0,0.0010748783925502712
diffusion_datasets/imagenet/0_real/krqkilakxw.JPEG,imagenet,0,7.136543637447229e-05
diffusion_datasets/imagenet/0_real/gcenmxpfnz.JPEG,imagenet,0,0.0021274555474980663
diffusion_datasets/imagenet/0_real/nmgqcqjyhs.JPEG,imagenet,0,1.881026589148709e-05
diffusion_datasets/imagenet/0_real/yytnnkmkun.JPEG,imagenet,0,0.00835445871330636
diffusion_datasets/imagenet/0_real/bsoomuiluf.JPEG,imagenet,0,0.00031552715778940515
diffusion_datasets/imagenet/0_real/fgizsruyxb.JPEG,imagenet,0,0.07864982347425685
diffusion_datasets/imagenet/0_real/orgateeurw.JPEG,imagenet,0,1.5601600810610334e-05
diffusion_datasets/imagenet/0_real/iqiospmdok.JPEG,imagenet,0,0.00666056379017443
diffusion_datasets/imagenet/0_real/yptdaozbuw.JPEG,imagenet,0,1.6174522898931137e-06
diffusion_datasets/imagenet/0_real/zdqmadvhbl.JPEG,imagenet,0,0.001782740016892186
diffusion_datasets/imagenet/0_real/dtoeuxdocm.JPEG,imagenet,0,0.00019986921468030831
diffusion_datasets/imagenet/0_real/tuptxvyplv.JPEG,imagenet,0,0.017728725053794497
diffusion_datasets/imagenet/0_real/rsiiuivgsv.JPEG,imagenet,0,0.006222006328194247
diffusion_datasets/imagenet/0_real/msujwlrujo.JPEG,imagenet,0,0.0001317767532619981
diffusion_datasets/imagenet/0_real/rlzfziqqrd.JPEG,imagenet,0,0.004343210689786205
diffusion_datasets/imagenet/0_real/oovxyyombs.JPEG,imagenet,0,2.150363669038845e-06
diffusion_datasets/imagenet/0_real/usipjcyjoy.JPEG,imagenet,0,1.0873453642620072e-05
diffusion_datasets/imagenet/0_real/wynbrdoyde.JPEG,imagenet,0,9.376632070374999e-06
diffusion_datasets/imagenet/0_real/marjmzmnja.JPEG,imagenet,0,0.25277653098342157
diffusion_datasets/imagenet/0_real/otvbonovtr.JPEG,imagenet,0,0.007377374622518226
diffusion_datasets/imagenet/0_real/bvbspxdfxz.JPEG,imagenet,0,0.008542245881171355
diffusion_datasets/imagenet/0_real/annkzxvqsz.JPEG,imagenet,0,0.006504454263663062
diffusion_datasets/imagenet/0_real/yqqmbglayb.JPEG,imagenet,0,0.0003295884927883038
diffusion_datasets/imagenet/0_real/drnfeijjlp.JPEG,imagenet,0,0.0009155596399933503
diffusion_datasets/imagenet/0_real/qyaknxvzwp.JPEG,imagenet,0,2.6621941370148416e-05
diffusion_datasets/imagenet/0_real/gzmbdszeyt.JPEG,imagenet,0,0.6460741488634583
diffusion_datasets/imagenet/0_real/ofgvdkgdnd.JPEG,imagenet,0,7.418274092498353e-05
diffusion_datasets/imagenet/0_real/lcaexbqxar.JPEG,imagenet,0,0.004377866878816552
diffusion_datasets/imagenet/0_real/rxrwofckks.JPEG,imagenet,0,5.313778707957417e-05
diffusion_datasets/imagenet/0_real/gkbjdvwiuz.JPEG,imagenet,0,4.339276505566344e-05
diffusion_datasets/imagenet/0_real/fksurkvzeg.JPEG,imagenet,0,0.00577032982532107
diffusion_datasets/imagenet/0_real/rlarzjlvnd.JPEG,imagenet,0,0.009174428857179034
diffusion_datasets/imagenet/0_real/sjigynomsm.JPEG,imagenet,0,0.005093187680433831
diffusion_datasets/imagenet/0_real/xdudczawtx.JPEG,imagenet,0,6.448782055450516e-05
diffusion_datasets/imagenet/0_real/xbgkvftfss.JPEG,imagenet,0,7.191509095015326e-05
diffusion_datasets/imagenet/0_real/whqsatsqum.JPEG,imagenet,0,0.00013568309642194334
diffusion_datasets/imagenet/0_real/qlqolbjcgb.JPEG,imagenet,0,4.86829893511052e-05
diffusion_datasets/imagenet/0_real/llmwutwhbl.JPEG,imagenet,0,2.1826867867630548e-05
diffusion_datasets/imagenet/0_real/sqtxlhaqbh.JPEG,imagenet,0,3.3310015790778035e-08
diffusion_datasets/imagenet/0_real/dexhjtncni.JPEG,imagenet,0,0.0051329243829890524
diffusion_datasets/imagenet/0_real/pcvfvfsxek.JPEG,imagenet,0,0.004733288528258273
diffusion_datasets/imagenet/0_real/mykongsfgc.JPEG,imagenet,0,0.005663524168144964
diffusion_datasets/imagenet/0_real/qngsmynlht.JPEG,imagenet,0,5.643007131707038e-06
diffusion_datasets/imagenet/0_real/qjrpujocxn.JPEG,imagenet,0,0.009129487398345838
diffusion_datasets/imagenet/0_real/pepkgtkonx.JPEG,imagenet,0,0.02207346046461233
diffusion_datasets/imagenet/0_real/rdtvftkyww.JPEG,imagenet,0,0.0006580870525454498
diffusion_datasets/imagenet/0_real/hcnhiyscgm.JPEG,imagenet,0,0.21735843281667414
diffusion_datasets/imagenet/0_real/vrffpjmuir.JPEG,imagenet,0,0.017168668001677736
diffusion_datasets/imagenet/0_real/qhnjseyjbw.JPEG,imagenet,0,0.0007437424644164912
diffusion_datasets/imagenet/0_real/ondtlaugas.JPEG,imagenet,0,0.00028372483718776454
diffusion_datasets/imagenet/0_real/ugrxyyeknx.JPEG,imagenet,0,0.012616070828392773
diffusion_datasets/imagenet/0_real/zzrnxnjzyx.JPEG,imagenet,0,4.478927267044776e-07
diffusion_datasets/imagenet/0_real/leadpebgwn.JPEG,imagenet,0,0.007646472560371342
diffusion_datasets/imagenet/0_real/mltvjsqnjm.JPEG,imagenet,0,2.7903161430744207e-05
diffusion_datasets/imagenet/0_real/wdxoxbbogy.JPEG,imagenet,0,2.0287477288441385e-05
diffusion_datasets/imagenet/0_real/ixykpgtooh.JPEG,imagenet,0,0.15375034278451255
diffusion_datasets/imagenet/0_real/sltdkynkrd.JPEG,imagenet,0,0.008790610530714588
diffusion_datasets/imagenet/0_real/pirwlvliku.JPEG,imagenet,0,0.000520724414772984
diffusion_datasets/imagenet/0_real/xnesojheqr.JPEG,imagenet,0,7.696738916122349e-05
diffusion_datasets/imagenet/0_real/onojezltok.JPEG,imagenet,0,0.165633725617946
diffusion_datasets/imagenet/0_real/cubsnkbrrm.JPEG,imagenet,0,0.0001728054665096115
diffusion_datasets/imagenet/0_real/gudshwhvvv.JPEG,imagenet,0,7.945975202608209e-05
diffusion_datasets/imagenet/0_real/touiowfclv.JPEG,imagenet,0,1.1178844499307306e-07
diffusion_datasets/imagenet/0_real/fjjzjquuqt.JPEG,imagenet,0,0.029079610036971595
diffusion_datasets/imagenet/0_real/jnifdomopt.JPEG,imagenet,0,0.00035258734189282635
diffusion_datasets/imagenet/0_real/hnfbzeaoqb.JPEG,imagenet,0,0.00022028748439417457
diffusion_datasets/imagenet/0_real/snkshpixle.JPEG,imagenet,0,7.655128656427734e-06
diffusion_datasets/imagenet/0_real/cvohxivzjd.JPEG,imagenet,0,0.0012024559539598099
diffusion_datasets/imagenet/0_real/cpyrataump.JPEG,imagenet,0,0.5019386712685395
diffusion_datasets/imagenet/0_real/uzslfnchhd.JPEG,imagenet,0,5.975385612273638e-06
diffusion_datasets/imagenet/0_real/aynkpajrmy.JPEG,imagenet,0,0.017785264815626582
diffusion_datasets/imagenet/0_real/cubclpdlyb.JPEG,imagenet,0,0.0028698640972175103
diffusion_datasets/imagenet/0_real/uvweqxeurs.JPEG,imagenet,0,0.25935429818594063
diffusion_datasets/imagenet/0_real/wpptcqobpu.JPEG,imagenet,0,0.6563951622753227
diffusion_datasets/imagenet/0_real/qgxnqynxwh.JPEG,imagenet,0,2.7558861974568118e-05
diffusion_datasets/imagenet/0_real/arnnhazyia.JPEG,imagenet,0,0.0001715508555182613
diffusion_datasets/imagenet/0_real/sxbfuikltb.JPEG,imagenet,0,0.04003720081051815
diffusion_datasets/imagenet/0_real/nypkpjmzri.JPEG,imagenet,0,0.0002606346295822252
diffusion_datasets/imagenet/0_real/vwsjebonhl.JPEG,imagenet,0,0.00021956078324101598
diffusion_datasets/imagenet/0_real/mfmhhrlxuy.JPEG,imagenet,0,3.317168043284706e-05
diffusion_datasets/imagenet/0_real/yhxjifarjw.JPEG,imagenet,0,5.639423310607868e-05
diffusion_datasets/imagenet/0_real/afwwethmvf.JPEG,imagenet,0,5.4256859544298154e-05
diffusion_datasets/imagenet/0_real/bkyusgjzud.JPEG,imagenet,0,1.083960228593385e-05
diffusion_datasets/imagenet/0_real/hnzpgeledt.JPEG,imagenet,0,0.0019069520481650544
diffusion_datasets/imagenet/0_real/uxbgzfafqm.JPEG,imagenet,0,0.0011177605424722817
diffusion_datasets/imagenet/0_real/bfczagsxfw.JPEG,imagenet,0,7.074438339773283e-05
diffusion_datasets/imagenet/0_real/slrtleyncm.JPEG,imagenet,0,1.7855035261440828e-06
diffusion_datasets/imagenet/0_real/llaiteusmv.JPEG,imagenet,0,0.004840345834590381
diffusion_datasets/imagenet/0_real/rzrzcujvqg.JPEG,imagenet,0,0.0011167888016110075
diffusion_datasets/imagenet/0_real/devyzpyxmr.JPEG,imagenet,0,0.00020751701432345044
diffusion_datasets/imagenet/0_real/bxfbgvlfqu.JPEG,imagenet,0,6.771747806159595e-05
diffusion_datasets/imagenet/0_real/pyydtwntke.JPEG,imagenet,0,9.826157163673227e-06
diffusion_datasets/imagenet/0_real/wdjkwiwroa.JPEG,imagenet,0,0.006997958030715741
diffusion_datasets/imagenet/0_real/gwfboomsuw.JPEG,imagenet,0,0.00012287152741203867
diffusion_datasets/imagenet/0_real/jhnbcswvmq.JPEG,imagenet,0,0.0006541027873672167
diffusion_datasets/imagenet/0_real/jecdlrpjba.JPEG,imagenet,0,0.00044427231815202854
diffusion_datasets/imagenet/0_real/stnicrfcsk.JPEG,imagenet,0,0.042241743018803256
diffusion_datasets/imagenet/0_real/czkhjnfjgr.JPEG,imagenet,0,0.00029335374442796127
diffusion_datasets/imagenet/0_real/ilaptngbkl.JPEG,imagenet,0,3.4382103335534976e-06
diffusion_datasets/imagenet/0_real/kwqbkshqjn.JPEG,imagenet,0,0.003350561601958764
diffusion_datasets/imagenet/0_real/utfokfmmbf.JPEG,imagenet,0,0.00042167369990986234
diffusion_datasets/imagenet/0_real/fvbwueqmmc.JPEG,imagenet,0,0.028949637491206045
diffusion_datasets/imagenet/0_real/slmgcnpjiz.JPEG,imagenet,0,0.03897765360699244
diffusion_datasets/imagenet/0_real/ygqiosrden.JPEG,imagenet,0,0.03279764814427888
diffusion_datasets/imagenet/0_real/lxdnodpvuz.JPEG,imagenet,0,6.079646012654805e-06
diffusion_datasets/imagenet/0_real/fuahrcqbgk.JPEG,imagenet,0,0.0005102211064618819
diffusion_datasets/imagenet/0_real/wedprdqjkr.JPEG,imagenet,0,1.7208269482789824e-06
diffusion_datasets/imagenet/0_real/smlabsrifo.JPEG,imagenet,0,9.54124825226534e-06
diffusion_datasets/imagenet/0_real/enrmnsxepz.JPEG,imagenet,0,0.0008297989805503912
diffusion_datasets/imagenet/0_real/ybbbdeihcf.JPEG,imagenet,0,0.007688138892192842
diffusion_datasets/imagenet/0_real/asxtxajrfc.JPEG,imagenet,0,0.0027576186258728473
diffusion_datasets/imagenet/0_real/eqndltlggi.JPEG,imagenet,0,0.03416296533230603
diffusion_datasets/imagenet/0_real/wotrziuyhj.JPEG,imagenet,0,0.0002493376609866441
diffusion_datasets/imagenet/0_real/xnidvmnavp.JPEG,imagenet,0,0.00758801130864834
diffusion_datasets/imagenet/0_real/qpjsgmteke.JPEG,imagenet,0,0.015493669944063905
diffusion_datasets/imagenet/0_real/mfcceezfwn.JPEG,imagenet,0,7.492223957841887e-06
diffusion_datasets/imagenet/0_real/bbdiioaqyn.JPEG,imagenet,0,0.1820071367870754
diffusion_datasets/imagenet/0_real/yvwtaordyd.JPEG,imagenet,0,6.421855183642051e-06
diffusion_datasets/imagenet/0_real/dbmufhmuzs.JPEG,imagenet,0,1.3856404428978643e-05
diffusion_datasets/imagenet/0_real/odyhbcgchi.JPEG,imagenet,0,0.0026021306992780775
diffusion_datasets/imagenet/0_real/shkxdbeqpn.JPEG,imagenet,0,0.011883874044717687
diffusion_datasets/imagenet/0_real/xdpqtpwyiz.JPEG,imagenet,0,0.0015945107123421704
diffusion_datasets/imagenet/0_real/vmlzuywhlr.JPEG,imagenet,0,0.04631966199768782
diffusion_datasets/imagenet/0_real/ivvevnakub.JPEG,imagenet,0,7.2263581223540745e-06
diffusion_datasets/imagenet/0_real/hzsujxzlcn.JPEG,imagenet,0,4.209948381230569e-06
diffusion_datasets/imagenet/0_real/ybpiflwjwj.JPEG,imagenet,0,0.0026364382083960856
diffusion_datasets/imagenet/0_real/sgnnltafbd.JPEG,imagenet,0,0.08617912768439417
diffusion_datasets/imagenet/0_real/fuqmkbouip.JPEG,imagenet,0,0.0006757143938802221
diffusion_datasets/imagenet/0_real/owavsapwhv.JPEG,imagenet,0,0.6548653979028648
diffusion_datasets/imagenet/0_real/gliascthpi.JPEG,imagenet,0,0.0032478983649267563
diffusion_datasets/imagenet/0_real/phqxvaxgfc.JPEG,imagenet,0,0.020057461008762476
diffusion_datasets/imagenet/0_real/owymrcrmoo.JPEG,imagenet,0,0.040341424695510775
diffusion_datasets/imagenet/0_real/qvizqxsbvw.JPEG,imagenet,0,1.4221629561971524e-07
diffusion_datasets/imagenet/0_real/vthfgmonzr.JPEG,imagenet,0,0.003592626296452991
diffusion_datasets/imagenet/0_real/lmrswyanpv.JPEG,imagenet,0,7.546518129707735e-06
diffusion_datasets/imagenet/0_real/fiejjmdcwg.JPEG,imagenet,0,0.006621655307457089
diffusion_datasets/imagenet/0_real/oqgbxaotgn.JPEG,imagenet,0,4.169726041511383e-06
diffusion_datasets/imagenet/0_real/imcwvnqwdv.JPEG,imagenet,0,0.0023673652962579498
diffusion_datasets/imagenet/0_real/psvmrypqai.JPEG,imagenet,0,0.0006341696747191771
diffusion_datasets/imagenet/0_real/okuolqaypa.JPEG,imagenet,0,0.0003774219653676679
diffusion_datasets/imagenet/0_real/cbmykoukdb.JPEG,imagenet,0,0.18787134233674646
diffusion_datasets/imagenet/0_real/mzuykzukvb.JPEG,imagenet,0,0.00036078341936388215
diffusion_datasets/imagenet/0_real/edqamoutbf.JPEG,imagenet,0,0.0021549545449913035
diffusion_datasets/imagenet/0_real/temvvnfwvq.JPEG,imagenet,0,1.0095352041069245e-05
diffusion_datasets/imagenet/0_real/vapzubzcvf.JPEG,imagenet,0,0.0002598028760205833
diffusion_datasets/imagenet/0_real/dhepjncjkt.JPEG,imagenet,0,0.0012570523022792633
diffusion_datasets/imagenet/0_real/lpvhehbmzv.JPEG,imagenet,0,0.22972365602759887
diffusion_datasets/imagenet/0_real/sbuowwvzjw.JPEG,imagenet,0,0.006424402005941797
diffusion_datasets/imagenet/0_real/eaesoxacae.JPEG,imagenet,0,5.486355218806785e-06
diffusion_datasets/imagenet/0_real/wsbyyiugsn.JPEG,imagenet,0,1.9425892721354116e-05
diffusion_datasets/imagenet/0_real/vqrdytkinp.JPEG,imagenet,0,0.0024515774319768904
diffusion_datasets/imagenet/0_real/lqrkxsvuvt.JPEG,imagenet,0,0.00011486375211751616
diffusion_datasets/imagenet/0_real/bwvinmojcw.JPEG,imagenet,0,0.0003759881110981173
diffusion_datasets/imagenet/0_real/zhkktdnkhl.JPEG,imagenet,0,0.024209689264307048
diffusion_datasets/imagenet/0_real/fegqolkrls.JPEG,imagenet,0,0.027078904833719854
diffusion_datasets/imagenet/0_real/jykjuscrhb.JPEG,imagenet,0,0.00014731261753547653
diffusion_datasets/imagenet/0_real/iwbpqeobxw.JPEG,imagenet,0,0.0008682709904629214
diffusion_datasets/imagenet/0_real/ijeyjgrtgr.JPEG,imagenet,0,0.08634962615816746
diffusion_datasets/imagenet/0_real/hsvrfsodig.JPEG,imagenet,0,0.00010849238840611724
diffusion_datasets/imagenet/0_real/mgeezotzdw.JPEG,imagenet,0,0.00047937269811340453
diffusion_datasets/imagenet/0_real/dhjedfczru.JPEG,imagenet,0,0.004602141404050072
diffusion_datasets/imagenet/0_real/kgmqyotoqo.JPEG,imagenet,0,0.043596012834046696
diffusion_datasets/imagenet/0_real/zwkapmobkx.JPEG,imagenet,0,5.8463993550509955e-06
diffusion_datasets/imagenet/0_real/jhnzthaool.JPEG,imagenet,0,0.00016167257629580618
diffusion_datasets/imagenet/0_real/pwhjtzqmis.JPEG,imagenet,0,0.0026415120176686464
diffusion_datasets/imagenet/0_real/jcbooxfwcy.JPEG,imagenet,0,1.252774713282877e-05
diffusion_datasets/imagenet/0_real/zzrybysskm.JPEG,imagenet,0,4.159498171442237e-09
diffusion_datasets/imagenet/0_real/hpmppyffov.JPEG,imagenet,0,0.0018826940960394577
diffusion_datasets/imagenet/0_real/fneghrqtsf.JPEG,imagenet,0,0.001514768829004885
diffusion_datasets/imagenet/0_real/iqijagswok.JPEG,imagenet,0,0.187952940985871
diffusion_datasets/imagenet/0_real/aieykhstre.JPEG,imagenet,0,1.1793652060115225e-05
diffusion_datasets/imagenet/0_real/fihznganle.JPEG,imagenet,0,1.507145160702545e-06
diffusion_datasets/imagenet/0_real/jxacexpmcn.JPEG,imagenet,0,0.00014352960020913854
diffusion_datasets/imagenet/0_real/gtjyzhcqoi.JPEG,imagenet,0,7.859803000761377e-05
diffusion_datasets/imagenet/0_real/pfvgbusewt.JPEG,imagenet,0,0.022820354140823392
diffusion_datasets/imagenet/0_real/onkjvikzsj.JPEG,imagenet,0,0.000685832289283406
diffusion_datasets/imagenet/0_real/kkqnltzvmr.JPEG,imagenet,0,0.0008116015935391558
diffusion_datasets/imagenet/0_real/cyencgbdne.JPEG,imagenet,0,0.008988467620976534
diffusion_datasets/imagenet/0_real/qdnqcoyzar.JPEG,imagenet,0,0.00271524687993502
diffusion_datasets/imagenet/0_real/ppufoaihkk.JPEG,imagenet,0,0.525020801399145
diffusion_datasets/imagenet/0_real/jirfxpsjiz.JPEG,imagenet,0,0.03564764511108435
diffusion_datasets/imagenet/0_real/utlevcsfzc.JPEG,imagenet,0,1.5572257053183457e-07
diffusion_datasets/imagenet/0_real/fmlqvsmgwg.JPEG,imagenet,0,0.0011194653145919218
diffusion_datasets/imagenet/0_real/guljtnkdnj.JPEG,imagenet,0,0.00696266981915496
diffusion_datasets/imagenet/0_real/ouirlfwsyx.JPEG,imagenet,0,4.262821635137096e-05
diffusion_datasets/imagenet/0_real/ybihqfczqf.JPEG,imagenet,0,2.8148699015258032e-06
diffusion_datasets/imagenet/0_real/surgjkswmj.JPEG,imagenet,0,0.09081930062884376
diffusion_datasets/imagenet/0_real/jqcakwrejy.JPEG,imagenet,0,4.650557731800708e-05
diffusion_datasets/imagenet/0_real/vispixnoqk.JPEG,imagenet,0,0.03399277513933679
diffusion_datasets/imagenet/0_real/yfnrrhachx.JPEG,imagenet,0,0.00011477557090820316
diffusion_datasets/imagenet/0_real/vftoepxxkj.JPEG,imagenet,0,4.1650035578718685e-05
diffusion_datasets/imagenet/0_real/wgmfkffpbs.JPEG,imagenet,0,0.6619821081843196
diffusion_datasets/imagenet/0_real/jhcimomcij.JPEG,imagenet,0,7.365570406971282e-07
diffusion_datasets/imagenet/0_real/vvdfxbwxxd.JPEG,imagenet,0,2.7483413807509127e-06
diffusion_datasets/imagenet/0_real/aesvfgnjye.JPEG,imagenet,0,0.0009062328581880169
diffusion_datasets/imagenet/0_real/vmouwpueqp.JPEG,imagenet,0,0.3963198987117009
diffusion_datasets/imagenet/0_real/imkvcjrnck.JPEG,imagenet,0,0.24282311490492897
diffusion_datasets/imagenet/0_real/ynescstwdk.JPEG,imagenet,0,2.7022456218466738e-05
diffusion_datasets/imagenet/0_real/lzletadhdl.JPEG,imagenet,0,0.03931519403817479
diffusion_datasets/imagenet/0_real/rpeighzltg.JPEG,imagenet,0,0.0013018852634069885
diffusion_datasets/imagenet/0_real/nwpodhovep.JPEG,imagenet,0,4.10679311465081e-05
diffusion_datasets/imagenet/0_real/djtbqkzsak.JPEG,imagenet,0,0.0018777845150310586
diffusion_datasets/imagenet/0_real/olxhrrlaut.JPEG,imagenet,0,0.06043132789659845
diffusion_datasets/imagenet/0_real/vrwfguctin.JPEG,imagenet,0,0.0023879285421196427
diffusion_datasets/imagenet/0_real/tbxpyvxjym.JPEG,imagenet,0,0.0008701898606204417
diffusion_datasets/imagenet/0_real/szkmirkryb.JPEG,imagenet,0,1.7380761631602404e-05
diffusion_datasets/imagenet/0_real/lvndezxcir.JPEG,imagenet,0,0.011072193049813587
diffusion_datasets/imagenet/0_real/ltwpiurdob.JPEG,imagenet,0,4.5335480896868475e-05
diffusion_datasets/imagenet/0_real/ypvdkreobg.JPEG,imagenet,0,0.0006300938036383836
diffusion_datasets/imagenet/0_real/ueoeojrsyj.JPEG,imagenet,0,0.4838929348986206
diffusion_datasets/imagenet/0_real/txviitvyvk.JPEG,imagenet,0,0.0294375200561135
diffusion_datasets/imagenet/0_real/ykhbfkbqqc.JPEG,imagenet,0,0.0003812261851642752
diffusion_datasets/imagenet/0_real/mfoxhwrofa.JPEG,imagenet,0,4.579295182009217e-05
diffusion_datasets/imagenet/0_real/wsbgevekgf.JPEG,imagenet,0,1.4823037166485776e-05
diffusion_datasets/imagenet/0_real/ewspkgvjkv.JPEG,imagenet,0,0.00017507923963975197
diffusion_datasets/imagenet/0_real/dpsfehmqme.JPEG,imagenet,0,0.00013079843667013777
diffusion_datasets/imagenet/0_real/nyrfgpglht.JPEG,imagenet,0,0.00025872189327595766
diffusion_datasets/imagenet/0_real/ywjlbpxbjz.JPEG,imagenet,0,0.0029079868840213258
diffusion_datasets/imagenet/0_real/wtzwjbopzy.JPEG,imagenet,0,0.2039886263176378
diffusion_datasets/imagenet/0_real/cxjsjqusph.JPEG,imagenet,0,0.00297764449969759
diffusion_datasets/imagenet/0_real/sevosnzutr.JPEG,imagenet,0,0.0021650960543047612
diffusion_datasets/imagenet/0_real/gaezkwugoh.JPEG,imagenet,0,1.524045617419933e-05
diffusion_datasets/imagenet/0_real/tigzfxjaeg.JPEG,imagenet,0,0.00022807827462893864
diffusion_datasets/imagenet/0_real/tqgzodmdpm.JPEG,imagenet,0,0.00011977737072485067
diffusion_datasets/imagenet/0_real/nejpnuzhor.JPEG,imagenet,0,0.007402325239628137
diffusion_datasets/imagenet/0_real/vsoitgrurd.JPEG,imagenet,0,0.02124849592104884
diffusion_datasets/imagenet/0_real/jroisduzzw.JPEG,imagenet,0,0.0005388971606521944
diffusion_datasets/imagenet/0_real/jvfamsvrme.JPEG,imagenet,0,0.04944217628518117
diffusion_datasets/imagenet/0_real/wcuupgwotu.JPEG,imagenet,0,0.037165451140133615
diffusion_datasets/imagenet/0_real/auannvrmrm.JPEG,imagenet,0,0.00208788959634913
diffusion_datasets/imagenet/0_real/qwawgjhkcz.JPEG,imagenet,0,0.10325375079686826
diffusion_datasets/imagenet/0_real/jrkctxyekx.JPEG,imagenet,0,0.0044154714609645875
diffusion_datasets/imagenet/0_real/fpjptmloys.JPEG,imagenet,0,0.005724161457385787
diffusion_datasets/imagenet/0_real/tibxcunvom.JPEG,imagenet,0,5.0927389253773464e-06
diffusion_datasets/imagenet/0_real/clutkoqhvu.JPEG,imagenet,0,0.07418040857741458
diffusion_datasets/imagenet/0_real/hhhwzgcieg.JPEG,imagenet,0,0.287920656382694
diffusion_datasets/imagenet/0_real/wrxxltdsxi.JPEG,imagenet,0,0.7393083155374941
diffusion_datasets/imagenet/0_real/aaksjqrtil.JPEG,imagenet,0,0.00013494179070533237
diffusion_datasets/imagenet/0_real/hypftiguck.JPEG,imagenet,0,5.059712992029094e-07
diffusion_datasets/imagenet/0_real/ywhajfzors.JPEG,imagenet,0,9.347716079599829e-07
diffusion_datasets/imagenet/0_real/fjxuybiebs.JPEG,imagenet,0,0.0016079885749861616
diffusion_datasets/imagenet/0_real/yrantjwhqk.JPEG,imagenet,0,0.00013971042648008706
diffusion_datasets/imagenet/0_real/hzfxwrmqch.JPEG,imagenet,0,7.23005417135934e-05
diffusion_datasets/imagenet/0_real/znxaufdjpv.JPEG,imagenet,0,0.03258354968720368
diffusion_datasets/imagenet/0_real/aahxgrlfqt.JPEG,imagenet,0,0.0025473219264335037
diffusion_datasets/imagenet/0_real/uydofqnwdz.JPEG,imagenet,0,0.00019022485998510818
diffusion_datasets/imagenet/0_real/eoacigirrk.JPEG,imagenet,0,0.00085357025808123
diffusion_datasets/imagenet/0_real/ohycivlfdy.JPEG,imagenet,0,2.0786333772350843e-05
diffusion_datasets/imagenet/0_real/bolqiuvdbo.JPEG,imagenet,0,0.0005527992685798111
diffusion_datasets/imagenet/0_real/bulfplvjow.JPEG,imagenet,0,0.0009614888253065973
diffusion_datasets/imagenet/0_real/osigoexsbv.JPEG,imagenet,0,8.09652160184552e-06
diffusion_datasets/imagenet/0_real/sjezxhpiwr.JPEG,imagenet,0,0.00016169349964668408
diffusion_datasets/imagenet/0_real/xfhgbduucl.JPEG,imagenet,0,0.0002481357225375377
diffusion_datasets/imagenet/0_real/ndjgpgfppo.JPEG,imagenet,0,0.010390618990595827
diffusion_datasets/imagenet/0_real/tknxjephgy.JPEG,imagenet,0,0.0001986041988041027
diffusion_datasets/imagenet/0_real/irwxnqcndk.JPEG,imagenet,0,0.000527046922965191
diffusion_datasets/imagenet/0_real/wzdhwjmvgy.JPEG,imagenet,0,2.69920805381817e-06
diffusion_datasets/imagenet/0_real/olxtdigiux.JPEG,imagenet,0,0.0006217027434134669
diffusion_datasets/imagenet/0_real/lxjrxqzveb.JPEG,imagenet,0,0.00024270785197944442
diffusion_datasets/imagenet/0_real/mubozyqcgp.JPEG,imagenet,0,0.001655568711761855
diffusion_datasets/imagenet/0_real/sxwaupvkta.JPEG,imagenet,0,0.0004785090146369645
diffusion_datasets/imagenet/0_real/zcaqqmomfv.JPEG,imagenet,0,0.000292945885761141
diffusion_datasets/imagenet/0_real/hsweljupee.JPEG,imagenet,0,0.14460175837476916
diffusion_datasets/imagenet/0_real/bnhkqppcfl.JPEG,imagenet,0,0.07440928758937222
diffusion_datasets/imagenet/0_real/bljmtryslc.JPEG,imagenet,0,0.00010850033091809778
diffusion_datasets/imagenet/0_real/dojapmtjlo.JPEG,imagenet,0,0.12499077801290559
diffusion_datasets/imagenet/0_real/qvldneoiwj.JPEG,imagenet,0,0.0003021137134158114
diffusion_datasets/imagenet/0_real/pcwvbmjrea.JPEG,imagenet,0,1.4087303037987916e-05
diffusion_datasets/imagenet/0_real/aakydlwfer.JPEG,imagenet,0,0.009877656202068253
diffusion_datasets/imagenet/0_real/zhkybzbekn.JPEG,imagenet,0,3.127449491051505e-05
diffusion_datasets/imagenet/0_real/jgyprvacek.JPEG,imagenet,0,0.006846860476904619
diffusion_datasets/imagenet/0_real/frrzmsczog.JPEG,imagenet,0,6.851403989694348e-05
diffusion_datasets/imagenet/0_real/ahwxcijnxm.JPEG,imagenet,0,0.0013148906120629023
diffusion_datasets/imagenet/0_real/xuzzmcdpux.JPEG,imagenet,0,0.0004113819693286056
diffusion_datasets/imagenet/0_real/ucxiudybpx.JPEG,imagenet,0,0.005174915949710362
diffusion_datasets/imagenet/0_real/dncoarxujc.JPEG,imagenet,0,3.435685053588826e-06
diffusion_datasets/imagenet/0_real/mqzlaxdcyf.JPEG,imagenet,0,8.16058867614674e-07
diffusion_datasets/imagenet/0_real/drpsdefmzh.JPEG,imagenet,0,0.0018652876735401197
diffusion_datasets/imagenet/0_real/tfdqevjhtk.JPEG,imagenet,0,0.00010731325288882946
diffusion_datasets/imagenet/0_real/mtclcgxdyh.JPEG,imagenet,0,0.010826358034053263
diffusion_datasets/imagenet/0_real/xvwgzjvahe.JPEG,imagenet,0,4.683562771586577e-05
diffusion_datasets/imagenet/0_real/ffubnjdhop.JPEG,imagenet,0,1.1998332094738029e-05
diffusion_datasets/imagenet/0_real/bicflvshvw.JPEG,imagenet,0,3.270479532345975e-05
diffusion_datasets/imagenet/0_real/flcafzqbyt.JPEG,imagenet,0,2.4562643431344165e-05
diffusion_datasets/imagenet/0_real/zatnelrcct.JPEG,imagenet,0,0.03106186562046156
diffusion_datasets/imagenet/0_real/qsndeimedb.JPEG,imagenet,0,1.0494887346471735e-05
diffusion_datasets/imagenet/0_real/kbpanibqgu.JPEG,imagenet,0,7.237549779489599e-08
diffusion_datasets/imagenet/0_real/wjvuvyodzv.JPEG,imagenet,0,0.0006243499476030877
diffusion_datasets/imagenet/0_real/agjsmczzat.JPEG,imagenet,0,0.001064846425048356
diffusion_datasets/imagenet/0_real/jckrxjozhx.JPEG,imagenet,0,0.0147643135215426
diffusion_datasets/imagenet/0_real/mbtqfbwlry.JPEG,imagenet,0,0.0009788182511973498
diffusion_datasets/imagenet/0_real/dsxuevcdxk.JPEG,imagenet,0,0.006507263986071686
diffusion_datasets/imagenet/0_real/jnrpfsvjdm.JPEG,imagenet,0,0.15100140014065544
diffusion_datasets/imagenet/0_real/gsjragxgrg.JPEG,imagenet,0,0.0005011179530426603
diffusion_datasets/imagenet/0_real/kyrjicorfj.JPEG,imagenet,0,8.542757427869494e-05
diffusion_datasets/imagenet/0_real/newahshtuc.JPEG,imagenet,0,1.7519742021624144e-05
diffusion_datasets/imagenet/0_real/hxayxhqfnz.JPEG,imagenet,0,7.297468942292874e-07
diffusion_datasets/imagenet/0_real/tbganwxklb.JPEG,imagenet,0,2.9653643845541957e-05
diffusion_datasets/imagenet/0_real/rtiaijvnif.JPEG,imagenet,0,0.0011361475129702961
diffusion_datasets/imagenet/0_real/dsxzmqgrfv.JPEG,imagenet,0,0.015040053712926622
diffusion_datasets/imagenet/0_real/owwrkfwvmg.JPEG,imagenet,0,0.013554642037694116
diffusion_datasets/imagenet/0_real/pukjffussu.JPEG,imagenet,0,0.10765256385004406
diffusion_datasets/imagenet/0_real/lvtmqaadzz.JPEG,imagenet,0,0.026987958513550982
diffusion_datasets/imagenet/0_real/qgdbbafuhn.JPEG,imagenet,0,0.024158804410029756
diffusion_datasets/imagenet/0_real/mqbzprykrc.JPEG,imagenet,0,0.00042602674917937384
diffusion_datasets/imagenet/0_real/ceyagwkqcf.JPEG,imagenet,0,0.0021059218774880806
diffusion_datasets/imagenet/0_real/wekyyrslyw.JPEG,imagenet,0,5.784047280777666e-05
diffusion_datasets/imagenet/0_real/vpokhpnoyy.JPEG,imagenet,0,0.0001684507799102496
diffusion_datasets/imagenet/0_real/yxdmgabgrh.JPEG,imagenet,0,0.9760934262419312
diffusion_datasets/imagenet/0_real/zoxknkpgoh.JPEG,imagenet,0,0.011134065820070543
diffusion_datasets/imagenet/0_real/ydufoinjbm.JPEG,imagenet,0,0.004944583372294223
diffusion_datasets/imagenet/0_real/kzaxlmhpyk.JPEG,imagenet,0,8.710951917580435e-05
diffusion_datasets/imagenet/0_real/ewldxwaqfh.JPEG,imagenet,0,0.0015794469383893965
diffusion_datasets/imagenet/0_real/ybpkzmxsoj.JPEG,imagenet,0,0.0011692874779591009
diffusion_datasets/imagenet/0_real/uzjbonpwla.JPEG,imagenet,0,0.9491348642556658
diffusion_datasets/imagenet/0_real/hjshyxnjca.JPEG,imagenet,0,0.1397530694775597
diffusion_datasets/imagenet/0_real/ttfwqkviia.JPEG,imagenet,0,0.00016001790753308068
diffusion_datasets/imagenet/0_real/shyyqqechu.JPEG,imagenet,0,5.422448943988024e-05
diffusion_datasets/imagenet/0_real/jabklaioxf.JPEG,imagenet,0,2.7370356026867836e-06
diffusion_datasets/imagenet/0_real/xnyhohvpna.JPEG,imagenet,0,0.018943706459428084
diffusion_datasets/imagenet/0_real/ikesdclcne.JPEG,imagenet,0,0.00495375328927393
diffusion_datasets/imagenet/0_real/njrelhtzux.JPEG,imagenet,0,0.00024198800625491995
diffusion_datasets/imagenet/0_real/lizvdcrrbp.JPEG,imagenet,0,1.1224303372049558e-06
diffusion_datasets/imagenet/0_real/albdpubxka.JPEG,imagenet,0,0.00012370078320834792
diffusion_datasets/imagenet/0_real/gfdekurnbz.JPEG,imagenet,0,0.74409217041487
diffusion_datasets/imagenet/0_real/pzvgfnoiln.JPEG,imagenet,0,0.03342194329178667
diffusion_datasets/imagenet/0_real/zchftlmgnh.JPEG,imagenet,0,0.023690424184426358
diffusion_datasets/imagenet/0_real/fwhacyybom.JPEG,imagenet,0,0.0011943412754862888
diffusion_datasets/imagenet/0_real/dbcoycuiyt.JPEG,imagenet,0,5.0078444806948196e-06
diffusion_datasets/imagenet/0_real/qsuodtmksx.JPEG,imagenet,0,0.0015749742825962784
diffusion_datasets/imagenet/0_real/zbnbosutcn.JPEG,imagenet,0,0.008374723850715433
diffusion_datasets/imagenet/0_real/muszivpifs.JPEG,imagenet,0,2.1546596264179578e-05
diffusion_datasets/imagenet/0_real/hlwefvuprq.JPEG,imagenet,0,0.0009358614127348544
diffusion_datasets/imagenet/0_real/nnylgyqsxs.JPEG,imagenet,0,0.0005313893171537333
diffusion_datasets/imagenet/0_real/qitcgxcdmj.JPEG,imagenet,0,0.14917410698081784
diffusion_datasets/imagenet/0_real/jgvhyrcgyx.JPEG,imagenet,0,0.00034536999884228985
diffusion_datasets/imagenet/0_real/ulpnibnvvc.JPEG,imagenet,0,0.14013796510627302
diffusion_datasets/imagenet/0_real/figfzyfhkt.JPEG,imagenet,0,0.004331469930441345
diffusion_datasets/imagenet/0_real/oyxvwvxuzr.JPEG,imagenet,0,0.001344757599736502
diffusion_datasets/imagenet/0_real/effiwpkvcy.JPEG,imagenet,0,0.010310724910326191
diffusion_datasets/imagenet/0_real/wipphellrw.JPEG,imagenet,0,0.001538544321119994
diffusion_datasets/imagenet/0_real/vipmyyceny.JPEG,imagenet,0,0.7558032788847776
diffusion_datasets/imagenet/0_real/ftobdflmuz.JPEG,imagenet,0,0.00032362140722666966
diffusion_datasets/imagenet/0_real/dldztvvwrt.JPEG,imagenet,0,0.0002504273927274728
diffusion_datasets/imagenet/0_real/nmdxktenko.JPEG,imagenet,0,1.3150156570927804e-07
diffusion_datasets/imagenet/0_real/yldbjbxfzj.JPEG,imagenet,0,0.0026911408930825795
diffusion_datasets/imagenet/0_real/oaepibbwpe.JPEG,imagenet,0,0.0005130078764753322
diffusion_datasets/imagenet/0_real/jdoqiuxxvj.JPEG,imagenet,0,7.312002776338326e-06
diffusion_datasets/imagenet/0_real/vlwnndwtuh.JPEG,imagenet,0,0.023614606042989376
diffusion_datasets/imagenet/0_real/gufjiiwgrf.JPEG,imagenet,0,2.0938237672702996e-05
diffusion_datasets/imagenet/0_real/werhusireg.JPEG,imagenet,0,0.00019238800118210285
diffusion_datasets/imagenet/0_real/nytqcbcfth.JPEG,imagenet,0,0.000757333317669854
diffusion_datasets/imagenet/0_real/tvdnjojlmh.JPEG,imagenet,0,0.00010532623476173372
diffusion_datasets/imagenet/0_real/mfzrfiyjrf.JPEG,imagenet,0,0.001505963509740625
diffusion_datasets/imagenet/0_real/znwafizosm.JPEG,imagenet,0,0.010701888906925928
diffusion_datasets/imagenet/0_real/ughldndbio.JPEG,imagenet,0,1.6677414209911534e-05
diffusion_datasets/imagenet/0_real/zkioiunenq.JPEG,imagenet,0,0.000914243912338002
diffusion_datasets/imagenet/0_real/echehlitmr.JPEG,imagenet,0,0.0003017895115346427
diffusion_datasets/imagenet/0_real/hvuyhhryut.JPEG,imagenet,0,0.002041943023197954
diffusion_datasets/imagenet/0_real/qhuylytsyy.JPEG,imagenet,0,5.2988127863854885e-06
diffusion_datasets/imagenet/0_real/dbifuulczh.JPEG,imagenet,0,0.003081254718461939
diffusion_datasets/imagenet/0_real/vsivgpmche.JPEG,imagenet,0,0.0034014218040859553
diffusion_datasets/imagenet/0_real/jhuyduptth.JPEG,imagenet,0,0.0015486128839153062
diffusion_datasets/imagenet/0_real/likeehktbp.JPEG,imagenet,0,1.1682580861244674e-06
diffusion_datasets/imagenet/0_real/ddeuvxknie.JPEG,imagenet,0,0.0024529622465759475
diffusion_datasets/imagenet/0_real/vwkbynfcdl.JPEG,imagenet,0,0.0019090770413272445
diffusion_datasets/imagenet/0_real/gropzgdcno.JPEG,imagenet,0,0.0016254687547095123
diffusion_datasets/imagenet/0_real/myjibkfcjw.JPEG,imagenet,0,0.0003952413210173255
diffusion_datasets/imagenet/0_real/ixyzaufrnr.JPEG,imagenet,0,0.01201513544178186
diffusion_datasets/imagenet/0_real/rakzbwxeme.JPEG,imagenet,0,0.0002297296795586839
diffusion_datasets/imagenet/0_real/xoxubdjnhe.JPEG,imagenet,0,1.1578059631043091e-05
diffusion_datasets/imagenet/0_real/htqmkwgkwb.JPEG,imagenet,0,1.0193079631662158e-07
diffusion_datasets/imagenet/0_real/yfbwcnyvch.JPEG,imagenet,0,1.644186052270588e-06
diffusion_datasets/imagenet/0_real/nvwywbybsj.JPEG,imagenet,0,0.0020469457312461865
diffusion_datasets/imagenet/0_real/heasqjcmsg.JPEG,imagenet,0,0.010293669017672508
diffusion_datasets/imagenet/0_real/pieahxylhf.JPEG,imagenet,0,0.012892382180249401
diffusion_datasets/imagenet/0_real/trssloofom.JPEG,imagenet,0,0.002276136965095582
diffusion_datasets/imagenet/0_real/dawfktkzad.JPEG,imagenet,0,0.00013134363077810766
diffusion_datasets/imagenet/0_real/pptvyzosrk.JPEG,imagenet,0,0.14730973748903878
diffusion_datasets/imagenet/0_real/aujwkgbadp.JPEG,imagenet,0,3.664408174140855e-07
diffusion_datasets/imagenet/0_real/jlmbbubxmr.JPEG,imagenet,0,0.00030750886937025294
diffusion_datasets/imagenet/0_real/aadlygmazf.JPEG,imagenet,0,8.151632234077839e-05
diffusion_datasets/imagenet/0_real/uesrfqrmys.JPEG,imagenet,0,2.054863064709298e-05
diffusion_datasets/imagenet/0_real/hkjmvhgmso.JPEG,imagenet,0,0.0003158851034718591
diffusion_datasets/imagenet/0_real/xsmkmdlmux.JPEG,imagenet,0,0.0004996591687701292
diffusion_datasets/imagenet/0_real/pjvqcnpfqy.JPEG,imagenet,0,0.03280604739604156
diffusion_datasets/imagenet/0_real/nuhcuxjnpx.JPEG,imagenet,0,0.00012245950652002926
diffusion_datasets/imagenet/0_real/oertmmpfuq.JPEG,imagenet,0,0.4701981789500728
diffusion_datasets/imagenet/0_real/xfblvcbesb.JPEG,imagenet,0,0.030677287775170148
diffusion_datasets/imagenet/0_real/nrglavnpuu.JPEG,imagenet,0,0.02917122826521654
diffusion_datasets/imagenet/0_real/rxsgddveyy.JPEG,imagenet,0,1.0322208517800585e-05
diffusion_datasets/imagenet/0_real/ajldduomvc.JPEG,imagenet,0,0.0033262972707480917
diffusion_datasets/imagenet/0_real/umhgkshvea.JPEG,imagenet,0,0.3192028186052313
diffusion_datasets/imagenet/0_real/sepihwqglu.JPEG,imagenet,0,0.039246934952835905
diffusion_datasets/imagenet/0_real/eufbtfldxd.JPEG,imagenet,0,0.007863548312817166
diffusion_datasets/imagenet/0_real/yinujujzud.JPEG,imagenet,0,0.0005975098056615404
diffusion_datasets/imagenet/0_real/cdjghtyvsn.JPEG,imagenet,0,0.026111672566695845
diffusion_datasets/imagenet/0_real/gwwimiekeh.JPEG,imagenet,0,0.00056664614494389
diffusion_datasets/imagenet/0_real/ajaqvfgsih.JPEG,imagenet,0,0.018529334859860754
diffusion_datasets/imagenet/0_real/aoyyeorqer.JPEG,imagenet,0,6.810357543212856e-06
diffusion_datasets/imagenet/0_real/gudkwzmgfo.JPEG,imagenet,0,0.00045217131635975975
diffusion_datasets/imagenet/0_real/smdvfqmevj.JPEG,imagenet,0,0.00038767750400474436
diffusion_datasets/imagenet/0_real/rhwouyajcq.JPEG,imagenet,0,0.0022254400413231376
diffusion_datasets/imagenet/0_real/njnnphhwll.JPEG,imagenet,0,0.00015931621831124092
diffusion_datasets/imagenet/0_real/tgkezflbjz.JPEG,imagenet,0,0.013516281475987919
diffusion_datasets/imagenet/0_real/kszghluqlw.JPEG,imagenet,0,0.01184193629973918
diffusion_datasets/imagenet/0_real/orgclftabd.JPEG,imagenet,0,9.626839198966583e-06
diffusion_datasets/imagenet/0_real/vuvkrfmrfw.JPEG,imagenet,0,0.005324584368782865
diffusion_datasets/imagenet/0_real/cspmbvyjpm.JPEG,imagenet,0,3.6828719725555853e-06
diffusion_datasets/imagenet/0_real/jkdydiqkym.JPEG,imagenet,0,0.012786418873137738
diffusion_datasets/imagenet/0_real/rtbrwgwkho.JPEG,imagenet,0,0.0015425280372194428
diffusion_datasets/imagenet/0_real/jgcuwqiqsa.JPEG,imagenet,0,0.00043970821256613594
diffusion_datasets/imagenet/0_real/pcaodmknyo.JPEG,imagenet,0,8.524579067858035e-05
diffusion_datasets/imagenet/0_real/rprdsmygod.JPEG,imagenet,0,0.059086207169855215
diffusion_datasets/imagenet/0_real/ztytemyoxv.JPEG,imagenet,0,6.576154931471165e-06
diffusion_datasets/imagenet/0_real/xjsfnrjtst.JPEG,imagenet,0,0.00258433031327177
diffusion_datasets/imagenet/0_real/xahepmkkki.JPEG,imagenet,0,0.0007817231692060692
diffusion_datasets/imagenet/0_real/hptzommwzk.JPEG,imagenet,0,0.009538733640228109
diffusion_datasets/imagenet/0_real/acpwmtyztu.JPEG,imagenet,0,0.0009545610185810836
diffusion_datasets/imagenet/0_real/kkxuptmzof.JPEG,imagenet,0,0.000999909952649222
diffusion_datasets/imagenet/0_real/csvtttfwut.JPEG,imagenet,0,0.14298492528221768
diffusion_datasets/imagenet/0_real/mocygqjmlh.JPEG,imagenet,0,0.0006798062291705601
diffusion_datasets/imagenet/0_real/nipnhttkcg.JPEG,imagenet,0,0.023401966696439024
diffusion_datasets/imagenet/0_real/ajdylzvnwn.JPEG,imagenet,0,0.0005971414261745681
diffusion_datasets/imagenet/0_real/vmrobijbmc.JPEG,imagenet,0,0.003080248884661414
diffusion_datasets/imagenet/0_real/sdbpzpettf.JPEG,imagenet,0,1.396394864104013e-06
diffusion_datasets/imagenet/0_real/vitzpaholy.JPEG,imagenet,0,0.0010004814710846488
diffusion_datasets/imagenet/0_real/hnsubaglth.JPEG,imagenet,0,0.004662360865665197
diffusion_datasets/imagenet/0_real/lqdjvtnjqn.JPEG,imagenet,0,0.00024307898233562051
diffusion_datasets/imagenet/0_real/szebyvzlqt.JPEG,imagenet,0,7.066664772804931e-05
diffusion_datasets/imagenet/0_real/iqruwytkxd.JPEG,imagenet,0,0.000627524740090568
diffusion_datasets/imagenet/0_real/xbwwtavscv.JPEG,imagenet,0,0.06462742270608764
diffusion_datasets/imagenet/0_real/vueczavslq.JPEG,imagenet,0,0.0008613203606796061
diffusion_datasets/imagenet/0_real/mijuwhirnm.JPEG,imagenet,0,0.0023542986697053145
diffusion_datasets/imagenet/0_real/hhmqvefsdm.JPEG,imagenet,0,2.0759948207330144e-07
diffusion_datasets/imagenet/0_real/gtqyrcambg.JPEG,imagenet,0,1.2776531446754279e-05
diffusion_datasets/imagenet/0_real/danyxpbnqf.JPEG,imagenet,0,0.0015372645187836387
diffusion_datasets/imagenet/0_real/zynieagnms.JPEG,imagenet,0,6.692376161603212e-06
diffusion_datasets/imagenet/0_real/rgnjmqxait.JPEG,imagenet,0,0.07243153155427474
diffusion_datasets/imagenet/0_real/wkkhoodytf.JPEG,imagenet,0,3.6922247247105292e-06
diffusion_datasets/laion/0_real/xvulqfblsf.jpg,laion,0,0.11249285087623247
diffusion_datasets/laion/0_real/bqeilhkbun.jpg,laion,0,0.1400326050955643
diffusion_datasets/laion/0_real/kguycdreay.jpg,laion,0,0.003796428878185761
diffusion_datasets/laion/0_real/bxfbgvlfqu.jpg,laion,0,2.8630495521983077e-05
diffusion_datasets/laion/0_real/qdnqcoyzar.jpg,laion,0,0.38711276220457136
diffusion_datasets/laion/0_real/idvfzzxvyh.jpg,laion,0,4.5338859299298016e-05
diffusion_datasets/laion/0_real/lvtmqaadzz.jpg,laion,0,0.9024994710998065
diffusion_datasets/laion/0_real/bghliglwng.jpg,laion,0,0.0002946213516066229
diffusion_datasets/laion/0_real/jqnuoffbtb.jpg,laion,0,3.262677296949047e-05
diffusion_datasets/laion/0_real/tvdnjojlmh.jpg,laion,0,0.5637742967246365
diffusion_datasets/laion/0_real/jkdydiqkym.jpg,laion,0,0.002943217266028238
diffusion_datasets/laion/0_real/oqlgvyltdu.jpg,laion,0,0.2941623164500075
diffusion_datasets/laion/0_real/yecvsijdsn.jpg,laion,0,0.03714078070965992
diffusion_datasets/laion/0_real/vfjqbhhdhb.jpg,laion,0,0.0665773523354409
diffusion_datasets/laion/0_real/rpeighzltg.jpg,laion,0,1.703978560791437e-05
diffusion_datasets/laion/0_real/nytqcbcfth.jpg,laion,0,0.45603324847194804
diffusion_datasets/laion/0_real/mtuopsldka.jpg,laion,0,0.19603749857895386
diffusion_datasets/laion/0_real/ayibbogxvl.jpg,laion,0,0.023330579558772314
diffusion_datasets/laion/0_real/kkxuptmzof.jpg,laion,0,0.024800210910612124
diffusion_datasets/laion/0_real/whqsatsqum.jpg,laion,0,0.0006435809628719439
diffusion_datasets/laion/0_real/bolqiuvdbo.jpg,laion,0,4.5948628075141566e-05
diffusion_datasets/laion/0_real/lqrkxsvuvt.jpg,laion,0,0.09749034817347005
diffusion_datasets/laion/0_real/csvtttfwut.jpg,laion,0,9.51411870339735e-06
diffusion_datasets/laion/0_real/wketmynlnj.jpg,laion,0,0.030782262626084106
diffusion_datasets/laion/0_real/mubozyqcgp.jpg,laion,0,1.4454758743892204e-05
diffusion_datasets/laion/0_real/mfcceezfwn.jpg,laion,0,0.2177810730253627
diffusion_datasets/laion/0_real/gayjhkcdkw.jpg,laion,0,0.0003780333470617517
diffusion_datasets/laion/0_real/cnthnmxcwh.jpg,laion,0,0.7840573760331758
diffusion_datasets/laion/0_real/nvwywbybsj.jpg,laion,0,0.02172668561355977
diffusion_datasets/laion/0_real/zmqpqnavds.jpg,laion,0,4.4942058006806346e-05
diffusion_datasets/laion/0_real/sneggiimdk.jpg,laion,0,0.1789826843818354
diffusion_datasets/laion/0_real/wsbyyiugsn.jpg,laion,0,0.1847289213065514
diffusion_datasets/laion/0_real/fzmzemtxkr.jpg,laion,0,0.15134573387167177
diffusion_datasets/laion/0_real/tgkezflbjz.jpg,laion,0,1.783549750746715e-08
diffusion_datasets/laion/0_real/ncyvrxsbym.jpg,laion,0,3.2860626910226274e-05
diffusion_datasets/laion/0_real/osrdcrocjh.jpg,laion,0,1.5177634833911294e-06
diffusion_datasets/laion/0_real/vmjmkqeggv.jpg,laion,0,0.009292395871174482
diffusion_datasets/laion/0_real/gwhfxugran.jpg,laion,0,0.041601775782135614
diffusion_datasets/laion/0_real/lpofppxlqt.jpg,laion,0,8.262187156173816e-07
diffusion_datasets/laion/0_real/vispixnoqk.jpg,laion,0,5.770599019025648e-07
diffusion_datasets/laion/0_real/wrmxjiicmz.jpg,laion,0,0.07294586534912262
diffusion_datasets/laion/0_real/kzflnrbcwz.jpg,laion,0,0.9952360928258817
diffusion_datasets/laion/0_real/wedprdqjkr.jpg,laion,0,0.0017135210960290274
diffusion_datasets/laion/0_real/utlevcsfzc.jpg,laion,0,0.005416768331490987
diffusion_datasets/laion/0_real/bbdiioaqyn.jpg,laion,0,0.004817442246037036
diffusion_datasets/laion/0_real/lqdjvtnjqn.jpg,laion,0,0.00027381841664249785
diffusion_datasets/laion/0_real/yaaqlxnzhi.jpg,laion,0,0.0005195727007756542
diffusion_datasets/laion/0_real/idrkdekvux.jpg,laion,0,0.00014700867847590907
diffusion_datasets/laion/0_real/tmuzzrstsf.jpg,laion,0,0.0002328934898551221
diffusion_datasets/laion/0_real/jqihknjmkf.jpg,laion,0,5.149210892583764e-06
diffusion_datasets/laion/0_real/fuahrcqbgk.jpg,laion,0,1.571644806647571e-05
diffusion_datasets/laion/0_real/mrdnzxhmlr.jpg,laion,0,0.007767338338330876
diffusion_datasets/laion/0_real/fwqtzyeait.jpg,laion,0,7.3259729684974e-06
diffusion_datasets/laion/0_real/ugrxyyeknx.jpg,laion,0,2.565288768777208e-05
diffusion_datasets/laion/0_real/oertmmpfuq.jpg,laion,0,0.0016439345132585395
diffusion_datasets/laion/0_real/bcqofpsyca.jpg,laion,0,0.0023362188157805843
diffusion_datasets/laion/0_real/nypkpjmzri.jpg,laion,0,0.0007724099541519887
diffusion_datasets/laion/0_real/ybpkzmxsoj.jpg,laion,0,0.0001221241156149927
diffusion_datasets/laion/0_real/surgjkswmj.jpg,laion,0,0.004002057238559972
diffusion_datasets/laion/0_real/nzfqdevtuu.jpg,laion,0,0.1803201497692598
diffusion_datasets/laion/0_real/plszaygqda.jpg,laion,0,0.237489406666095
diffusion_datasets/laion/0_real/smdvfqmevj.jpg,laion,0,0.006238788752105092
diffusion_datasets/laion/0_real/gudkwzmgfo.jpg,laion,0,0.0019099379183847094
diffusion_datasets/laion/0_real/sinwhncecv.jpg,laion,0,8.979115548225913e-07
diffusion_datasets/laion/0_real/rtiaijvnif.jpg,laion,0,0.0013197693353510795
diffusion_datasets/laion/0_real/hwfugtliat.jpg,laion,0,0.0031904766356348055
diffusion_datasets/laion/0_real/fzzunuvfgl.jpg,laion,0,0.0048878662642845
diffusion_datasets/laion/0_real/buiozdnamh.jpg,laion,0,6.456217793125851e-05
diffusion_datasets/laion/0_real/ygsthmtuoh.jpg,laion,0,6.628514566352194e-06
diffusion_datasets/laion/0_real/bqcltegxdf.jpg,laion,0,4.552797601376455e-05
diffusion_datasets/laion/0_real/enrmnsxepz.jpg,laion,0,0.00039113778406697406
diffusion_datasets/laion/0_real/xbwwtavscv.jpg,laion,0,5.721517539449254e-05
diffusion_datasets/laion/0_real/auannvrmrm.jpg,laion,0,0.5556159329428819
diffusion_datasets/laion/0_real/nvglpmddru.jpg,laion,0,0.005881210775064535
diffusion_datasets/laion/0_real/yxyqoryjpu.jpg,laion,0,0.08839599894444192
diffusion_datasets/laion/0_real/wsbgevekgf.jpg,laion,0,0.00018057688229348458
diffusion_datasets/laion/0_real/szebyvzlqt.jpg,laion,0,3.8112009239860894e-05
diffusion_datasets/laion/0_real/adizyjvxam.jpg,laion,0,2.380535387246205e-05
diffusion_datasets/laion/0_real/dawfktkzad.jpg,laion,0,0.9335536197014055
diffusion_datasets/laion/0_real/eayzvzrytx.jpg,laion,0,0.005942720405587691
diffusion_datasets/laion/0_real/gzzhkwcczo.jpg,laion,0,5.5066986664839306e-05
diffusion_datasets/laion/0_real/ycojahdoqs.jpg,laion,0,0.07171256304275801
diffusion_datasets/laion/0_real/bdwbeyarpc.jpg,laion,0,5.3693355234832566e-05
diffusion_datasets/laion/0_real/uzunqwixgv.jpg,laion,0,0.008859218661080897
diffusion_datasets/laion/0_real/ftobdflmuz.jpg,laion,0,7.174855097938127e-05
diffusion_datasets/laion/0_real/lcyxnaodgl.jpg,laion,0,0.367755169611622
diffusion_datasets/laion/0_real/wqvahtytps.jpg,laion,0,1.0859071069516798e-06
diffusion_datasets/laion/0_real/elpsbyigve.jpg,laion,0,0.0004176439168375583
diffusion_datasets/laion/0_real/kvaphythne.jpg,laion,0,0.0008444926536977495
diffusion_datasets/laion/0_real/ypvdkreobg.jpg,laion,0,0.0001291680349947837
diffusion_datasets/laion/0_real/mqbzprykrc.jpg,laion,0,7.749815891436765e-05
diffusion_datasets/laion/0_real/sltdkynkrd.jpg,laion,0,0.000377588473158261
diffusion_datasets/laion/0_real/fcgojsqxhw.jpg,laion,0,0.0002216860906531862
diffusion_datasets/laion/0_real/jykjuscrhb.jpg,laion,0,0.020344879443719145
diffusion_datasets/laion/0_real/kvomczokut.jpg,laion,0,0.003411025759255493
diffusion_datasets/laion/0_real/yfnrrhachx.jpg,laion,0,4.762205587524592e-06
diffusion_datasets/laion/0_real/owavsapwhv.jpg,laion,0,4.42494850110327e-05
diffusion_datasets/laion/0_real/bfuqjvwwlk.jpg,laion,0,0.0005672951082230312
diffusion_datasets/laion/0_real/gvvfxpftgt.jpg,laion,0,0.00013914769536576782
diffusion_datasets/laion/0_real/owymrcrmoo.jpg,laion,0,0.052865714696902016
diffusion_datasets/laion/0_real/mnbrpiakwa.jpg,laion,0,0.3452309380978025
diffusion_datasets/laion/0_real/rjdnzhbvwc.jpg,laion,0,0.0033687680018353173
diffusion_datasets/laion/0_real/jvctzionai.jpg,laion,0,1.8262289260858683e-05
diffusion_datasets/laion/0_real/smmiazxocc.jpg,laion,0,0.04520802049956368
diffusion_datasets/laion/0_real/pcvfvfsxek.jpg,laion,0,5.933682989897994e-05
diffusion_datasets/laion/0_real/uvwnmuvfio.jpg,laion,0,1.6003386484579873e-05
diffusion_datasets/laion/0_real/uxbuickkha.jpg,laion,0,0.005248100966081372
diffusion_datasets/laion/0_real/ikptlvvios.jpg,laion,0,0.9747246951145794
diffusion_datasets/laion/0_real/yutcusvily.jpg,laion,0,0.029626683956565248
diffusion_datasets/laion/0_real/qtpttlawjz.jpg,laion,0,0.10416336021543596
diffusion_datasets/laion/0_real/aynkpajrmy.jpg,laion,0,0.00023261846627279173
diffusion_datasets/laion/0_real/iwkrlrqsbn.jpg,laion,0,0.09031701404371234
diffusion_datasets/laion/0_real/aahxgrlfqt.jpg,laion,0,0.00011220749965586638
diffusion_datasets/laion/0_real/pbblbgdzjz.jpg,laion,0,6.8522350517179625e-06
diffusion_datasets/laion/0_real/lcaexbqxar.jpg,laion,0,0.0033346511764773966
diffusion_datasets/laion/0_real/qafswzymfy.jpg,laion,0,2.6157747204202927e-05
diffusion_datasets/laion/0_real/frrzmsczog.jpg,laion,0,0.6925852030938076
diffusion_datasets/laion/0_real/yqqmbglayb.jpg,laion,0,8.704173329315038e-09
diffusion_datasets/laion/0_real/sxwaupvkta.jpg,laion,0,0.0009967382529258771
diffusion_datasets/laion/0_real/dxvmhjeycz.jpg,laion,0,0.021212350299727338
diffusion_datasets/laion/0_real/yoqkeajskn.jpg,laion,0,0.988460590671116
diffusion_datasets/laion/0_real/hjovhnpjdf.jpg,laion,0,3.196394855390839e-05
diffusion_datasets/laion/0_real/amcjhcqbxr.jpg,laion,0,3.01001220464873e-05
diffusion_datasets/laion/0_real/ftampoyprn.jpg,laion,0,0.00019969829784923526
diffusion_datasets/laion/0_real/yfxdzkbfpk.jpg,laion,0,0.009390084078090189
diffusion_datasets/laion/0_real/uydofqnwdz.jpg,laion,0,5.849481493520311e-07
diffusion_datasets/laion/0_real/oxkzwdrxay.jpg,laion,0,0.3762638080155997
diffusion_datasets/laion/0_real/vcuznpgkuo.jpg,laion,0,0.25096928810193114
diffusion_datasets/laion/0_real/yvwtaordyd.jpg,laion,0,7.710072257269932e-05
diffusion_datasets/laion/0_real/bvbspxdfxz.jpg,laion,0,9.498204634125407e-05
diffusion_datasets/laion/0_real/rhwouyajcq.jpg,laion,0,1.755987088376826e-05
diffusion_datasets/laion/0_real/rzkutenljp.jpg,laion,0,0.0018717381679582742
diffusion_datasets/laion/0_real/gxkmzinhug.jpg,laion,0,2.3214151479998013e-07
diffusion_datasets/laion/0_real/rgiwpyxekm.jpg,laion,0,3.18021188905523e-05
diffusion_datasets/laion/0_real/uesrfqrmys.jpg,laion,0,5.53233603020319e-05
diffusion_datasets/laion/0_real/wotrziuyhj.jpg,laion,0,0.00019625929747630008
diffusion_datasets/laion/0_real/ajdylzvnwn.jpg,laion,0,2.5475538354941548e-05
diffusion_datasets/laion/0_real/xrkvaduave.jpg,laion,0,0.9619682917937707
diffusion_datasets/laion/0_real/ueoeojrsyj.jpg,laion,0,0.002257856229545867
diffusion_datasets/laion/0_real/ouirlfwsyx.jpg,laion,0,0.0013772822043721508
diffusion_datasets/laion/0_real/viedszojsm.jpg,laion,0,0.0006527709658766109
diffusion_datasets/laion/0_real/irwxnqcndk.jpg,laion,0,0.000188986780465824
diffusion_datasets/laion/0_real/zdqmadvhbl.jpg,laion,0,0.0036461974586641053
diffusion_datasets/laion/0_real/tbxpyvxjym.jpg,laion,0,0.2292035508884783
diffusion_datasets/laion/0_real/fvbwueqmmc.jpg,laion,0,2.0237741602929148e-05
diffusion_datasets/laion/0_real/umhgkshvea.jpg,laion,0,2.914284734788384e-07
diffusion_datasets/laion/0_real/tecfsxrdsg.jpg,laion,0,0.6729833853988066
diffusion_datasets/laion/0_real/oaepibbwpe.jpg,laion,0,8.206048851620946e-05
diffusion_datasets/laion/0_real/lkbpelvrth.jpg,laion,0,0.0016017826552086542
diffusion_datasets/laion/0_real/fgbgiwekim.jpg,laion,0,0.004067066963438364
diffusion_datasets/laion/0_real/jqcakwrejy.jpg,laion,0,8.367472390769267e-05
diffusion_datasets/laion/0_real/ohycivlfdy.jpg,laion,0,6.894382952731964e-05
diffusion_datasets/laion/0_real/xvpiclvxzd.jpg,laion,0,4.056750432209812e-07
diffusion_datasets/laion/0_real/bwvinmojcw.jpg,laion,0,0.0003647497144450206
diffusion_datasets/laion/0_real/onkjvikzsj.jpg,laion,0,1.8055999561575858e-06
diffusion_datasets/laion/0_real/kgmqyotoqo.jpg,laion,0,0.565684179590364
diffusion_datasets/laion/0_real/ltwpiurdob.jpg,laion,0,0.1510279676247541
diffusion_datasets/laion/0_real/gtidkpfxcc.jpg,laion,0,0.0016940638547115257
diffusion_datasets/laion/0_real/xlwfiidgib.jpg,laion,0,0.41815592700756465
diffusion_datasets/laion/0_real/ilaptngbkl.jpg,laion,0,3.3400902058150546e-05
diffusion_datasets/laion/0_real/hkhpikinqs.jpg,laion,0,0.013417914069061706
diffusion_datasets/laion/0_real/ettedwuoqe.jpg,laion,0,0.0005237204247352344
diffusion_datasets/laion/0_real/nhmoimaaqz.jpg,laion,0,0.18557589314900888
diffusion_datasets/laion/0_real/flcafzqbyt.jpg,laion,0,4.370146747793343e-05
diffusion_datasets/laion/0_real/pcwvbmjrea.jpg,laion,0,8.557578839180802e-06
diffusion_datasets/laion/0_real/sepihwqglu.jpg,laion,0,0.020788070910625327
diffusion_datasets/laion/0_real/vuvkrfmrfw.jpg,laion,0,0.00016046804726142113
diffusion_datasets/laion/0_real/effiwpkvcy.jpg,laion,0,0.005724680477698524
diffusion_datasets/laion/0_real/huksdpnufs.jpg,laion,0,0.8220784037478767
diffusion_datasets/laion/0_real/cpyrataump.jpg,laion,0,0.0491633093616797
diffusion_datasets/laion/0_real/fxxzogdrnu.jpg,laion,0,0.01714258427941157
diffusion_datasets/laion/0_real/jfqdxkbnuz.jpg,laion,0,4.760608174434665e-07
diffusion_datasets/laion/0_real/psvmrypqai.jpg,laion,0,0.005875446371003935
diffusion_datasets/laion/0_real/odhzcmznnr.jpg,laion,0,2.1338830040803652e-05
diffusion_datasets/laion/0_real/fwhacyybom.jpg,laion,0,4.564994808368397e-06
diffusion_datasets/laion/0_real/ccbrpvitlb.jpg,laion,0,4.7442638638327894e-08
diffusion_datasets/laion/0_real/tknxjephgy.jpg,laion,0,0.0019282457457575938
diffusion_datasets/laion/0_real/hypftiguck.jpg,laion,0,0.00021715277872273245
diffusion_datasets/laion/0_real/jgvhyrcgyx.jpg,laion,0,0.004735208957876272
diffusion_datasets/laion/0_real/xnyhohvpna.jpg,laion,0,2.121635079676034e-05
diffusion_datasets/laion/0_real/tuptxvyplv.jpg,laion,0,0.004753557476294075
diffusion_datasets/laion/0_real/itvslvcuiy.jpg,laion,0,0.12932798887663569
diffusion_datasets/laion/0_real/ynescstwdk.jpg,laion,0,2.2006778960378174e-05
diffusion_datasets/laion/0_real/gdomuubpmo.jpg,laion,0,0.0897236494448803
diffusion_datasets/laion/0_real/hlwefvuprq.jpg,laion,0,0.0005333858655642352
diffusion_datasets/laion/0_real/efykeyysvi.jpg,laion,0,5.51109932277953e-06
diffusion_datasets/laion/0_real/uyfkdpzowl.jpg,laion,0,0.6764632834956472
diffusion_datasets/laion/0_real/hgcafbxres.jpg,laion,0,0.005134308218609487
diffusion_datasets/laion/0_real/lkealtdsyd.jpg,laion,0,0.8646467212462615
diffusion_datasets/laion/0_real/ybbbdeihcf.jpg,laion,0,0.001189213443389039
diffusion_datasets/laion/0_real/cqxwvqbknx.jpg,laion,0,0.005574879818615697
diffusion_datasets/laion/0_real/ddeuvxknie.jpg,laion,0,0.0007965801601967478
diffusion_datasets/laion/0_real/zwkapmobkx.jpg,laion,0,2.462978674137602e-06
diffusion_datasets/laion/0_real/zxnpcvwbfb.jpg,laion,0,0.4338751800033731
diffusion_datasets/laion/0_real/mcsihazpje.jpg,laion,0,0.08231056059137969
diffusion_datasets/laion/0_real/xqlumlknls.jpg,laion,0,6.348314527978446e-05
diffusion_datasets/laion/0_real/rpggiliowp.jpg,laion,0,1.991248620104107e-06
diffusion_datasets/laion/0_real/tivixbdipm.jpg,laion,0,0.0025968597279027016
diffusion_datasets/laion/0_real/wcuupgwotu.jpg,laion,0,0.019791488538618257
diffusion_datasets/laion/0_real/cdjghtyvsn.jpg,laion,0,3.7803650998480665e-05
diffusion_datasets/laion/0_real/aqfnjpltvb.jpg,laion,0,4.156788192922754e-06
diffusion_datasets/laion/0_real/mqzlaxdcyf.jpg,laion,0,0.8604870011677536
diffusion_datasets/laion/0_real/yatxnhyhyw.jpg,laion,0,0.30377986331361334
diffusion_datasets/laion/0_real/zzrnxnjzyx.jpg,laion,0,0.8718650286263161
diffusion_datasets/laion/0_real/vpwnxqxbks.jpg,laion,0,0.013092671205187813
diffusion_datasets/laion/0_real/ranqpkoerl.jpg,laion,0,0.0006735259048618966
diffusion_datasets/laion/0_real/vyjvqkrjmv.jpg,laion,0,8.351771819556018e-09
diffusion_datasets/laion/0_real/skkprfujmw.jpg,laion,0,0.9977733040487692
diffusion_datasets/laion/0_real/njfscemusa.jpg,laion,0,0.0016442832286594536
diffusion_datasets/laion/0_real/djfymdweky.jpg,laion,0,0.00014819798593218602
diffusion_datasets/laion/0_real/czqsnkbvng.jpg,laion,0,0.2928066123494705
diffusion_datasets/laion/0_real/lakovwneny.jpg,laion,0,0.966756921939748
diffusion_datasets/laion/0_real/xmppkkdynh.jpg,laion,0,0.006193142760167868
diffusion_datasets/laion/0_real/xnidvmnavp.jpg,laion,0,0.17549504506832767
diffusion_datasets/laion/0_real/cjmyrxrisl.jpg,laion,0,0.00015308351165908764
diffusion_datasets/laion/0_real/wgmfkffpbs.jpg,laion,0,0.0002165946171021949
diffusion_datasets/laion/0_real/sbuowwvzjw.jpg,laion,0,0.2490727118511012
diffusion_datasets/laion/0_real/qsndeimedb.jpg,laion,0,0.46680500687837806
diffusion_datasets/laion/0_real/jecdlrpjba.jpg,laion,0,0.9947572405014106
diffusion_datasets/laion/0_real/owbarkgfyc.jpg,laion,0,0.0001941386441073587
diffusion_datasets/laion/0_real/hcnhiyscgm.jpg,laion,0,6.786814041167688e-05
diffusion_datasets/laion/0_real/ppufoaihkk.jpg,laion,0,0.0014810531960222002
diffusion_datasets/laion/0_real/mltvjsqnjm.jpg,laion,0,2.109652248262867e-06
diffusion_datasets/laion/0_real/bqmyueubdu.jpg,laion,0,0.004489273774674814
diffusion_datasets/laion/0_real/wdjkwiwroa.jpg,laion,0,0.02305501175593784
diffusion_datasets/laion/0_real/zhkktdnkhl.jpg,laion,0,0.07797078544630351
diffusion_datasets/laion/0_real/eelzocmtws.jpg,laion,0,1.63553536550171e-06
diffusion_datasets/laion/0_real/ocmzcjegeg.jpg,laion,0,0.9996415652803694
diffusion_datasets/laion/0_real/nkdchwutlw.jpg,laion,0,0.005246985155196012
diffusion_datasets/laion/0_real/pcaodmknyo.jpg,laion,0,6.579599954337587e-05
diffusion_datasets/laion/0_real/aowpbzokmp.jpg,laion,0,0.0005472041450226967
diffusion_datasets/laion/0_real/hcyfeanpao.jpg,laion,0,9.850088009630742e-05
diffusion_datasets/laion/0_real/lpvhehbmzv.jpg,laion,0,0.9744227624351937
diffusion_datasets/laion/0_real/fneghrqtsf.jpg,laion,0,3.351000521670649e-05
diffusion_datasets/laion/0_real/pyydtwntke.jpg,laion,0,0.008153741251923015
diffusion_datasets/laion/0_real/jnrpfsvjdm.jpg,laion,0,0.01563882678912697
diffusion_datasets/laion/0_real/jhcbtfuziq.jpg,laion,0,0.0023513602896906606
diffusion_datasets/laion/0_real/tflsufulfn.jpg,laion,0,0.017428826758559564
diffusion_datasets/laion/0_real/htpewtqebr.jpg,laion,0,0.0006728082389180835
diffusion_datasets/laion/0_real/jxacexpmcn.jpg,laion,0,0.0016661223662297422
diffusion_datasets/laion/0_real/gwwprxqtre.jpg,laion,0,0.001667839028168538
diffusion_datasets/laion/0_real/mlxvdfndsh.jpg,laion,0,0.7251572944859354
diffusion_datasets/laion/0_real/hisyohahzi.jpg,laion,0,1.973230599930265e-05
diffusion_datasets/laion/0_real/guljtnkdnj.jpg,laion,0,3.0664504895575534e-07
diffusion_datasets/laion/0_real/lxdnodpvuz.jpg,laion,0,0.00808375342231529
diffusion_datasets/laion/0_real/ygqiosrden.jpg,laion,0,6.152878883472425e-05
diffusion_datasets/laion/0_real/tzirqivkgc.jpg,laion,0,1.2061051980383878e-05
diffusion_datasets/laion/0_real/pzvgfnoiln.jpg,laion,0,0.09585971950579648
diffusion_datasets/laion/0_real/gaephzrdih.jpg,laion,0,1.3786865458153276e-07
diffusion_datasets/laion/0_real/gdnoweboab.jpg,laion,0,0.0016698167890865008
diffusion_datasets/laion/0_real/oyxvwvxuzr.jpg,laion,0,7.192295846330581e-07
diffusion_datasets/laion/0_real/cswedhbgpd.jpg,laion,0,0.05565787865406588
diffusion_datasets/laion/0_real/mcrhlmdumo.jpg,laion,0,5.728043616954865e-05
diffusion_datasets/laion/0_real/fegqolkrls.jpg,laion,0,1.6717424938224928e-07
diffusion_datasets/laion/0_real/jjmznfxyeg.jpg,laion,0,0.8960229023306888
diffusion_datasets/laion/0_real/xaetznfnpu.jpg,laion,0,0.1863933426276495
diffusion_datasets/laion/0_real/acpwmtyztu.jpg,laion,0,5.314171214300414e-05
diffusion_datasets/laion/0_real/ljluvxkeau.jpg,laion,0,3.0716707534817276e-05
diffusion_datasets/laion/0_real/dbcoycuiyt.jpg,laion,0,1.608101081172641e-06
diffusion_datasets/laion/0_real/aakydlwfer.jpg,laion,0,1.8045002511879412e-06
diffusion_datasets/laion/0_real/tnxiofobrb.jpg,laion,0,0.5963937742832426
diffusion_datasets/laion/0_real/lfpytrxtnd.jpg,laion,0,0.038119515294154124
diffusion_datasets/laion/0_real/pvrfveosdy.jpg,laion,0,0.0001598335252499157
diffusion_datasets/laion/0_real/pfvgbusewt.jpg,laion,0,0.016207983082843387
diffusion_datasets/laion/0_real/njslnjximf.jpg,laion,0,0.002023778739206585
diffusion_datasets/laion/0_real/kqtezbdvua.jpg,laion,0,3.68657414362657e-05
diffusion_datasets/laion/0_real/fzrimmsozw.jpg,laion,0,0.038383044564651185
diffusion_datasets/laion/0_real/qmqkkwwggi.jpg,laion,0,0.0072309251956288205
diffusion_datasets/laion/0_real/zcsnybxdqj.jpg,laion,0,2.0509285277063382e-05
diffusion_datasets/laion/0_real/agjsmczzat.jpg,laion,0,7.936543684941519e-05
diffusion_datasets/laion/0_real/lnavxqqxfa.jpg,laion,0,0.16459212872274054
diffusion_datasets/laion/0_real/rsiiuivgsv.jpg,laion,0,0.00077969054232566
diffusion_datasets/laion/0_real/vrffpjmuir.jpg,laion,0,0.682924075828242
diffusion_datasets/laion/0_real/nrzbgujfll.jpg,laion,0,1.5932554771609784e-05
diffusion_datasets/laion/0_real/xiubxgyhcs.jpg,laion,0,0.0004677751411051469
diffusion_datasets/laion/0_real/xqyjzhnfqu.jpg,laion,0,0.00331648593285354
diffusion_datasets/laion/0_real/jcbooxfwcy.jpg,laion,0,0.0006367384708057207
diffusion_datasets/laion/0_real/mobwrxioai.jpg,laion,0,0.005814011170208079
diffusion_datasets/laion/0_real/kobditubhr.jpg,laion,0,6.337714921361498e-06
diffusion_datasets/laion/0_real/txviitvyvk.jpg,laion,0,3.6493357744734413e-06
diffusion_datasets/laion/0_real/isrzfmrbjo.jpg,laion,0,0.6803088826064545
diffusion_datasets/laion/0_real/tgzykjsqqa.jpg,laion,0,4.6655197250718925e-05
diffusion_datasets/laion/0_real/nwpodhovep.jpg,laion,0,0.0007850768428402476
diffusion_datasets/laion/0_real/yhxjifarjw.jpg,laion,0,0.535332927689625
diffusion_datasets/laion/0_real/wpptcqobpu.jpg,laion,0,0.00018013602650100163
diffusion_datasets/laion/0_real/jgmtkjqepx.jpg,laion,0,0.1878918890641701
diffusion_datasets/laion/0_real/qhhsiahqdz.jpg,laion,0,0.0010735778899307244
diffusion_datasets/laion/0_real/rgnjmqxait.jpg,laion,0,0.221835635348869
diffusion_datasets/laion/0_real/wdxoxbbogy.jpg,laion,0,0.000615332254183839
diffusion_datasets/laion/0_real/tunmixwvbf.jpg,laion,0,0.08472783911729219
diffusion_datasets/laion/0_real/crzzjqmtan.jpg,laion,0,4.844525648146738e-05
diffusion_datasets/laion/0_real/flzalpsilp.jpg,laion,0,0.08157107425351488
diffusion_datasets/laion/0_real/lsmostdlua.jpg,laion,0,0.0002520805617739587
diffusion_datasets/laion/0_real/qnqvwdpmam.jpg,laion,0,0.0016540665047960078
diffusion_datasets/laion/0_real/dncoarxujc.jpg,laion,0,0.004615642445607106
diffusion_datasets/laion/0_real/mgeezotzdw.jpg,laion,0,0.0017906374973386
diffusion_datasets/laion/0_real/spnummyudf.jpg,laion,0,0.006280496143230392
diffusion_datasets/laion/0_real/kjacqcuxqc.jpg,laion,0,0.0023706977386126807
diffusion_datasets/laion/0_real/gchslncruv.jpg,laion,0,0.0014222810588452785
diffusion_datasets/laion/0_real/eufbtfldxd.jpg,laion,0,2.473184137582917e-07
diffusion_datasets/laion/0_real/wyyltkwttn.jpg,laion,0,0.00016019108993721193
diffusion_datasets/laion/0_real/iqjkwjvday.jpg,laion,0,8.024977031650717e-06
diffusion_datasets/laion/0_real/gckzbyionz.jpg,laion,0,1.3977537832344356e-06
diffusion_datasets/laion/0_real/gsjragxgrg.jpg,laion,0,0.3697032462047233
diffusion_datasets/laion/0_real/jezexlfhiq.jpg,laion,0,0.006995074144376657
diffusion_datasets/laion/0_real/tvhyjyjvbi.jpg,laion,0,0.0009312272532358921
diffusion_datasets/laion/0_real/apfyxprqpm.jpg,laion,0,0.9627019245432655
diffusion_datasets/laion/0_real/gbzvqfsaud.jpg,laion,0,3.011818962632753e-05
diffusion_datasets/laion/0_real/zdteumqsqf.jpg,laion,0,1.5969298778421677e-05
diffusion_datasets/laion/0_real/olxtdigiux.jpg,laion,0,0.00016919656478175512
diffusion_datasets/laion/0_real/xoxubdjnhe.jpg,laion,0,1.1574820820207532e-05
diffusion_datasets/laion/0_real/jckrxjozhx.jpg,laion,0,0.00020580145208015668
diffusion_datasets/laion/0_real/vcbnrxukwp.jpg,laion,0,0.006521936346025618
diffusion_datasets/laion/0_real/xxxlutdoia.jpg,laion,0,9.8009517636205e-05
diffusion_datasets/laion/0_real/ztytemyoxv.jpg,laion,0,0.3853014609894201
diffusion_datasets/laion/0_real/igjyxqgebm.jpg,laion,0,0.10352067580526575
diffusion_datasets/laion/0_real/khmsldutff.jpg,laion,0,2.62311373014182e-07
diffusion_datasets/laion/0_real/ahwxcijnxm.jpg,laion,0,0.22178508582187767
diffusion_datasets/laion/0_real/crwemtqnoq.jpg,laion,0,0.5598086054208992
diffusion_datasets/laion/0_real/gllomgthtj.jpg,laion,0,0.00654419989748143
diffusion_datasets/laion/0_real/bebadtkmes.jpg,laion,0,0.011723411587082452
diffusion_datasets/laion/0_real/etiolecymt.jpg,laion,0,1.4079864454766952e-05
diffusion_datasets/laion/0_real/qyaknxvzwp.jpg,laion,0,0.05294216067128683
diffusion_datasets/laion/0_real/kpmxquicco.jpg,laion,0,0.004353960031429632
diffusion_datasets/laion/0_real/zbnbosutcn.jpg,laion,0,0.000482307973327556
diffusion_datasets/laion/0_real/olxnaenbde.jpg,laion,0,0.0002944381159625402
diffusion_datasets/laion/0_real/xctsfejxfy.jpg,laion,0,0.973535317133401
diffusion_datasets/laion/0_real/lzgwytfbdh.jpg,laion,0,0.3597653768617005
diffusion_datasets/laion/0_real/ybihqfczqf.jpg,laion,0,0.42506236437841344
diffusion_datasets/laion/0_real/mrxqbknovu.jpg,laion,0,6.013103563299677e-06
diffusion_datasets/laion/0_real/qvizqxsbvw.jpg,laion,0,0.0008462423882182407
diffusion_datasets/laion/0_real/xpdelxvksw.jpg,laion,0,0.008383112526107362
diffusion_datasets/laion/0_real/gwwimiekeh.jpg,laion,0,0.8079787153725179
diffusion_datasets/laion/0_real/ixykpgtooh.jpg,laion,0,0.0003912883513171594
diffusion_datasets/laion/0_real/jnifdomopt.jpg,laion,0,0.001109399366558927
diffusion_datasets/laion/0_real/mijuwhirnm.jpg,laion,0,0.04983095937098446
diffusion_datasets/laion/0_real/fiejjmdcwg.jpg,laion,0,0.050196654903851834
diffusion_datasets/laion/0_real/ttfwqkviia.jpg,laion,0,0.0004885200276478302
diffusion_datasets/laion/0_real/yinujujzud.jpg,laion,0,0.8362841519239913
diffusion_datasets/laion/0_real/izmzwnwzxb.jpg,laion,0,0.0023933210915539353
diffusion_datasets/laion/0_real/dexhjtncni.jpg,laion,0,0.0005618406854367101
diffusion_datasets/laion/0_real/texcjvnjug.jpg,laion,0,0.033045883694729924
diffusion_datasets/laion/0_real/gbkfcdebke.jpg,laion,0,0.00026263941592210985
diffusion_datasets/laion/0_real/iqruwytkxd.jpg,laion,0,3.603810881775698e-05
diffusion_datasets/laion/0_real/znwafizosm.jpg,laion,0,2.5769740020268827e-06
diffusion_datasets/laion/0_real/tfubqflahj.jpg,laion,0,0.998323429696359
diffusion_datasets/laion/0_real/lkwvbsljma.jpg,laion,0,5.3140491525509655e-08
diffusion_datasets/laion/0_real/jpkbhfmhql.jpg,laion,0,0.007807500605189746
diffusion_datasets/laion/0_real/tfdqevjhtk.jpg,laion,0,0.14842299425673078
diffusion_datasets/laion/0_real/orgateeurw.jpg,laion,0,5.363884230720006e-05
diffusion_datasets/laion/0_real/kqhrtvmeux.jpg,laion,0,0.9086696613557892
diffusion_datasets/laion/0_real/ciwgbjibcd.jpg,laion,0,0.22200257496604425
diffusion_datasets/laion/0_real/fuqmkbouip.jpg,laion,0,0.00019078077913186245
diffusion_datasets/laion/0_real/fnjmysjhqo.jpg,laion,0,4.451700009227319e-05
diffusion_datasets/laion/0_real/ewspkgvjkv.jpg,laion,0,0.9643968223765759
diffusion_datasets/laion/0_real/sgggkqzghg.jpg,laion,0,1.424403160302726e-06
diffusion_datasets/laion/0_real/qaafihkbbk.jpg,laion,0,1.7301300188036042e-05
diffusion_datasets/laion/0_real/kgwpuybmdo.jpg,laion,0,0.0002843585520137935
diffusion_datasets/laion/0_real/hiqkigzfrk.jpg,laion,0,0.9083087530558936
diffusion_datasets/laion/0_real/xjsfnrjtst.jpg,laion,0,0.009138311413199264
diffusion_datasets/laion/0_real/apdgetedbs.jpg,laion,0,0.0745063666576443
diffusion_datasets/laion/0_real/gczswsnqpp.jpg,laion,0,0.00039725598195508723
diffusion_datasets/laion/0_real/rlzfziqqrd.jpg,laion,0,1.295677008933517e-06
diffusion_datasets/laion/0_real/bhlyixirpi.jpg,laion,0,0.0001031668879809945
diffusion_datasets/laion/0_real/yytnnkmkun.jpg,laion,0,0.994851215256187
diffusion_datasets/laion/0_real/cyencgbdne.jpg,laion,0,7.018073567494105e-05
diffusion_datasets/laion/0_real/fjyemnydtk.jpg,laion,0,0.00038805818132391085
diffusion_datasets/laion/0_real/bobirihsmf.jpg,laion,0,0.0007264071695081699
diffusion_datasets/laion/0_real/clutkoqhvu.jpg,laion,0,0.0038414606400293313
diffusion_datasets/laion/0_real/msdsnlzcre.jpg,laion,0,0.32303618413828256
diffusion_datasets/laion/0_real/aieykhstre.jpg,laion,0,0.0009529652241337059
diffusion_datasets/laion/0_real/zrifjlbkwb.jpg,laion,0,0.00010331021343129121
diffusion_datasets/laion/0_real/yldbjbxfzj.jpg,laion,0,0.07666977787808707
diffusion_datasets/laion/0_real/iwsairnpes.jpg,laion,0,3.0502237384280293e-05
diffusion_datasets/laion/0_real/utfokfmmbf.jpg,laion,0,0.0001626397713063644
diffusion_datasets/laion/0_real/dpsfehmqme.jpg,laion,0,0.01441458017417205
diffusion_datasets/laion/0_real/hhmqvefsdm.jpg,laion,0,0.0001557220975369229
diffusion_datasets/laion/0_real/awjhtixyqd.jpg,laion,0,0.0008414776458001853
diffusion_datasets/laion/0_real/annkzxvqsz.jpg,laion,0,0.015408662067184931
diffusion_datasets/laion/0_real/gxexzzlcld.jpg,laion,0,0.08524471054450126
diffusion_datasets/laion/0_real/llbqajpkux.jpg,laion,0,0.00010722491026268576
diffusion_datasets/laion/0_real/bnhkqppcfl.jpg,laion,0,0.9999342650855354
diffusion_datasets/laion/0_real/uxbgzfafqm.jpg,laion,0,0.003891157298581473
diffusion_datasets/laion/0_real/sxbarbxbis.jpg,laion,0,0.0019892246565693084
diffusion_datasets/laion/0_real/qbannzwxnv.jpg,laion,0,0.05299474089868273
diffusion_datasets/laion/0_real/kkamuhddsi.jpg,laion,0,1.6136310043990857e-05
diffusion_datasets/laion/0_real/pccthywpgs.jpg,laion,0,0.2191746877107839
diffusion_datasets/laion/0_real/yimxruvwud.jpg,laion,0,0.0014462411131915655
diffusion_datasets/laion/0_real/ducatuyxdz.jpg,laion,0,0.0007366255066997915
diffusion_datasets/laion/0_real/ewldxwaqfh.jpg,laion,0,0.006181801287237477
diffusion_datasets/laion/0_real/djtbqkzsak.jpg,laion,0,2.8156483825012765e-05
diffusion_datasets/laion/0_real/gmeufzjqxw.jpg,laion,0,0.5882533118277067
diffusion_datasets/laion/0_real/svpwqjhjbu.jpg,laion,0,4.805113288903246e-08
diffusion_datasets/laion/0_real/hmasnickhh.jpg,laion,0,0.008792196958453383
diffusion_datasets/laion/0_real/kysxvylzkk.jpg,laion,0,0.3675167291859488
diffusion_datasets/laion/0_real/lzletadhdl.jpg,laion,0,0.838211612144107
diffusion_datasets/laion/0_real/afwwethmvf.jpg,laion,0,0.28811341706931803
diffusion_datasets/laion/0_real/znxaufdjpv.jpg,laion,0,1.728283034611684e-05
diffusion_datasets/laion/0_real/slrtleyncm.jpg,laion,0,0.00041924231420612033
diffusion_datasets/laion/0_real/hnihvkmnje.jpg,laion,0,8.256313061424504e-07
diffusion_datasets/laion/0_real/qhnjseyjbw.jpg,laion,0,0.004177250559025567
diffusion_datasets/laion/0_real/gufjiiwgrf.jpg,laion,0,0.0004044723816318152
diffusion_datasets/laion/0_real/hnsubaglth.jpg,laion,0,0.0017353075172743162
diffusion_datasets/laion/0_real/ivvevnakub.jpg,laion,0,0.00014660606239583202
diffusion_datasets/laion/0_real/aaksjqrtil.jpg,laion,0,0.0398116326297346
diffusion_datasets/laion/0_real/nhmcszkgcq.jpg,laion,0,0.0006051707424163849
diffusion_datasets/laion/0_real/attqnlwqgz.jpg,laion,0,0.9680391664557996
diffusion_datasets/laion/0_real/tbganwxklb.jpg,laion,0,0.06687982060342536
diffusion_datasets/laion/0_real/kpzyfbuxhi.jpg,laion,0,0.11507595283051318
diffusion_datasets/laion/0_real/snjzonvpow.jpg,laion,0,0.005913818756199872
diffusion_datasets/laion/0_real/vkjmgldjai.jpg,laion,0,1.599077780843634e-06
diffusion_datasets/laion/0_real/osigoexsbv.jpg,laion,0,0.8581014239846155
diffusion_datasets/laion/0_real/ascyfbgfmn.jpg,laion,0,0.0021493771655721494
diffusion_datasets/laion/0_real/hxayxhqfnz.jpg,laion,0,0.0062201129579068865
diffusion_datasets/laion/0_real/vmouwpueqp.jpg,laion,0,0.012064934775125862
diffusion_datasets/laion/0_real/ajldduomvc.jpg,laion,0,2.4538186333748746e-06
diffusion_datasets/laion/0_real/cmuzaenxtt.jpg,laion,0,0.04424439375150545
diffusion_datasets/laion/0_real/mszjipjvvf.jpg,laion,0,0.00014140426838090496
diffusion_datasets/laion/0_real/qhuylytsyy.jpg,laion,0,4.2131639764853895e-07
diffusion_datasets/laion/0_real/omsyxrsufp.jpg,laion,0,0.23494656218139287
diffusion_datasets/laion/0_real/jgyprvacek.jpg,laion,0,0.6606853748685356
diffusion_datasets/laion/0_real/pirwlvliku.jpg,laion,0,0.9828008507801943
diffusion_datasets/laion/0_real/eltlpjgnai.jpg,laion,0,8.117493495761182e-07
diffusion_datasets/laion/0_real/xphjlaxygh.jpg,laion,0,0.08892984243853876
diffusion_datasets/laion/0_real/vsoitgrurd.jpg,laion,0,0.006124411953512302
diffusion_datasets/laion/0_real/hdtfurantf.jpg,laion,0,0.004278253533601761
diffusion_datasets/laion/0_real/jtprghimeh.jpg,laion,0,0.016326172194229896
diffusion_datasets/laion/0_real/iuwybjqiha.jpg,laion,0,0.0012223262166094252
diffusion_datasets/laion/0_real/iojhamvzyv.jpg,laion,0,0.00029924104147184457
diffusion_datasets/laion/0_real/vipmyyceny.jpg,laion,0,1.673422125825587e-05
diffusion_datasets/laion/0_real/hhlwjuqsbz.jpg,laion,0,0.004106942784862927
diffusion_datasets/laion/0_real/sxbfuikltb.jpg,laion,0,0.00028285509082092585
diffusion_datasets/laion/0_real/xjokdvoxpk.jpg,laion,0,0.16587932362259436
diffusion_datasets/laion/0_real/yxdmgabgrh.jpg,laion,0,0.9834364987054895
diffusion_datasets/laion/0_real/nnuuhindgj.jpg,laion,0,0.025013047261346587
diffusion_datasets/laion/0_real/temvvnfwvq.jpg,laion,0,8.648160701173921e-05
diffusion_datasets/laion/0_real/tzgkmgcgjt.jpg,laion,0,0.011967768950780422
diffusion_datasets/laion/0_real/ovuipynpix.jpg,laion,0,0.00032927010303728985
diffusion_datasets/laion/0_real/nvsdiqcxdc.jpg,laion,0,0.959511767485256
diffusion_datasets/laion/0_real/cubclpdlyb.jpg,laion,0,4.788551386587909e-05
diffusion_datasets/laion/0_real/dbifuulczh.jpg,laion,0,3.410832402911115e-05
diffusion_datasets/laion/0_real/ikesdclcne.jpg,laion,0,0.0004554716128588841
diffusion_datasets/laion/0_real/devyzpyxmr.jpg,laion,0,0.0033419153978775378
diffusion_datasets/laion/0_real/paozbcurkw.jpg,laion,0,0.0003014002586657461
diffusion_datasets/laion/0_real/vitzpaholy.jpg,laion,0,0.007232962070569813
diffusion_datasets/laion/0_real/nrqrcqxudf.jpg,laion,0,0.006490472195000374
diffusion_datasets/laion/0_real/gpwdhgxzbq.jpg,laion,0,0.7183629890444764
diffusion_datasets/laion/0_real/vwrsjumkmz.jpg,laion,0,0.00039731984354040293
diffusion_datasets/laion/0_real/tgihtkfpyi.jpg,laion,0,6.370557730182958e-05
diffusion_datasets/laion/0_real/hajmuavfdr.jpg,laion,0,0.11633490010966109
diffusion_datasets/laion/0_real/cciqgyfbnw.jpg,laion,0,1.8213378151723512e-06
diffusion_datasets/laion/0_real/gbmtgdhzrx.jpg,laion,0,9.474283217659342e-05
diffusion_datasets/laion/0_real/wkkhoodytf.jpg,laion,0,0.00015392124470440776
diffusion_datasets/laion/0_real/uqgovdwcrr.jpg,laion,0,0.0001231968917005912
diffusion_datasets/laion/0_real/stnicrfcsk.jpg,laion,0,3.879954183455941e-08
diffusion_datasets/laion/0_real/hbdtraluzp.jpg,laion,0,4.276880369979964e-06
diffusion_datasets/laion/0_real/zchftlmgnh.jpg,laion,0,0.004521731590691438
diffusion_datasets/laion/0_real/jsytpmwrvb.jpg,laion,0,0.21293536047220277
diffusion_datasets/laion/0_real/gcenmxpfnz.jpg,laion,0,0.0014086149541397968
diffusion_datasets/laion/0_real/mfoxhwrofa.jpg,laion,0,0.0004797302049317165
diffusion_datasets/laion/0_real/xfblvcbesb.jpg,laion,0,0.28338669876641615
diffusion_datasets/laion/0_real/izuqfuuvtc.jpg,laion,0,0.00047955690148787996
diffusion_datasets/laion/0_real/arfbiucpar.jpg,laion,0,0.2306332796102246
diffusion_datasets/laion/0_real/figfzyfhkt.jpg,laion,0,0.0037634882095765863
diffusion_datasets/laion/0_real/jsozceeudr.jpg,laion,0,0.026199495251343588
diffusion_datasets/laion/0_real/jvfamsvrme.jpg,laion,0,0.0003411244976026098
diffusion_datasets/laion/0_real/hxyxqnzbzd.jpg,laion,0,0.060877213584445394
diffusion_datasets/laion/0_real/psvhorutyv.jpg,laion,0,0.0037836588181605073
diffusion_datasets/laion/0_real/owwrkfwvmg.jpg,laion,0,0.0003602583029392777
diffusion_datasets/laion/0_real/bbmeviacjm.jpg,laion,0,0.012309405744042138
diffusion_datasets/laion/0_real/hsweljupee.jpg,laion,0,0.15036835667793033
diffusion_datasets/laion/0_real/ywhajfzors.jpg,laion,0,0.005526913341262582
diffusion_datasets/laion/0_real/hjshyxnjca.jpg,laion,0,0.7774432521432332
diffusion_datasets/laion/0_real/vofhkesmtv.jpg,laion,0,0.8357409777169881
diffusion_datasets/laion/0_real/bfczagsxfw.jpg,laion,0,0.020602397262003382
diffusion_datasets/laion/0_real/touiowfclv.jpg,laion,0,0.004649708450815429
diffusion_datasets/laion/0_real/asxtxajrfc.jpg,laion,0,6.678583809319886e-06
diffusion_datasets/laion/0_real/wynbrdoyde.jpg,laion,0,0.14347232355425918
diffusion_datasets/laion/0_real/jhnbcswvmq.jpg,laion,0,0.00046028767596535935
diffusion_datasets/laion/0_real/gzmbdszeyt.jpg,laion,0,0.00044975983509005905
diffusion_datasets/laion/0_real/qpjsgmteke.jpg,laion,0,0.00013548043070596145
diffusion_datasets/laion/0_real/qvxgfrmtjl.jpg,laion,0,0.0062663553826123874
diffusion_datasets/laion/0_real/lmbvfedfye.jpg,laion,0,0.008225748419824047
diffusion_datasets/laion/0_real/arjjdokwee.jpg,laion,0,1.1456862658940987e-06
diffusion_datasets/laion/0_real/wbcncldemw.jpg,laion,0,0.0013343260749397357
diffusion_datasets/laion/0_real/mizxozzqsb.jpg,laion,0,0.13636953481054215
diffusion_datasets/laion/0_real/rzvoxvfpaz.jpg,laion,0,5.198358952845903e-05
diffusion_datasets/laion/0_real/jrdflpqmct.jpg,laion,0,0.00927118272259707
diffusion_datasets/laion/0_real/qlhvuhhqol.jpg,laion,0,0.0019050904208288452
diffusion_datasets/laion/0_real/eaesoxacae.jpg,laion,0,9.75408143677292e-05
diffusion_datasets/laion/0_real/gxvvzagtkn.jpg,laion,0,0.04550075802664188
diffusion_datasets/laion/0_real/bjipeebzgu.jpg,laion,0,2.7264188568573995e-08
diffusion_datasets/laion/0_real/wrplkwvjrk.jpg,laion,0,0.13153317804799178
diffusion_datasets/laion/0_real/hzrxscnjew.jpg,laion,0,0.0001660104023638009
diffusion_datasets/laion/0_real/clnogwmxno.jpg,laion,0,0.0049740151830425065
diffusion_datasets/laion/0_real/jbsbxfrewb.jpg,laion,0,0.6075862524367504
diffusion_datasets/laion/0_real/aujwkgbadp.jpg,laion,0,0.014108929540249752
diffusion_datasets/laion/0_real/nfysclasrr.jpg,laion,0,2.8009810484720047e-05
diffusion_datasets/laion/0_real/iqijagswok.jpg,laion,0,0.14218504241358113
diffusion_datasets/laion/0_real/qtwdrpnjgz.jpg,laion,0,0.0013214064916205821
diffusion_datasets/ldm_200/1_fake/kszghluqlw.png,ldm_200,1,0.0008418272656136208
diffusion_datasets/ldm_200/1_fake/pirwlvliku.png,ldm_200,1,0.0006028292467875387
diffusion_datasets/ldm_200/1_fake/bxfbgvlfqu.png,ldm_200,1,0.00044760008543766935
diffusion_datasets/ldm_200/1_fake/ywjlbpxbjz.png,ldm_200,1,0.13409471979042817
diffusion_datasets/ldm_200/1_fake/yvwtaordyd.png,ldm_200,1,0.7712596842559579
diffusion_datasets/ldm_200/1_fake/ofgvdkgdnd.png,ldm_200,1,0.03895085008905843
diffusion_datasets/ldm_200/1_fake/vqrdytkinp.png,ldm_200,1,1.852906788704318e-05
diffusion_datasets/ldm_200/1_fake/vutxbsgjsz.png,ldm_200,1,0.0016261043131717244
diffusion_datasets/ldm_200/1_fake/wzdhwjmvgy.png,ldm_200,1,0.8592534641283552
diffusion_datasets/ldm_200/1_fake/rprdsmygod.png,ldm_200,1,1.995483906056062e-05
diffusion_datasets/ldm_200/1_fake/rzrzcujvqg.png,ldm_200,1,0.0024017404457147306
diffusion_datasets/ldm_200/1_fake/vmouwpueqp.png,ldm_200,1,0.0009279034790232279
diffusion_datasets/ldm_200/1_fake/eelzocmtws.png,ldm_200,1,0.8014943062514547
diffusion_datasets/ldm_200/1_fake/jhcimomcij.png,ldm_200,1,9.478573985703093e-06
diffusion_datasets/ldm_200/1_fake/alzrdyourf.png,ldm_200,1,2.4471166777434602e-05
diffusion_datasets/ldm_200/1_fake/bicflvshvw.png,ldm_200,1,0.040891334523248564
diffusion_datasets/ldm_200/1_fake/hptzommwzk.png,ldm_200,1,0.8852916536523431
diffusion_datasets/ldm_200/1_fake/ivvevnakub.png,ldm_200,1,0.012528032590369198
diffusion_datasets/ldm_200/1_fake/fjjzjquuqt.png,ldm_200,1,0.998876984630039
diffusion_datasets/ldm_200/1_fake/smmiazxocc.png,ldm_200,1,4.6138599197916176e-05
diffusion_datasets/ldm_200/1_fake/cubsnkbrrm.png,ldm_200,1,0.0008061103257521599
diffusion_datasets/ldm_200/1_fake/tnxiofobrb.png,ldm_200,1,0.030672069034979297
diffusion_datasets/ldm_200/1_fake/vmrobijbmc.png,ldm_200,1,0.001920752306878918
diffusion_datasets/ldm_200/1_fake/iqiospmdok.png,ldm_200,1,0.00038254225015273586
diffusion_datasets/ldm_200/1_fake/gayjhkcdkw.png,ldm_200,1,0.0020515470867495966
diffusion_datasets/ldm_200/1_fake/rpwhvvwxag.png,ldm_200,1,0.00038978477294139454
diffusion_datasets/ldm_200/1_fake/wketmynlnj.png,ldm_200,1,0.005072297653125561
diffusion_datasets/ldm_200/1_fake/vsivgpmche.png,ldm_200,1,0.00010602295263127098
diffusion_datasets/ldm_200/1_fake/oqgbxaotgn.png,ldm_200,1,0.0010115729544839006
diffusion_datasets/ldm_200/1_fake/orgateeurw.png,ldm_200,1,0.04962031343196124
diffusion_datasets/ldm_200/1_fake/fgizsruyxb.png,ldm_200,1,0.00021767140406267398
diffusion_datasets/ldm_200/1_fake/ftmhbluvwz.png,ldm_200,1,0.04075486818370076
diffusion_datasets/ldm_200/1_fake/temvvnfwvq.png,ldm_200,1,0.003629462683076343
diffusion_datasets/ldm_200/1_fake/kzaxlmhpyk.png,ldm_200,1,0.21393224943489236
diffusion_datasets/ldm_200/1_fake/mtftroydhh.png,ldm_200,1,0.009652449444743146
diffusion_datasets/ldm_200/1_fake/yaaqlxnzhi.png,ldm_200,1,0.02019508426933745
diffusion_datasets/ldm_200/1_fake/cyencgbdne.png,ldm_200,1,4.819516771437527e-05
diffusion_datasets/ldm_200/1_fake/crwemtqnoq.png,ldm_200,1,0.029656362944492795
diffusion_datasets/ldm_200/1_fake/bbupregfhp.png,ldm_200,1,5.027498124907454e-06
diffusion_datasets/ldm_200/1_fake/uqyyhogjkx.png,ldm_200,1,0.008250711689514556
diffusion_datasets/ldm_200/1_fake/pekxwkfhua.png,ldm_200,1,0.005877848478077366
diffusion_datasets/ldm_200/1_fake/dwgrruvbsz.png,ldm_200,1,0.39799391282794344
diffusion_datasets/ldm_200/1_fake/pjvqcnpfqy.png,ldm_200,1,0.0002825480414517657
diffusion_datasets/ldm_200/1_fake/xiubxgyhcs.png,ldm_200,1,0.01317700177108575
diffusion_datasets/ldm_200/1_fake/ouirlfwsyx.png,ldm_200,1,0.006149226751738384
diffusion_datasets/ldm_200/1_fake/vpruwhsipu.png,ldm_200,1,0.0012292022697026586
diffusion_datasets/ldm_200/1_fake/imkvcjrnck.png,ldm_200,1,0.014719153138591309
diffusion_datasets/ldm_200/1_fake/newahshtuc.png,ldm_200,1,3.5026267943629813e-06
diffusion_datasets/ldm_200/1_fake/aociqzuesd.png,ldm_200,1,0.00024269341824535766
diffusion_datasets/ldm_200/1_fake/hhhwzgcieg.png,ldm_200,1,0.005613938027342138
diffusion_datasets/ldm_200/1_fake/utfokfmmbf.png,ldm_200,1,0.5077348229862944
diffusion_datasets/ldm_200/1_fake/shkxdbeqpn.png,ldm_200,1,0.12146789286287983
diffusion_datasets/ldm_200/1_fake/titltoewou.png,ldm_200,1,1.2050860634910825e-06
diffusion_datasets/ldm_200/1_fake/kxyebvmqsl.png,ldm_200,1,0.800425079003473
diffusion_datasets/ldm_200/1_fake/eoacigirrk.png,ldm_200,1,0.2128054578183128
diffusion_datasets/ldm_200/1_fake/bxoicyhddk.png,ldm_200,1,0.005504057401604873
diffusion_datasets/ldm_200/1_fake/xoxubdjnhe.png,ldm_200,1,3.544653358835846e-05
diffusion_datasets/ldm_200/1_fake/pfvgbusewt.png,ldm_200,1,0.11401013446007861
diffusion_datasets/ldm_200/1_fake/cxjsjqusph.png,ldm_200,1,0.0033902917366946876
diffusion_datasets/ldm_200/1_fake/hpmppyffov.png,ldm_200,1,0.007676961074247602
diffusion_datasets/ldm_200/1_fake/mkkaiicgks.png,ldm_200,1,0.003493282499334454
diffusion_datasets/ldm_200/1_fake/ftojusbwcq.png,ldm_200,1,0.0022665169543534046
diffusion_datasets/ldm_200/1_fake/uzjbonpwla.png,ldm_200,1,0.05245698203588647
diffusion_datasets/ldm_200/1_fake/clnogwmxno.png,ldm_200,1,0.0008099228970471867
diffusion_datasets/ldm_200/1_fake/ynescstwdk.png,ldm_200,1,0.00887753613028743
diffusion_datasets/ldm_200/1_fake/vwsjebonhl.png,ldm_200,1,0.003130572458417749
diffusion_datasets/ldm_200/1_fake/sbuowwvzjw.png,ldm_200,1,0.043154422806255345
diffusion_datasets/ldm_200/1_fake/hectwezedz.png,ldm_200,1,0.0012195012082164797
diffusion_datasets/ldm_200/1_fake/dimuqznulw.png,ldm_200,1,0.021053152600108982
diffusion_datasets/ldm_200/1_fake/myjibkfcjw.png,ldm_200,1,0.0006271190215087543
diffusion_datasets/ldm_200/1_fake/vwkbynfcdl.png,ldm_200,1,0.024221482411024044
diffusion_datasets/ldm_200/1_fake/bjipeebzgu.png,ldm_200,1,0.00042269659450412667
diffusion_datasets/ldm_200/1_fake/gsjragxgrg.png,ldm_200,1,0.00017074513966023542
diffusion_datasets/ldm_200/1_fake/yfnrrhachx.png,ldm_200,1,0.009402456975061988
diffusion_datasets/ldm_200/1_fake/fuqmkbouip.png,ldm_200,1,0.8832652692073759
diffusion_datasets/ldm_200/1_fake/usrafpawra.png,ldm_200,1,0.0703812481144809
diffusion_datasets/ldm_200/1_fake/llaiteusmv.png,ldm_200,1,1.972975225053852e-05
diffusion_datasets/ldm_200/1_fake/zdteumqsqf.png,ldm_200,1,0.001360459647460222
diffusion_datasets/ldm_200/1_fake/wipphellrw.png,ldm_200,1,0.8515889029510224
diffusion_datasets/ldm_200/1_fake/aadlygmazf.png,ldm_200,1,0.003917265386447967
diffusion_datasets/ldm_200/1_fake/cspmbvyjpm.png,ldm_200,1,0.06456596298877154
diffusion_datasets/ldm_200/1_fake/kwqbkshqjn.png,ldm_200,1,0.2992778775539432
diffusion_datasets/ldm_200/1_fake/kiimhjeatg.png,ldm_200,1,0.21983207589650633
diffusion_datasets/ldm_200/1_fake/kkqnltzvmr.png,ldm_200,1,7.018682473907848e-07
diffusion_datasets/ldm_200/1_fake/bzuoezatge.png,ldm_200,1,8.511433822951376e-05
diffusion_datasets/ldm_200/1_fake/dpsfehmqme.png,ldm_200,1,0.009687170132290793
diffusion_datasets/ldm_200/1_fake/ppufoaihkk.png,ldm_200,1,0.0003147390471504505
diffusion_datasets/ldm_200/1_fake/xdpqtpwyiz.png,ldm_200,1,0.565898731810109
diffusion_datasets/ldm_200/1_fake/nhmoimaaqz.png,ldm_200,1,7.143602904091892e-06
diffusion_datasets/ldm_200/1_fake/ccbrpvitlb.png,ldm_200,1,0.0008302381013329004
diffusion_datasets/ldm_200/1_fake/rsekavebcp.png,ldm_200,1,0.07392393443964253
diffusion_datasets/ldm_200/1_fake/mbkwfjqeay.png,ldm_200,1,0.0026026125669575727
diffusion_datasets/ldm_200/1_fake/hisyohahzi.png,ldm_200,1,0.4974390285745449
diffusion_datasets/ldm_200/1_fake/xvrgnnvmdu.png,ldm_200,1,8.182332406371288e-05
diffusion_datasets/ldm_200/1_fake/figfzyfhkt.png,ldm_200,1,0.6099723121345022
diffusion_datasets/ldm_200/1_fake/drnfeijjlp.png,ldm_200,1,0.008974413407335655
diffusion_datasets/ldm_200/1_fake/gropzgdcno.png,ldm_200,1,0.08134500866494132
diffusion_datasets/ldm_200/1_fake/ywhajfzors.png,ldm_200,1,0.0017873583900780555
diffusion_datasets/ldm_200/1_fake/qtwdrpnjgz.png,ldm_200,1,0.3117877195525005
diffusion_datasets/ldm_200/1_fake/ajefhvvxek.png,ldm_200,1,3.3149346280074654e-07
diffusion_datasets/ldm_200/1_fake/bqeilhkbun.png,ldm_200,1,0.13152376960578893
diffusion_datasets/ldm_200/1_fake/qyjvmgdrmq.png,ldm_200,1,0.045948179697598485
diffusion_datasets/ldm_200/1_fake/bbsnktsonl.png,ldm_200,1,0.014047730214058024
diffusion_datasets/ldm_200/1_fake/sevosnzutr.png,ldm_200,1,0.16626199507237704
diffusion_datasets/ldm_200/1_fake/npgjxoaxcz.png,ldm_200,1,0.9883312761563361
diffusion_datasets/ldm_200/1_fake/jnifdomopt.png,ldm_200,1,0.7051884953063989
diffusion_datasets/ldm_200/1_fake/jgyprvacek.png,ldm_200,1,0.11474692018837487
diffusion_datasets/ldm_200/1_fake/jzcptodnmr.png,ldm_200,1,0.05894220353984657
diffusion_datasets/ldm_200/1_fake/vwklacfxmw.png,ldm_200,1,9.307112292480391e-05
diffusion_datasets/ldm_200/1_fake/bbdiioaqyn.png,ldm_200,1,3.7756176850852746e-07
diffusion_datasets/ldm_200/1_fake/nejpnuzhor.png,ldm_200,1,0.0010875398559465252
diffusion_datasets/ldm_200/1_fake/umnlmiykjp.png,ldm_200,1,0.061852494692259063
diffusion_datasets/ldm_200/1_fake/cpyrataump.png,ldm_200,1,9.915211251481796e-06
diffusion_datasets/ldm_200/1_fake/awjhtixyqd.png,ldm_200,1,0.00945920330946956
diffusion_datasets/ldm_200/1_fake/qsndeimedb.png,ldm_200,1,3.528196486195411e-07
diffusion_datasets/ldm_200/1_fake/sltdkynkrd.png,ldm_200,1,0.9186949896523626
diffusion_datasets/ldm_200/1_fake/kysxvylzkk.png,ldm_200,1,0.008732142853484658
diffusion_datasets/ldm_200/1_fake/jmqnijkden.png,ldm_200,1,0.3891268442437264
diffusion_datasets/ldm_200/1_fake/bxmsmmxizq.png,ldm_200,1,9.056866105725709e-05
diffusion_datasets/ldm_200/1_fake/iibymqusjk.png,ldm_200,1,2.285642192303697e-06
diffusion_datasets/ldm_200/1_fake/xhhbffrquk.png,ldm_200,1,2.3968792184373317e-06
diffusion_datasets/ldm_200/1_fake/jezlovnknx.png,ldm_200,1,0.18352538386779524
diffusion_datasets/ldm_200/1_fake/siheeokstl.png,ldm_200,1,0.5438970223583137
diffusion_datasets/ldm_200/1_fake/ygbcaqrvep.png,ldm_200,1,0.21342635750865452
diffusion_datasets/ldm_200/1_fake/yxdmgabgrh.png,ldm_200,1,0.012082224816130274
diffusion_datasets/ldm_200/1_fake/bvbspxdfxz.png,ldm_200,1,0.0015770160306691704
diffusion_datasets/ldm_200/1_fake/qsuodtmksx.png,ldm_200,1,0.8869217831599745
diffusion_datasets/ldm_200/1_fake/jdoqiuxxvj.png,ldm_200,1,0.002024576324916513
diffusion_datasets/ldm_200/1_fake/lakovwneny.png,ldm_200,1,0.04997461217245419
diffusion_datasets/ldm_200/1_fake/rdudakwwfl.png,ldm_200,1,0.22704972042127475
diffusion_datasets/ldm_200/1_fake/sxbarbxbis.png,ldm_200,1,0.08691684201994852
diffusion_datasets/ldm_200/1_fake/qwawgjhkcz.png,ldm_200,1,0.4397428240631573
diffusion_datasets/ldm_200/1_fake/nhlvajciai.png,ldm_200,1,0.9746597446004344
diffusion_datasets/ldm_200/1_fake/nhcqvlreou.png,ldm_200,1,0.000699340311718293
diffusion_datasets/ldm_200/1_fake/wsbyyiugsn.png,ldm_200,1,0.8642672769237292
diffusion_datasets/ldm_200/1_fake/eayzvzrytx.png,ldm_200,1,0.005651802352779458
diffusion_datasets/ldm_200/1_fake/vjkzbfozoo.png,ldm_200,1,0.365052565561811
diffusion_datasets/ldm_200/1_fake/hjovhnpjdf.png,ldm_200,1,0.1523746703258301
diffusion_datasets/ldm_200/1_fake/fcgojsqxhw.png,ldm_200,1,0.4650386475027336
diffusion_datasets/ldm_200/1_fake/panagqebev.png,ldm_200,1,0.011910170191724526
diffusion_datasets/ldm_200/1_fake/vfhdjmajxv.png,ldm_200,1,0.0017046333125716364
diffusion_datasets/ldm_200/1_fake/ivswfntzwh.png,ldm_200,1,3.327005123558965e-05
diffusion_datasets/ldm_200/1_fake/cmuzaenxtt.png,ldm_200,1,0.4458812344077528
diffusion_datasets/ldm_200/1_fake/gczswsnqpp.png,ldm_200,1,0.002547022978861182
diffusion_datasets/ldm_200/1_fake/oertmmpfuq.png,ldm_200,1,0.008250922974059473
diffusion_datasets/ldm_200/1_fake/sxbfuikltb.png,ldm_200,1,0.964029654505347
diffusion_datasets/ldm_200/1_fake/pbblbgdzjz.png,ldm_200,1,0.48577888952280257
diffusion_datasets/ldm_200/1_fake/qtlexhtorg.png,ldm_200,1,0.20512650983086037
diffusion_datasets/ldm_200/1_fake/hxyxqnzbzd.png,ldm_200,1,0.004574886499556147
diffusion_datasets/ldm_200/1_fake/jezexlfhiq.png,ldm_200,1,0.0040334547022831905
diffusion_datasets/ldm_200/1_fake/oxkzwdrxay.png,ldm_200,1,2.7352684756214494e-06
diffusion_datasets/ldm_200/1_fake/fxxzogdrnu.png,ldm_200,1,0.00031827168215288834
diffusion_datasets/ldm_200/1_fake/tgzykjsqqa.png,ldm_200,1,0.7945086261950814
diffusion_datasets/ldm_200/1_fake/pcwvbmjrea.png,ldm_200,1,0.0004418734940325158
diffusion_datasets/ldm_200/1_fake/owymrcrmoo.png,ldm_200,1,0.1052328378321325
diffusion_datasets/ldm_200/1_fake/aowpbzokmp.png,ldm_200,1,0.652165133690586
diffusion_datasets/ldm_200/1_fake/wrplkwvjrk.png,ldm_200,1,0.9169116896009178
diffusion_datasets/ldm_200/1_fake/mtclcgxdyh.png,ldm_200,1,0.17040968414334412
diffusion_datasets/ldm_200/1_fake/xnesojheqr.png,ldm_200,1,1.7407993571484572e-05
diffusion_datasets/ldm_200/1_fake/yxyqoryjpu.png,ldm_200,1,0.02957589143276435
diffusion_datasets/ldm_200/1_fake/yecvsijdsn.png,ldm_200,1,0.029292740332891552
diffusion_datasets/ldm_200/1_fake/xvulqfblsf.png,ldm_200,1,0.07054201685101398
diffusion_datasets/ldm_200/1_fake/annkzxvqsz.png,ldm_200,1,0.08302722483534987
diffusion_datasets/ldm_200/1_fake/niehixqsig.png,ldm_200,1,0.6690375284743049
diffusion_datasets/ldm_200/1_fake/tptqwsoovh.png,ldm_200,1,7.466487533681768e-06
diffusion_datasets/ldm_200/1_fake/zxaydtvcbx.png,ldm_200,1,6.490703313537471e-05
diffusion_datasets/ldm_200/1_fake/iuwybjqiha.png,ldm_200,1,0.028012451553599136
diffusion_datasets/ldm_200/1_fake/qaafihkbbk.png,ldm_200,1,0.009752749099075286
diffusion_datasets/ldm_200/1_fake/vocoamkcza.png,ldm_200,1,0.062108723310548786
diffusion_datasets/ldm_200/1_fake/likeehktbp.png,ldm_200,1,0.000277275224184339
diffusion_datasets/ldm_200/1_fake/eqtzpzsbnp.png,ldm_200,1,0.24648732659102063
diffusion_datasets/ldm_200/1_fake/iqruwytkxd.png,ldm_200,1,2.2344886893360085e-05
diffusion_datasets/ldm_200/1_fake/sgnnltafbd.png,ldm_200,1,0.8088644712775477
diffusion_datasets/ldm_200/1_fake/qtpttlawjz.png,ldm_200,1,3.243231842452249e-05
diffusion_datasets/ldm_200/1_fake/xfhgbduucl.png,ldm_200,1,0.042374346365497376
diffusion_datasets/ldm_200/1_fake/mfoxhwrofa.png,ldm_200,1,0.4997777454299641
diffusion_datasets/ldm_200/1_fake/mbtqfbwlry.png,ldm_200,1,0.016532969077855827
diffusion_datasets/ldm_200/1_fake/ftobdflmuz.png,ldm_200,1,4.881773066089214e-07
diffusion_datasets/ldm_200/1_fake/mfmhhrlxuy.png,ldm_200,1,0.0017385094491776955
diffusion_datasets/ldm_200/1_fake/xqyjzhnfqu.png,ldm_200,1,0.5945615318811828
diffusion_datasets/ldm_200/1_fake/qpjsgmteke.png,ldm_200,1,7.380042454846398e-05
diffusion_datasets/ldm_200/1_fake/txviitvyvk.png,ldm_200,1,0.006981544741861818
diffusion_datasets/ldm_200/1_fake/sinwhncecv.png,ldm_200,1,0.0001088722218418318
diffusion_datasets/ldm_200/1_fake/qgxnqynxwh.png,ldm_200,1,0.8996398963069342
diffusion_datasets/ldm_200/1_fake/njslnjximf.png,ldm_200,1,0.05362687299176592
diffusion_datasets/ldm_200/1_fake/ewspkgvjkv.png,ldm_200,1,0.007697807272952246
diffusion_datasets/ldm_200/1_fake/ciwgbjibcd.png,ldm_200,1,1.9442585408363666e-05
diffusion_datasets/ldm_200/1_fake/smdvfqmevj.png,ldm_200,1,0.1770686211664505
diffusion_datasets/ldm_200/1_fake/spuypppvyh.png,ldm_200,1,0.06887706494087219
diffusion_datasets/ldm_200/1_fake/yatxnhyhyw.png,ldm_200,1,0.10795082949517135
diffusion_datasets/ldm_200/1_fake/llmwutwhbl.png,ldm_200,1,0.06995602880976258
diffusion_datasets/ldm_200/1_fake/vrwfguctin.png,ldm_200,1,0.009105737438649947
diffusion_datasets/ldm_200/1_fake/uesrfqrmys.png,ldm_200,1,0.03783882324805121
diffusion_datasets/ldm_200/1_fake/muszivpifs.png,ldm_200,1,0.011777732487457268
diffusion_datasets/ldm_200/1_fake/zdqmadvhbl.png,ldm_200,1,0.5947353277523029
diffusion_datasets/ldm_200/1_fake/mzwodmlccu.png,ldm_200,1,0.08378492997644849
diffusion_datasets/ldm_200/1_fake/ikesdclcne.png,ldm_200,1,0.001676808838678006
diffusion_datasets/ldm_200/1_fake/wcuupgwotu.png,ldm_200,1,0.22271106105267308
diffusion_datasets/ldm_200/1_fake/kgmqyotoqo.png,ldm_200,1,0.9177438856400647
diffusion_datasets/ldm_200/1_fake/ixykpgtooh.png,ldm_200,1,0.03349470573707176
diffusion_datasets/ldm_200/1_fake/tgkezflbjz.png,ldm_200,1,0.0026752714834946097
diffusion_datasets/ldm_200/1_fake/lmbvfedfye.png,ldm_200,1,0.9430767302794105
diffusion_datasets/ldm_200/1_fake/gfdekurnbz.png,ldm_200,1,0.005596239967161357
diffusion_datasets/ldm_200/1_fake/rtbrwgwkho.png,ldm_200,1,8.189769758517123e-06
diffusion_datasets/ldm_200/1_fake/splerbaidx.png,ldm_200,1,0.01731477611339526
diffusion_datasets/ldm_200/1_fake/wekyyrslyw.png,ldm_200,1,0.2779496896858122
diffusion_datasets/ldm_200/1_fake/kqmbpossfq.png,ldm_200,1,1.2026512227922217e-06
diffusion_datasets/ldm_200/1_fake/fwqtzyeait.png,ldm_200,1,0.044980272873092364
diffusion_datasets/ldm_200/1_fake/rlarzjlvnd.png,ldm_200,1,0.00797525604901943
diffusion_datasets/ldm_200/1_fake/adizyjvxam.png,ldm_200,1,6.398289676677633e-06
diffusion_datasets/ldm_200/1_fake/jbteyioohc.png,ldm_200,1,0.0001260455216418904
diffusion_datasets/ldm_200/1_fake/fihznganle.png,ldm_200,1,6.887014294767733e-05
diffusion_datasets/ldm_200/1_fake/krqkilakxw.png,ldm_200,1,7.947019223263432e-05
diffusion_datasets/ldm_200/1_fake/ascyfbgfmn.png,ldm_200,1,0.1853388971768507
diffusion_datasets/ldm_200/1_fake/wtzwjbopzy.png,ldm_200,1,0.00016650623273885276
diffusion_datasets/ldm_200/1_fake/izuqfuuvtc.png,ldm_200,1,0.8883393599806652
diffusion_datasets/ldm_200/1_fake/crzzjqmtan.png,ldm_200,1,0.006011047137655965
diffusion_datasets/ldm_200/1_fake/kobditubhr.png,ldm_200,1,0.0006872355583928605
diffusion_datasets/ldm_200/1_fake/nypkpjmzri.png,ldm_200,1,0.8051615145972838
diffusion_datasets/ldm_200/1_fake/nrzbgujfll.png,ldm_200,1,0.004136447186884759
diffusion_datasets/ldm_200/1_fake/pptvyzosrk.png,ldm_200,1,0.00916527643629627
diffusion_datasets/ldm_200/1_fake/gwwimiekeh.png,ldm_200,1,0.24591023128892703
diffusion_datasets/ldm_200/1_fake/gxvvzagtkn.png,ldm_200,1,0.0019732771637132247
diffusion_datasets/ldm_200/1_fake/jrzuxwwxsh.png,ldm_200,1,0.12142046573950428
diffusion_datasets/ldm_200/1_fake/llbqajpkux.png,ldm_200,1,0.8939889117761868
diffusion_datasets/ldm_200/1_fake/psosqfwlqc.png,ldm_200,1,0.025943178809464063
diffusion_datasets/ldm_200/1_fake/ddeuvxknie.png,ldm_200,1,3.718044581333762e-05
diffusion_datasets/ldm_200/1_fake/fegqolkrls.png,ldm_200,1,0.00038387314090965733
diffusion_datasets/ldm_200/1_fake/vcuznpgkuo.png,ldm_200,1,0.6050483729047479
diffusion_datasets/ldm_200/1_fake/hjshyxnjca.png,ldm_200,1,0.2539994692761569
diffusion_datasets/ldm_200/1_fake/iwkrlrqsbn.png,ldm_200,1,0.005622867309035255
diffusion_datasets/ldm_200/1_fake/vpokhpnoyy.png,ldm_200,1,9.723486825860348e-07
diffusion_datasets/ldm_200/1_fake/spnummyudf.png,ldm_200,1,0.02378417058979275
diffusion_datasets/ldm_200/1_fake/nipnhttkcg.png,ldm_200,1,0.4256306995751202
diffusion_datasets/ldm_200/1_fake/fvbwueqmmc.png,ldm_200,1,0.0019301085488986358
diffusion_datasets/ldm_200/1_fake/psvhorutyv.png,ldm_200,1,0.5005170685700203
diffusion_datasets/ldm_200/1_fake/oyxvwvxuzr.png,ldm_200,1,0.0011873483141791416
diffusion_datasets/ldm_200/1_fake/vftoepxxkj.png,ldm_200,1,0.11016900594714474
diffusion_datasets/ldm_200/1_fake/rigaxqbjbr.png,ldm_200,1,0.5922910458214105
diffusion_datasets/ldm_200/1_fake/eltlpjgnai.png,ldm_200,1,0.00033096373963991023
diffusion_datasets/ldm_200/1_fake/umhgkshvea.png,ldm_200,1,0.009742366373013322
diffusion_datasets/ldm_200/1_fake/fksurkvzeg.png,ldm_200,1,0.005846605902996431
diffusion_datasets/ldm_200/1_fake/njrelhtzux.png,ldm_200,1,0.001361409366787027
diffusion_datasets/ldm_200/1_fake/cmgdpkxuef.png,ldm_200,1,0.0002669377294982554
diffusion_datasets/ldm_200/1_fake/omsyxrsufp.png,ldm_200,1,0.1270948052849924
diffusion_datasets/ldm_200/1_fake/dbmufhmuzs.png,ldm_200,1,0.011218530554748396
diffusion_datasets/ldm_200/1_fake/qbhxmjxsev.png,ldm_200,1,0.00010651618697890164
diffusion_datasets/ldm_200/1_fake/nyrfgpglht.png,ldm_200,1,2.3571000047934985e-05
diffusion_datasets/ldm_200/1_fake/bsoomuiluf.png,ldm_200,1,0.004249121885246359
diffusion_datasets/ldm_200/1_fake/ifqwneltpg.png,ldm_200,1,0.13310856766972395
diffusion_datasets/ldm_200/1_fake/leadpebgwn.png,ldm_200,1,0.07963510694350112
diffusion_datasets/ldm_200/1_fake/ncyvrxsbym.png,ldm_200,1,0.00020216420039105874
diffusion_datasets/ldm_200/1_fake/hbdtraluzp.png,ldm_200,1,0.7828697775652815
diffusion_datasets/ldm_200/1_fake/ktsfcdbxkp.png,ldm_200,1,0.035539646073156454
diffusion_datasets/ldm_200/1_fake/hiqkigzfrk.png,ldm_200,1,0.4360072376266645
diffusion_datasets/ldm_200/1_fake/qkkcelqgiq.png,ldm_200,1,0.10147085690045626
diffusion_datasets/ldm_200/1_fake/yytnnkmkun.png,ldm_200,1,0.9859126766736264
diffusion_datasets/ldm_200/1_fake/vmlzuywhlr.png,ldm_200,1,0.9879169324736927
diffusion_datasets/ldm_200/1_fake/dbifuulczh.png,ldm_200,1,0.0008237649108658842
diffusion_datasets/ldm_200/1_fake/fzmzemtxkr.png,ldm_200,1,0.0003818664331939447
diffusion_datasets/ldm_200/1_fake/uwzfugbfno.png,ldm_200,1,0.06155479676115234
diffusion_datasets/ldm_200/1_fake/fdetgrcfyf.png,ldm_200,1,0.10600402590471442
diffusion_datasets/ldm_200/1_fake/owavsapwhv.png,ldm_200,1,0.0006288814958335918
diffusion_datasets/ldm_200/1_fake/xnidvmnavp.png,ldm_200,1,3.50066647836503e-05
diffusion_datasets/ldm_200/1_fake/ybpiflwjwj.png,ldm_200,1,0.006851117954305858
diffusion_datasets/ldm_200/1_fake/xjokdvoxpk.png,ldm_200,1,0.0008022564721709049
diffusion_datasets/ldm_200/1_fake/vfjqbhhdhb.png,ldm_200,1,0.012771846710018978
diffusion_datasets/ldm_200/1_fake/hhlwjuqsbz.png,ldm_200,1,2.2354616808054773e-05
diffusion_datasets/ldm_200/1_fake/pepkgtkonx.png,ldm_200,1,0.007964614429657894
diffusion_datasets/ldm_200/1_fake/lkealtdsyd.png,ldm_200,1,0.8975313498180638
diffusion_datasets/ldm_200/1_fake/nvglpmddru.png,ldm_200,1,1.260008170166048e-06
diffusion_datasets/ldm_200/1_fake/rtiaijvnif.png,ldm_200,1,5.148497013529195e-05
diffusion_datasets/ldm_200/1_fake/ahnijblsap.png,ldm_200,1,0.5813762517766147
diffusion_datasets/ldm_200/1_fake/paozbcurkw.png,ldm_200,1,0.008279240750297557
diffusion_datasets/ldm_200/1_fake/pwhjtzqmis.png,ldm_200,1,0.0022809637240137986
diffusion_datasets/ldm_200/1_fake/vispixnoqk.png,ldm_200,1,0.00045452147007951773
diffusion_datasets/ldm_200/1_fake/cvohxivzjd.png,ldm_200,1,0.014032161555350106
diffusion_datasets/ldm_200/1_fake/hypftiguck.png,ldm_200,1,0.9572813837527362
diffusion_datasets/ldm_200/1_fake/hrdlxdegxy.png,ldm_200,1,0.012269010687200144
diffusion_datasets/ldm_200/1_fake/devyzpyxmr.png,ldm_200,1,0.001979679279073492
diffusion_datasets/ldm_200/1_fake/tbxpyvxjym.png,ldm_200,1,0.4328651859527826
diffusion_datasets/ldm_200/1_fake/nfysclasrr.png,ldm_200,1,0.00017105543303043086
diffusion_datasets/ldm_200/1_fake/odhzcmznnr.png,ldm_200,1,0.008581473639308687
diffusion_datasets/ldm_200/1_fake/ikiqryhfmf.png,ldm_200,1,0.003007470969445061
diffusion_datasets/ldm_200/1_fake/usipjcyjoy.png,ldm_200,1,6.483666421611784e-06
diffusion_datasets/ldm_200/1_fake/ybihqfczqf.png,ldm_200,1,0.4927615431838428
diffusion_datasets/ldm_200/1_fake/zrifjlbkwb.png,ldm_200,1,0.30315435160264964
diffusion_datasets/ldm_200/1_fake/jhuyduptth.png,ldm_200,1,0.01841431349126755
diffusion_datasets/ldm_200/1_fake/abaxzegfoi.png,ldm_200,1,0.6300170420582908
diffusion_datasets/ldm_200/1_fake/evwfvofdll.png,ldm_200,1,0.525632552276956
diffusion_datasets/ldm_200/1_fake/yrantjwhqk.png,ldm_200,1,0.9763689371659796
diffusion_datasets/ldm_200/1_fake/lizvdcrrbp.png,ldm_200,1,0.4051838487093565
diffusion_datasets/ldm_200/1_fake/uvweqxeurs.png,ldm_200,1,0.05860016461068856
diffusion_datasets/ldm_200/1_fake/gdomuubpmo.png,ldm_200,1,0.0012661850821402978
diffusion_datasets/ldm_200/1_fake/klcsuijwqh.png,ldm_200,1,0.09099227965882346
diffusion_datasets/ldm_200/1_fake/efgchmasis.png,ldm_200,1,0.0006766729307046438
diffusion_datasets/ldm_200/1_fake/zynieagnms.png,ldm_200,1,2.0528868020611884e-05
diffusion_datasets/ldm_200/1_fake/tvhyjyjvbi.png,ldm_200,1,0.059493638495009146
diffusion_datasets/ldm_200/1_fake/vkjmgldjai.png,ldm_200,1,0.00042546119697795985
diffusion_datasets/ldm_200/1_fake/smlabsrifo.png,ldm_200,1,0.00871362302556105
diffusion_datasets/ldm_200/1_fake/dsxuevcdxk.png,ldm_200,1,1.9281645324001657e-05
diffusion_datasets/ldm_200/1_fake/znxaufdjpv.png,ldm_200,1,0.6373873245577758
diffusion_datasets/ldm_200/1_fake/wbcncldemw.png,ldm_200,1,0.05815570757229016
diffusion_datasets/ldm_200/1_fake/olecerouzv.png,ldm_200,1,0.22912941670179202
diffusion_datasets/ldm_200/1_fake/ybpkzmxsoj.png,ldm_200,1,9.513756704219272e-05
diffusion_datasets/ldm_200/1_fake/jecdlrpjba.png,ldm_200,1,0.005748307170666451
diffusion_datasets/ldm_200/1_fake/lsvzbqhxgl.png,ldm_200,1,1.0433436341246664e-07
diffusion_datasets/ldm_200/1_fake/msccvtyrqo.png,ldm_200,1,0.18742960716879503
diffusion_datasets/ldm_200/1_fake/oulguvnvpq.png,ldm_200,1,0.0009785466214757386
diffusion_datasets/ldm_200/1_fake/ukoxsbspvb.png,ldm_200,1,0.013475572808179915
diffusion_datasets/ldm_200/1_fake/gaephzrdih.png,ldm_200,1,0.007809602378455476
diffusion_datasets/ldm_200/1_fake/rrcbbbylog.png,ldm_200,1,0.2845470417678539
diffusion_datasets/ldm_200/1_fake/lkwvbsljma.png,ldm_200,1,0.0004952965834880691
diffusion_datasets/ldm_200/1_fake/xdudczawtx.png,ldm_200,1,0.14117484774753877
diffusion_datasets/ldm_200/1_fake/jrdflpqmct.png,ldm_200,1,0.00452130054293218
diffusion_datasets/ldm_200/1_fake/gaezkwugoh.png,ldm_200,1,0.006308266379794131
diffusion_datasets/ldm_200/1_fake/lxdnodpvuz.png,ldm_200,1,0.09010568494267455
diffusion_datasets/ldm_200/1_fake/rsiiuivgsv.png,ldm_200,1,0.00469609476581068
diffusion_datasets/ldm_200/1_fake/wkkhoodytf.png,ldm_200,1,0.9022438950544138
diffusion_datasets/ldm_200/1_fake/yeysnhxrmp.png,ldm_200,1,0.37953911550728214
diffusion_datasets/ldm_200/1_fake/zbnbosutcn.png,ldm_200,1,0.000294544155473875
diffusion_datasets/ldm_200/1_fake/ovebmmaneb.png,ldm_200,1,0.005270519936781107
diffusion_datasets/ldm_200/1_fake/cubclpdlyb.png,ldm_200,1,0.00021360205416433067
diffusion_datasets/ldm_200/1_fake/ygsthmtuoh.png,ldm_200,1,0.008874206550569464
diffusion_datasets/ldm_200/1_fake/gnjefwyemy.png,ldm_200,1,0.009836702885516711
diffusion_datasets/ldm_200/1_fake/jirfxpsjiz.png,ldm_200,1,0.5965588220053671
diffusion_datasets/ldm_200/1_fake/rakzbwxeme.png,ldm_200,1,0.642107337740435
diffusion_datasets/ldm_200/1_fake/rxrwofckks.png,ldm_200,1,0.1894851996930472
diffusion_datasets/ldm_200/1_fake/xtupempfsd.png,ldm_200,1,0.014932322204024474
diffusion_datasets/ldm_200/1_fake/lgpvmdfncv.png,ldm_200,1,0.0005443497750530387
diffusion_datasets/ldm_200/1_fake/sneggiimdk.png,ldm_200,1,0.07570425816878074
diffusion_datasets/ldm_200/1_fake/uzgkdnsvbt.png,ldm_200,1,9.696221911601457e-06
diffusion_datasets/ldm_200/1_fake/idxzmkymeu.png,ldm_200,1,0.0003249862047233713
diffusion_datasets/ldm_200/1_fake/rtkpyywobl.png,ldm_200,1,0.2891730914678885
diffusion_datasets/ldm_200/1_fake/skkprfujmw.png,ldm_200,1,1.7890458755618224e-06
diffusion_datasets/ldm_200/1_fake/ykyioyylud.png,ldm_200,1,0.0006046178938102391
diffusion_datasets/ldm_200/1_fake/sdpkvjboba.png,ldm_200,1,0.0022614846900669452
diffusion_datasets/ldm_200/1_fake/itvslvcuiy.png,ldm_200,1,0.00478799943873078
diffusion_datasets/ldm_200/1_fake/fjxuybiebs.png,ldm_200,1,0.9516021615240331
diffusion_datasets/ldm_200/1_fake/rpggiliowp.png,ldm_200,1,0.5368801078325798
diffusion_datasets/ldm_200/1_fake/timdfnwgho.png,ldm_200,1,0.857132866257238
diffusion_datasets/ldm_200/1_fake/qdnqcoyzar.png,ldm_200,1,6.722890084599346e-05
diffusion_datasets/ldm_200/1_fake/bghliglwng.png,ldm_200,1,0.16586874162356008
diffusion_datasets/ldm_200/1_fake/gacytxnrbg.png,ldm_200,1,0.026302835951946362
diffusion_datasets/ldm_200/1_fake/fmlqvsmgwg.png,ldm_200,1,0.12797549017053947
diffusion_datasets/ldm_200/1_fake/vcbnrxukwp.png,ldm_200,1,0.9674779120210544
diffusion_datasets/ldm_200/1_fake/ranqpkoerl.png,ldm_200,1,0.5284796643906498
diffusion_datasets/ldm_200/1_fake/ttfwqkviia.png,ldm_200,1,0.00035569454991431367
diffusion_datasets/ldm_200/1_fake/qgkzujpyka.png,ldm_200,1,0.000598400472770283
diffusion_datasets/ldm_200/1_fake/szocurmzdp.png,ldm_200,1,0.00020438105076410536
diffusion_datasets/ldm_200/1_fake/olxhrrlaut.png,ldm_200,1,0.011649316293744588
diffusion_datasets/ldm_200/1_fake/hnsubaglth.png,ldm_200,1,7.6147961097652e-07
diffusion_datasets/ldm_200/1_fake/xmyblzhwwh.png,ldm_200,1,7.261796437109023e-05
diffusion_datasets/ldm_200/1_fake/qhnjseyjbw.png,ldm_200,1,7.049711307537762e-06
diffusion_datasets/ldm_200/1_fake/pcudblgobu.png,ldm_200,1,0.0011539449189540754
diffusion_datasets/ldm_200/1_fake/ayibbogxvl.png,ldm_200,1,0.036158038870714476
diffusion_datasets/ldm_200/1_fake/dbcoycuiyt.png,ldm_200,1,0.2825079198772528
diffusion_datasets/ldm_200/1_fake/wfyfdsoqjb.png,ldm_200,1,0.35089148243110857
diffusion_datasets/ldm_200/1_fake/oqargxuywp.png,ldm_200,1,0.70070813951426
diffusion_datasets/ldm_200/1_fake/ndjgpgfppo.png,ldm_200,1,0.03987644054426309
diffusion_datasets/ldm_200/1_fake/exoglvpvei.png,ldm_200,1,0.0009310423887929788
diffusion_datasets/ldm_200/1_fake/vumdsauhht.png,ldm_200,1,0.006230554833607852
diffusion_datasets/ldm_200/1_fake/fneghrqtsf.png,ldm_200,1,0.3316074789922316
diffusion_datasets/ldm_200/1_fake/ffuzczfqav.png,ldm_200,1,0.350109027051916
diffusion_datasets/ldm_200/1_fake/tflsufulfn.png,ldm_200,1,0.01003576436544337
diffusion_datasets/ldm_200/1_fake/djumibnmaq.png,ldm_200,1,4.068411333480434e-05
diffusion_datasets/ldm_200/1_fake/bljmtryslc.png,ldm_200,1,0.4310395655583259
diffusion_datasets/ldm_200/1_fake/wrmxjiicmz.png,ldm_200,1,5.286487468559987e-07
diffusion_datasets/ldm_200/1_fake/jgmtkjqepx.png,ldm_200,1,0.0037763675126741016
diffusion_datasets/ldm_200/1_fake/zoxknkpgoh.png,ldm_200,1,0.834613295262108
diffusion_datasets/ldm_200/1_fake/tvdnjojlmh.png,ldm_200,1,0.00037214226464454435
diffusion_datasets/ldm_200/1_fake/hcyfeanpao.png,ldm_200,1,0.00700029098165466
diffusion_datasets/ldm_200/1_fake/xxxlutdoia.png,ldm_200,1,0.06075903789850488
diffusion_datasets/ldm_200/1_fake/czkhjnfjgr.png,ldm_200,1,0.00037303578794821375
diffusion_datasets/ldm_200/1_fake/qngsmynlht.png,ldm_200,1,0.019190848150118938
diffusion_datasets/ldm_200/1_fake/szebyvzlqt.png,ldm_200,1,0.5563855180616153
diffusion_datasets/ldm_200/1_fake/utlevcsfzc.png,ldm_200,1,0.10386150239706368
diffusion_datasets/ldm_200/1_fake/qlhvuhhqol.png,ldm_200,1,0.00028035523518588106
diffusion_datasets/ldm_200/1_fake/dhjedfczru.png,ldm_200,1,0.9324049899591552
diffusion_datasets/ldm_200/1_fake/dhepjncjkt.png,ldm_200,1,0.0003704654689377363
diffusion_datasets/ldm_200/1_fake/tigzfxjaeg.png,ldm_200,1,0.01491604734467421
diffusion_datasets/ldm_200/1_fake/wiweponjic.png,ldm_200,1,0.007331136015010019
diffusion_datasets/ldm_200/1_fake/tycynadkoj.png,ldm_200,1,0.3150773875313651
diffusion_datasets/ldm_200/1_fake/mtuopsldka.png,ldm_200,1,7.743931098875893e-06
diffusion_datasets/ldm_200/1_fake/mhaimbeqgl.png,ldm_200,1,0.06615271920044412
diffusion_datasets/ldm_200/1_fake/qofcjlhwbv.png,ldm_200,1,0.032016640196732254
diffusion_datasets/ldm_200/1_fake/flislizwvd.png,ldm_200,1,0.008289635525889063
diffusion_datasets/ldm_200/1_fake/fvfgzexjcm.png,ldm_200,1,5.4267996772417387e-05
diffusion_datasets/ldm_200/1_fake/fwnswugajt.png,ldm_200,1,0.9965159508654486
diffusion_datasets/ldm_200/1_fake/psvmrypqai.png,ldm_200,1,0.0010335667903563347
diffusion_datasets/ldm_200/1_fake/jgcuwqiqsa.png,ldm_200,1,0.01173287103855941
diffusion_datasets/ldm_200/1_fake/gjpzqplype.png,ldm_200,1,0.053995730984305886
diffusion_datasets/ldm_200/1_fake/ycojahdoqs.png,ldm_200,1,0.00046341791481811426
diffusion_datasets/ldm_200/1_fake/lvndezxcir.png,ldm_200,1,0.22636212915646683
diffusion_datasets/ldm_200/1_fake/vueczavslq.png,ldm_200,1,0.18300651735294446
diffusion_datasets/ldm_200/1_fake/hkjmvhgmso.png,ldm_200,1,0.00045457047459700276
diffusion_datasets/ldm_200/1_fake/swhkqaywlh.png,ldm_200,1,0.051254681468823574
diffusion_datasets/ldm_200/1_fake/arfbiucpar.png,ldm_200,1,0.0022895068105472315
diffusion_datasets/ldm_200/1_fake/njnnphhwll.png,ldm_200,1,0.07694431853717121
diffusion_datasets/ldm_200/1_fake/okuolqaypa.png,ldm_200,1,0.44286274769058237
diffusion_datasets/ldm_200/1_fake/rjddhlzmqd.png,ldm_200,1,0.288257032129472
diffusion_datasets/ldm_200/1_fake/fnjmysjhqo.png,ldm_200,1,0.0004683690644660193
diffusion_datasets/ldm_200/1_fake/uxbuickkha.png,ldm_200,1,0.0465841618522775
diffusion_datasets/ldm_200/1_fake/htpewtqebr.png,ldm_200,1,0.3830832406689001
diffusion_datasets/ldm_200/1_fake/uvsazktssr.png,ldm_200,1,0.022800188259079524
diffusion_datasets/ldm_200/1_fake/yyfgzdkznw.png,ldm_200,1,0.7232606301248903
diffusion_datasets/ldm_200/1_fake/bbqlufpjnl.png,ldm_200,1,0.12664570660845706
diffusion_datasets/ldm_200/1_fake/jsytpmwrvb.png,ldm_200,1,0.010903486558089846
diffusion_datasets/ldm_200/1_fake/ueoeojrsyj.png,ldm_200,1,8.920789071567422e-05
diffusion_datasets/ldm_200/1_fake/ogdtdsagel.png,ldm_200,1,3.6428576729269955e-06
diffusion_datasets/ldm_200/1_fake/snjzonvpow.png,ldm_200,1,0.00017169454371802816
diffusion_datasets/ldm_200/1_fake/djfymdweky.png,ldm_200,1,0.44932292147972835
diffusion_datasets/ldm_200/1_fake/jbsbxfrewb.png,ldm_200,1,0.0002064200158122069
diffusion_datasets/ldm_200/1_fake/mltvjsqnjm.png,ldm_200,1,0.26775862899610686
diffusion_datasets/ldm_200/1_fake/gkbjdvwiuz.png,ldm_200,1,0.15609379360127515
diffusion_datasets/ldm_200/1_fake/yqqmbglayb.png,ldm_200,1,0.021672433585676703
diffusion_datasets/ldm_200/1_fake/hrayggkgxb.png,ldm_200,1,0.019886173837089825
diffusion_datasets/ldm_200/1_fake/sssvouruij.png,ldm_200,1,0.00038338582190540374
diffusion_datasets/ldm_200/1_fake/gxexzzlcld.png,ldm_200,1,0.0015041520373622291
diffusion_datasets/ldm_200/1_fake/usxygmfmlb.png,ldm_200,1,0.0006445537348161991
diffusion_datasets/ldm_200/1_fake/hdcbgrxqza.png,ldm_200,1,0.9932816561344777
diffusion_datasets/ldm_200/1_fake/mpozbazafp.png,ldm_200,1,0.00010861279399816395
diffusion_datasets/ldm_200/1_fake/xuzzmcdpux.png,ldm_200,1,0.6460200373051015
diffusion_datasets/ldm_200/1_fake/dldztvvwrt.png,ldm_200,1,0.11515385976250231
diffusion_datasets/ldm_200/1_fake/hdtfurantf.png,ldm_200,1,0.012286474521452342
diffusion_datasets/ldm_200/1_fake/wgrmpdejfv.png,ldm_200,1,8.778478428283042e-05
diffusion_datasets/ldm_200/1_fake/lqrkxsvuvt.png,ldm_200,1,0.4228591370596528
diffusion_datasets/ldm_200/1_fake/dtvfjwtgbk.png,ldm_200,1,0.025569263869469765
diffusion_datasets/ldm_200/1_fake/vitzpaholy.png,ldm_200,1,9.943224513785179e-06
diffusion_datasets/ldm_200/1_fake/zniuujlsax.png,ldm_200,1,0.001988267147489003
diffusion_datasets/ldm_200/1_fake/ponotiiits.png,ldm_200,1,0.009670093272989176
diffusion_datasets/ldm_200/1_fake/gchslncruv.png,ldm_200,1,2.964591138220827e-06
diffusion_datasets/ldm_200/1_fake/vyjvqkrjmv.png,ldm_200,1,4.769146763038945e-05
diffusion_datasets/ldm_200/1_fake/wsbgevekgf.png,ldm_200,1,0.0024835259571453325
diffusion_datasets/ldm_200/1_fake/msdsnlzcre.png,ldm_200,1,0.05058135396094467
diffusion_datasets/ldm_200/1_fake/jefxajnwbk.png,ldm_200,1,0.05516714705769001
diffusion_datasets/ldm_200/1_fake/vipmyyceny.png,ldm_200,1,0.8205556747452415
diffusion_datasets/ldm_200/1_fake/slrtleyncm.png,ldm_200,1,0.011987015427892893
diffusion_datasets/ldm_200/1_fake/jpkbhfmhql.png,ldm_200,1,0.021058677032554797
diffusion_datasets/ldm_200/1_fake/mcsihazpje.png,ldm_200,1,0.009543406839496282
diffusion_datasets/ldm_200/1_fake/bulfplvjow.png,ldm_200,1,0.016824759477797428
diffusion_datasets/ldm_200/1_fake/rjdnzhbvwc.png,ldm_200,1,0.23513519986822
diffusion_datasets/ldm_200/1_fake/ruyafogtjk.png,ldm_200,1,0.0034162584682052508
diffusion_datasets/ldm_200/1_fake/gudkwzmgfo.png,ldm_200,1,0.00029650803994337767
diffusion_datasets/ldm_200/1_fake/rbihqctsdb.png,ldm_200,1,7.635138632374808e-06
diffusion_datasets/ldm_200/1_fake/hnfbzeaoqb.png,ldm_200,1,0.1005749055389447
diffusion_datasets/ldm_200/1_fake/xbwwtavscv.png,ldm_200,1,0.1227465160141721
diffusion_datasets/ldm_200/1_fake/ugrxyyeknx.png,ldm_200,1,0.0003985041772060919
diffusion_datasets/ldm_200/1_fake/frrzmsczog.png,ldm_200,1,0.0002760275654758744
diffusion_datasets/ldm_200/1_fake/vblsrmonrr.png,ldm_200,1,0.29131717281114167
diffusion_datasets/ldm_200/1_fake/ykhbfkbqqc.png,ldm_200,1,1.933877538167738e-05
diffusion_datasets/ldm_200/1_fake/xpdelxvksw.png,ldm_200,1,6.188000814328448e-05
diffusion_datasets/ldm_200/1_fake/vofhkesmtv.png,ldm_200,1,0.1323394135080572
diffusion_datasets/ldm_200/1_fake/qbannzwxnv.png,ldm_200,1,0.27353776652757256
diffusion_datasets/ldm_200/1_fake/dsxzmqgrfv.png,ldm_200,1,0.24611090422866547
diffusion_datasets/ldm_200/1_fake/gckzbyionz.png,ldm_200,1,0.3265380222927581
diffusion_datasets/ldm_200/1_fake/aqfnjpltvb.png,ldm_200,1,2.995905454503638e-06
diffusion_datasets/ldm_200/1_fake/nnuuhindgj.png,ldm_200,1,0.1975191018496836
diffusion_datasets/ldm_200/1_fake/lfpytrxtnd.png,ldm_200,1,0.0013003681872805952
diffusion_datasets/ldm_200/1_fake/hsvrfsodig.png,ldm_200,1,0.26955919407907014
diffusion_datasets/ldm_200/1_fake/ohycivlfdy.png,ldm_200,1,1.4970965022835265e-07
diffusion_datasets/ldm_200/1_fake/zzrybysskm.png,ldm_200,1,1.0045441271042591e-06
diffusion_datasets/ldm_200/1_fake/xnyhohvpna.png,ldm_200,1,0.0021304232064241323
diffusion_datasets/ldm_200/1_fake/enrmnsxepz.png,ldm_200,1,0.007506359202182999
diffusion_datasets/ldm_200/1_fake/pcuxcikgcq.png,ldm_200,1,1.4686031340575078e-07
diffusion_datasets/ldm_200/1_fake/clutkoqhvu.png,ldm_200,1,0.005916890059571422
diffusion_datasets/ldm_200/1_fake/amthaokcfg.png,ldm_200,1,8.050190885709224e-05
diffusion_datasets/ldm_200/1_fake/kvomczokut.png,ldm_200,1,0.00011653018762544998
diffusion_datasets/ldm_200/1_fake/uyfkdpzowl.png,ldm_200,1,0.43339676036076386
diffusion_datasets/ldm_200/1_fake/uydofqnwdz.png,ldm_200,1,8.843319577587392e-06
diffusion_datasets/ldm_200/1_fake/wotrziuyhj.png,ldm_200,1,0.0014895361238180243
diffusion_datasets/ldm_200/1_fake/ntwekxxoly.png,ldm_200,1,0.20563666387303275
diffusion_datasets/ldm_200/1_fake/mnbrpiakwa.png,ldm_200,1,0.01610050118516054
diffusion_datasets/ldm_200/1_fake/aqdcxmcowi.png,ldm_200,1,0.020485915767054788
diffusion_datasets/ldm_200/1_fake/jqnuoffbtb.png,ldm_200,1,0.0010998819398761238
diffusion_datasets/ldm_200/1_fake/gzzhkwcczo.png,ldm_200,1,0.2645261173933352
diffusion_datasets/ldm_200/1_fake/fjyemnydtk.png,ldm_200,1,1.94611369405337e-05
diffusion_datasets/ldm_200/1_fake/fgbgiwekim.png,ldm_200,1,4.591908335725381e-05
diffusion_datasets/ldm_200/1_fake/eaesoxacae.png,ldm_200,1,0.01265889700616796
diffusion_datasets/ldm_200/1_fake/rdtvftkyww.png,ldm_200,1,7.753660929102101e-07
diffusion_datasets/ldm_200/1_fake/jkepwzmrqu.png,ldm_200,1,9.623493724396511e-05
diffusion_datasets/ldm_200/1_fake/kbpanibqgu.png,ldm_200,1,0.0029695996728171165
diffusion_datasets/ldm_200/1_fake/etawvbajib.png,ldm_200,1,0.11637112582818034
diffusion_datasets/ldm_200/1_fake/ypdjyjlopx.png,ldm_200,1,0.4952025532272754
diffusion_datasets/ldm_200/1_fake/nkdchwutlw.png,ldm_200,1,0.013274928235465793
diffusion_datasets/ldm_200/1_fake/ayzndlluru.png,ldm_200,1,0.01190482101466968
diffusion_datasets/ldm_200/1_fake/bfiknazsha.png,ldm_200,1,0.12973580252101444
diffusion_datasets/ldm_200/1_fake/nhlzsfyryf.png,ldm_200,1,3.7310150910777934e-06
diffusion_datasets/ldm_200/1_fake/asxtxajrfc.png,ldm_200,1,0.00022000821964369846
diffusion_datasets/ldm_200/1_fake/zchftlmgnh.png,ldm_200,1,0.7161623967382955
diffusion_datasets/ldm_200/1_fake/zmqpqnavds.png,ldm_200,1,0.9658744695419241
diffusion_datasets/ldm_200/1_fake/mfcceezfwn.png,ldm_200,1,0.6738419481454933
diffusion_datasets/ldm_200/1_fake/kpzyfbuxhi.png,ldm_200,1,0.0004242444593234206
diffusion_datasets/ldm_200/1_fake/lpofppxlqt.png,ldm_200,1,0.007881993133733231
diffusion_datasets/ldm_200/1_fake/gyzuhrjhfj.png,ldm_200,1,0.4091816142548802
diffusion_datasets/ldm_200/1_fake/bhlyixirpi.png,ldm_200,1,0.003992708690198905
diffusion_datasets/ldm_200/1_fake/yyrtmboyuo.png,ldm_200,1,0.00011638084621682004
diffusion_datasets/ldm_200/1_fake/jfqdxkbnuz.png,ldm_200,1,0.50428989848305
diffusion_datasets/ldm_200/1_fake/qvldneoiwj.png,ldm_200,1,0.9824033970030175
diffusion_datasets/ldm_200/1_fake/flzalpsilp.png,ldm_200,1,0.06101829689162339
