path,domain,label,ai_score
diffusion_datasets/guided/1_fake/lnavxqqxfa.png,guided,1,0.6912096636818441
diffusion_datasets/guided/1_fake/eolimvhygz.png,guided,1,0.2908093244796226
diffusion_datasets/guided/1_fake/nkdchwutlw.png,guided,1,0.010368009773519819
diffusion_datasets/guided/1_fake/eoacigirrk.png,guided,1,0.35104945963831946
diffusion_datasets/guided/1_fake/msccvtyrqo.png,guided,1,0.00022795404324824813
diffusion_datasets/guided/1_fake/cmjapngcpn.png,guided,1,0.9057888551188295
diffusion_datasets/guided/1_fake/vrwfguctin.png,guided,1,0.004208824127142254
diffusion_datasets/guided/1_fake/slrtleyncm.png,guided,1,0.40253473807904544
diffusion_datasets/guided/1_fake/jkepwzmrqu.png,guided,1,0.4775855022199303
diffusion_datasets/guided/1_fake/fwnswugajt.png,guided,1,0.09532474364558483
diffusion_datasets/guided/1_fake/jgcuwqiqsa.png,guided,1,0.22362223530577927
diffusion_datasets/guided/1_fake/kjkmmniwcv.png,guided,1,0.04500992443641536
diffusion_datasets/guided/1_fake/aowpbzokmp.png,guided,1,0.6439400046808025
diffusion_datasets/guided/1_fake/pjvqcnpfqy.png,guided,1,0.09574328871952159
diffusion_datasets/guided/1_fake/mpzjrdeutv.png,guided,1,0.7028990923885909
diffusion_datasets/guided/1_fake/mcrhlmdumo.png,guided,1,0.2964065703790927
diffusion_datasets/guided/1_fake/oaepibbwpe.png,guided,1,0.0013444013582582497
diffusion_datasets/guided/1_fake/aujwkgbadp.png,guided,1,0.0060025067982419165
diffusion_datasets/guided/1_fake/hzrxscnjew.png,guided,1,0.42869419765532424
diffusion_datasets/guided/1_fake/tknxjephgy.png,guided,1,0.9630520255779733
diffusion_datasets/guided/1_fake/ttwsrquzox.png,guided,1,0.10069140781084632
diffusion_datasets/guided/1_fake/ixykpgtooh.png,guided,1,0.14039115712657854
diffusion_datasets/guided/1_fake/hnfbzeaoqb.png,guided,1,0.8990226858929792
diffusion_datasets/guided/1_fake/gczswsnqpp.png,guided,1,0.6928155970735151
diffusion_datasets/guided/1_fake/ikpmthprsw.png,guided,1,0.9199196418055028
diffusion_datasets/guided/1_fake/vmjmkqeggv.png,guided,1,0.8244995795860889
diffusion_datasets/guided/1_fake/ltwpiurdob.png,guided,1,0.08972848101921313
diffusion_datasets/guided/1_fake/clutkoqhvu.png,guided,1,0.48494330678981923
diffusion_datasets/guided/1_fake/qnqvwdpmam.png,guided,1,0.6982513570170931
diffusion_datasets/guided/1_fake/fzmzemtxkr.png,guided,1,0.7882608165383153
diffusion_datasets/guided/1_fake/kxyebvmqsl.png,guided,1,0.008005730515148385
diffusion_datasets/guided/1_fake/jrzuxwwxsh.png,guided,1,0.004317380079087722
diffusion_datasets/guided/1_fake/lavlfbgnkn.png,guided,1,0.9195259039901599
diffusion_datasets/guided/1_fake/amcjhcqbxr.png,guided,1,0.8261851379622511
diffusion_datasets/guided/1_fake/cbmykoukdb.png,guided,1,0.5109297011962274
diffusion_datasets/guided/1_fake/hjovhnpjdf.png,guided,1,0.6768672050414356
diffusion_datasets/guided/1_fake/picuojlsec.png,guided,1,0.9733634475196072
diffusion_datasets/guided/1_fake/jhnzthaool.png,guided,1,0.15723001498888373
diffusion_datasets/guided/1_fake/adizyjvxam.png,guided,1,0.25906149660803607
diffusion_datasets/guided/1_fake/gjpzqplype.png,guided,1,0.07139001622950009
diffusion_datasets/guided/1_fake/vwklacfxmw.png,guided,1,0.43138851605089773
diffusion_datasets/guided/1_fake/lvsgpxrabw.png,guided,1,0.08461187054170496
diffusion_datasets/guided/1_fake/yvwtaordyd.png,guided,1,0.9727808043331847
diffusion_datasets/guided/1_fake/lfpytrxtnd.png,guided,1,0.11811756790989453
diffusion_datasets/guided/1_fake/jnrpfsvjdm.png,guided,1,0.980625323713648
diffusion_datasets/guided/1_fake/xucelwnaqz.png,guided,1,0.9115536100445556
diffusion_datasets/guided/1_fake/ayzndlluru.png,guided,1,0.009175787519887057
diffusion_datasets/guided/1_fake/fnjmysjhqo.png,guided,1,0.7846396286613637
diffusion_datasets/guided/1_fake/rtbrwgwkho.png,guided,1,0.6386020217882068
diffusion_datasets/guided/1_fake/pbblbgdzjz.png,guided,1,0.2463353988633764
diffusion_datasets/guided/1_fake/zxaydtvcbx.png,guided,1,0.01165661279909638
diffusion_datasets/guided/1_fake/asxtxajrfc.png,guided,1,0.0007549395960789296
diffusion_datasets/guided/1_fake/jvctzionai.png,guided,1,0.9006588990538303
diffusion_datasets/guided/1_fake/timdfnwgho.png,guided,1,0.1404551014161779
diffusion_datasets/guided/1_fake/pfvgbusewt.png,guided,1,0.1625342610026547
diffusion_datasets/guided/1_fake/ulpnibnvvc.png,guided,1,0.004138186435654774
diffusion_datasets/guided/1_fake/xphjlaxygh.png,guided,1,0.18324888991695398
diffusion_datasets/guided/1_fake/qafswzymfy.png,guided,1,0.9838572997285798
diffusion_datasets/guided/1_fake/kgmqyotoqo.png,guided,1,0.08212763552752941
diffusion_datasets/guided/1_fake/bbdiioaqyn.png,guided,1,0.5146973344438298
diffusion_datasets/guided/1_fake/apwufqzgrg.png,guided,1,0.8007355750966277
diffusion_datasets/guided/1_fake/lttnaabznd.png,guided,1,0.042987744687116684
diffusion_datasets/guided/1_fake/raxqxyzhrc.png,guided,1,0.4512054488117529
diffusion_datasets/guided/1_fake/mfmhhrlxuy.png,guided,1,0.9734344070880638
diffusion_datasets/guided/1_fake/bulfplvjow.png,guided,1,0.8648034051644445
diffusion_datasets/guided/1_fake/ybbbdeihcf.png,guided,1,0.3356814573386709
diffusion_datasets/guided/1_fake/qlhvuhhqol.png,guided,1,0.11167288974791705
diffusion_datasets/guided/1_fake/xdudczawtx.png,guided,1,0.6056221290173766
diffusion_datasets/guided/1_fake/vcbnrxukwp.png,guided,1,0.06800119631347652
diffusion_datasets/guided/1_fake/ifqwneltpg.png,guided,1,0.931442421711066
diffusion_datasets/guided/1_fake/psosqfwlqc.png,guided,1,0.19496956205521973
diffusion_datasets/guided/1_fake/znwafizosm.png,guided,1,0.6121849241429748
diffusion_datasets/guided/1_fake/qsndeimedb.png,guided,1,0.06160335389340849
diffusion_datasets/guided/1_fake/ajefhvvxek.png,guided,1,0.011141382523427473
diffusion_datasets/guided/1_fake/jgvhyrcgyx.png,guided,1,0.27519177818291096
diffusion_datasets/guided/1_fake/kbpanibqgu.png,guided,1,0.8500262405266359
diffusion_datasets/guided/1_fake/gzmbdszeyt.png,guided,1,0.025580071919824133
diffusion_datasets/guided/1_fake/dtoeuxdocm.png,guided,1,0.8625371651357984
diffusion_datasets/guided/1_fake/jckrxjozhx.png,guided,1,0.9750092860124032
diffusion_datasets/guided/1_fake/nyrfgpglht.png,guided,1,0.6717898970151092
diffusion_datasets/guided/1_fake/pvrfveosdy.png,guided,1,0.32758474305354135
diffusion_datasets/guided/1_fake/zatnelrcct.png,guided,1,0.02501818930212027
diffusion_datasets/guided/1_fake/nhmcszkgcq.png,guided,1,0.0001865547982867683
diffusion_datasets/guided/1_fake/yyrtmboyuo.png,guided,1,0.941206242705341
diffusion_datasets/guided/1_fake/lsdusudljb.png,guided,1,0.601425509689081
diffusion_datasets/guided/1_fake/bnhkqppcfl.png,guided,1,0.6937838974492572
diffusion_datasets/guided/1_fake/cspmbvyjpm.png,guided,1,0.4556716921757422
diffusion_datasets/guided/1_fake/wrxxltdsxi.png,guided,1,0.03051553365056733
diffusion_datasets/guided/1_fake/efykeyysvi.png,guided,1,0.0005434293572681267
diffusion_datasets/guided/1_fake/usrafpawra.png,guided,1,0.0955028131615051
diffusion_datasets/guided/1_fake/snkshpixle.png,guided,1,0.0954847188284302
diffusion_datasets/guided/1_fake/izrfhzbwzc.png,guided,1,0.1634386047747433
diffusion_datasets/guided/1_fake/iedkqtkbtj.png,guided,1,0.2368689821072336
diffusion_datasets/guided/1_fake/rzrzcujvqg.png,guided,1,0.002038101505388409
diffusion_datasets/guided/1_fake/klcsuijwqh.png,guided,1,0.9824960823563785
diffusion_datasets/guided/1_fake/bljmtryslc.png,guided,1,0.768685005757197
diffusion_datasets/guided/1_fake/muszivpifs.png,guided,1,0.09884721246294605
diffusion_datasets/guided/1_fake/myekqhvgnw.png,guided,1,0.3807419049181571
diffusion_datasets/guided/1_fake/umnlmiykjp.png,guided,1,0.8497364848111224
diffusion_datasets/guided/1_fake/vfhdjmajxv.png,guided,1,0.8806750633192455
diffusion_datasets/guided/1_fake/enmfgbxzpf.png,guided,1,0.16497689442542382
diffusion_datasets/guided/1_fake/wjvuvyodzv.png,guided,1,0.0013031438296899056
diffusion_datasets/guided/1_fake/fksurkvzeg.png,guided,1,0.9324967184962085
diffusion_datasets/guided/1_fake/hypftiguck.png,guided,1,0.7506141262807142
diffusion_datasets/guided/1_fake/aofcqpcyfk.png,guided,1,0.4224036534433909
diffusion_datasets/guided/1_fake/bolqiuvdbo.png,guided,1,0.0058863584444305925
diffusion_datasets/guided/1_fake/whqsatsqum.png,guided,1,0.11133663317159022
diffusion_datasets/guided/1_fake/bxmsmmxizq.png,guided,1,0.0020543023528929584
diffusion_datasets/guided/1_fake/eowkckioii.png,guided,1,0.7043692539923984
diffusion_datasets/guided/1_fake/drpsdefmzh.png,guided,1,0.8108625179365856
diffusion_datasets/guided/1_fake/yjjufldsnq.png,guided,1,0.09883842093424137
diffusion_datasets/guided/1_fake/hmasnickhh.png,guided,1,0.013149736740311703
diffusion_datasets/guided/1_fake/siheeokstl.png,guided,1,0.21701090682628144
diffusion_datasets/guided/1_fake/sgggkqzghg.png,guided,1,0.29813779661390594
diffusion_datasets/guided/1_fake/sjezxhpiwr.png,guided,1,0.8950244168612633
diffusion_datasets/guided/1_fake/ueehiquixb.png,guided,1,0.9905826943435517
diffusion_datasets/guided/1_fake/yldbjbxfzj.png,guided,1,0.17375094507157846
diffusion_datasets/guided/1_fake/czqsnkbvng.png,guided,1,0.33571750548683954
diffusion_datasets/guided/1_fake/snjzonvpow.png,guided,1,0.12013175479965785
diffusion_datasets/guided/1_fake/bjipeebzgu.png,guided,1,0.9352883922693597
diffusion_datasets/guided/1_fake/bqeilhkbun.png,guided,1,0.023789511132542535
diffusion_datasets/guided/1_fake/gkbjdvwiuz.png,guided,1,0.030491869809353343
diffusion_datasets/guided/1_fake/jsozceeudr.png,guided,1,0.22053717042373538
diffusion_datasets/guided/1_fake/vqrdytkinp.png,guided,1,0.07583124508866694
diffusion_datasets/guided/1_fake/tzirqivkgc.png,guided,1,0.21158180201930982
diffusion_datasets/guided/1_fake/zniuujlsax.png,guided,1,0.03342879763174044
diffusion_datasets/guided/1_fake/oxkzwdrxay.png,guided,1,0.012938711888738333
diffusion_datasets/guided/1_fake/fvfgzexjcm.png,guided,1,0.5070183431822527
diffusion_datasets/guided/1_fake/msujwlrujo.png,guided,1,0.30836014396677225
diffusion_datasets/guided/1_fake/iwkrlrqsbn.png,guided,1,0.9362270634910648
diffusion_datasets/guided/1_fake/ommdrgxtbr.png,guided,1,0.7246067871760825
diffusion_datasets/guided/1_fake/aadlygmazf.png,guided,1,0.9916196969308889
diffusion_datasets/guided/1_fake/wzdhwjmvgy.png,guided,1,0.8201692913921025
diffusion_datasets/guided/1_fake/lxlphyyeaw.png,guided,1,0.009337575222517618
diffusion_datasets/guided/1_fake/enrmnsxepz.png,guided,1,0.1338975921653886
diffusion_datasets/guided/1_fake/jeyotfdecp.png,guided,1,0.2789696904000732
diffusion_datasets/guided/1_fake/ahnijblsap.png,guided,1,0.9455132237109711
diffusion_datasets/guided/1_fake/etiolecymt.png,guided,1,0.030055850259254425
diffusion_datasets/guided/1_fake/nrzbgujfll.png,guided,1,0.1034418248662617
diffusion_datasets/guided/1_fake/fjyemnydtk.png,guided,1,0.9074731350812738
diffusion_datasets/guided/1_fake/zacjdmmloj.png,guided,1,0.0011356177893978732
diffusion_datasets/guided/1_fake/awjhtixyqd.png,guided,1,0.006860829119835578
diffusion_datasets/guided/1_fake/pwhjtzqmis.png,guided,1,0.8587208125248279
diffusion_datasets/guided/1_fake/fmlqvsmgwg.png,guided,1,0.927184542478671
diffusion_datasets/guided/1_fake/vfjqbhhdhb.png,guided,1,0.10428154003218724
diffusion_datasets/guided/1_fake/ybpkzmxsoj.png,guided,1,0.034347648503972775
diffusion_datasets/guided/1_fake/hdtfurantf.png,guided,1,0.006199095915084586
diffusion_datasets/guided/1_fake/vitzpaholy.png,guided,1,0.03455226287667931
diffusion_datasets/guided/1_fake/gsjragxgrg.png,guided,1,0.42784008404294477
diffusion_datasets/guided/1_fake/npfhwxylge.png,guided,1,0.8543456133262459
diffusion_datasets/guided/1_fake/ynescstwdk.png,guided,1,0.052490993429990467
diffusion_datasets/guided/1_fake/sevosnzutr.png,guided,1,0.4624304797750623
diffusion_datasets/guided/1_fake/bxoicyhddk.png,guided,1,0.9989481877470586
diffusion_datasets/guided/1_fake/opueqmfkcd.png,guided,1,0.6747046930771678
diffusion_datasets/guided/1_fake/jecdlrpjba.png,guided,1,0.09199610758261384
diffusion_datasets/guided/1_fake/surgjkswmj.png,guided,1,0.00937343723167132
diffusion_datasets/guided/1_fake/ohycivlfdy.png,guided,1,0.7452646953504124
diffusion_datasets/guided/1_fake/ajaqvfgsih.png,guided,1,0.8582039091589369
diffusion_datasets/guided/1_fake/xuzzmcdpux.png,guided,1,0.4832376719175312
diffusion_datasets/guided/1_fake/msdsnlzcre.png,guided,1,0.06365971032882703
diffusion_datasets/guided/1_fake/jhnbcswvmq.png,guided,1,0.2783118730642184
diffusion_datasets/guided/1_fake/rakzbwxeme.png,guided,1,0.1323380805006047
diffusion_datasets/guided/1_fake/llaiteusmv.png,guided,1,0.8337862476772434
diffusion_datasets/guided/1_fake/ucxiudybpx.png,guided,1,0.9057478512384581
diffusion_datasets/guided/1_fake/ybpiflwjwj.png,guided,1,0.7957037625430692
diffusion_datasets/guided/1_fake/uzgkdnsvbt.png,guided,1,0.8678069869310393
diffusion_datasets/guided/1_fake/dpsfehmqme.png,guided,1,0.8550041039365185
diffusion_datasets/guided/1_fake/wxhrxapobk.png,guided,1,0.06103818966615696
diffusion_datasets/guided/1_fake/gufjiiwgrf.png,guided,1,0.7787461947358972
diffusion_datasets/guided/1_fake/eelzocmtws.png,guided,1,0.0004095166994254214
diffusion_datasets/guided/1_fake/gtjyzhcqoi.png,guided,1,0.180164286343046
diffusion_datasets/guided/1_fake/ppufoaihkk.png,guided,1,0.34532956848824203
diffusion_datasets/guided/1_fake/ponotiiits.png,guided,1,0.0004936272370153231
diffusion_datasets/guided/1_fake/tibxcunvom.png,guided,1,0.09708972873016669
diffusion_datasets/guided/1_fake/wdxoxbbogy.png,guided,1,0.08457630649056802
diffusion_datasets/guided/1_fake/xbftnrscst.png,guided,1,0.9942217666912402
diffusion_datasets/guided/1_fake/njfscemusa.png,guided,1,0.016254392074787096
diffusion_datasets/guided/1_fake/ujtxojadtt.png,guided,1,0.014459089886135078
diffusion_datasets/guided/1_fake/hnihvkmnje.png,guided,1,0.1828041788478458
diffusion_datasets/guided/1_fake/xqyjzhnfqu.png,guided,1,0.8112186781191043
diffusion_datasets/guided/1_fake/njnnphhwll.png,guided,1,0.18526929116218174
diffusion_datasets/guided/1_fake/gudkwzmgfo.png,guided,1,0.8219686030836131
diffusion_datasets/guided/1_fake/orgclftabd.png,guided,1,0.2973037002487311
diffusion_datasets/guided/1_fake/zwkapmobkx.png,guided,1,0.9550247174741671
diffusion_datasets/guided/1_fake/qqdphhznqg.png,guided,1,0.00512821223444642
diffusion_datasets/guided/1_fake/pepkgtkonx.png,guided,1,0.5555303979569033
diffusion_datasets/guided/1_fake/stzvgskice.png,guided,1,0.13997593090650745
diffusion_datasets/guided/1_fake/irwxnqcndk.png,guided,1,0.9979019637974983
diffusion_datasets/guided/1_fake/nrglavnpuu.png,guided,1,0.5018078201453546
diffusion_datasets/guided/1_fake/tdegwqcdxk.png,guided,1,0.9495348883220294
diffusion_datasets/guided/1_fake/gbkfcdebke.png,guided,1,0.09757968896433075
diffusion_datasets/guided/1_fake/idvfzzxvyh.png,guided,1,0.10824632500536174
diffusion_datasets/guided/1_fake/gvvfxpftgt.png,guided,1,0.022434834988376815
diffusion_datasets/guided/1_fake/fjxuybiebs.png,guided,1,0.06742634308192001
diffusion_datasets/guided/1_fake/rjddhlzmqd.png,guided,1,0.9982935753517368
diffusion_datasets/guided/1_fake/pcudblgobu.png,guided,1,0.00633959956928246
diffusion_datasets/guided/1_fake/cpyrataump.png,guided,1,0.6407043155873494
diffusion_datasets/guided/1_fake/tfubqflahj.png,guided,1,0.6741344655697178
diffusion_datasets/guided/1_fake/ughldndbio.png,guided,1,0.00048527237103363657
diffusion_datasets/guided/1_fake/ukcwfevbtz.png,guided,1,0.5647890204059481
diffusion_datasets/guided/1_fake/lmbvfedfye.png,guided,1,0.7839297791307748
diffusion_datasets/guided/1_fake/zhkybzbekn.png,guided,1,0.6306150397795364
diffusion_datasets/guided/1_fake/gliascthpi.png,guided,1,0.8118663916095152
diffusion_datasets/guided/1_fake/myypljgqkg.png,guided,1,0.9963683757254863
diffusion_datasets/guided/1_fake/jabklaioxf.png,guided,1,0.089061370062998
diffusion_datasets/guided/1_fake/xjokdvoxpk.png,guided,1,0.19201914370010378
diffusion_datasets/guided/1_fake/yatxnhyhyw.png,guided,1,0.17772269414338168
diffusion_datasets/guided/1_fake/gacytxnrbg.png,guided,1,0.08102443463757651
diffusion_datasets/guided/1_fake/tzgkmgcgjt.png,guided,1,0.9988539078248142
diffusion_datasets/guided/1_fake/devyzpyxmr.png,guided,1,0.5039464217287454
diffusion_datasets/guided/1_fake/shkxdbeqpn.png,guided,1,0.9960080928514383
diffusion_datasets/guided/1_fake/mocygqjmlh.png,guided,1,0.1545796867964535
diffusion_datasets/guided/1_fake/jzpjgkemjx.png,guided,1,0.6966026535228405
diffusion_datasets/guided/1_fake/afwwethmvf.png,guided,1,0.6120754055327573
diffusion_datasets/guided/1_fake/gwfboomsuw.png,guided,1,0.24789898637153515
diffusion_datasets/guided/1_fake/viedszojsm.png,guided,1,0.0037339632856268064
diffusion_datasets/guided/1_fake/cciqgyfbnw.png,guided,1,0.7560791943730215
diffusion_datasets/guided/1_fake/vofhkesmtv.png,guided,1,0.7644396665612169
diffusion_datasets/guided/1_fake/gdomuubpmo.png,guided,1,0.8604235109796204
diffusion_datasets/guided/1_fake/figfzyfhkt.png,guided,1,0.4149760615298617
diffusion_datasets/guided/1_fake/ygqiosrden.png,guided,1,0.7669292492279572
diffusion_datasets/guided/1_fake/xqlumlknls.png,guided,1,0.8600352836937489
diffusion_datasets/guided/1_fake/lvtmqaadzz.png,guided,1,0.7329335697181717
diffusion_datasets/guided/1_fake/dwgrruvbsz.png,guided,1,0.023909278042821995
diffusion_datasets/guided/1_fake/zcsnybxdqj.png,guided,1,0.35930855204695983
diffusion_datasets/guided/1_fake/tycynadkoj.png,guided,1,0.9867515510686968
diffusion_datasets/guided/1_fake/fizdknwdwf.png,guided,1,0.8565866950228331
diffusion_datasets/guided/1_fake/bthfwgfwqz.png,guided,1,0.06582517051053298
diffusion_datasets/guided/1_fake/qhhsiahqdz.png,guided,1,0.7895685136656408
diffusion_datasets/guided/1_fake/nejpnuzhor.png,guided,1,0.9920257934159629
diffusion_datasets/guided/1_fake/flislizwvd.png,guided,1,0.0036720764668159126
diffusion_datasets/guided/1_fake/vuvkrfmrfw.png,guided,1,0.014772441979239222
diffusion_datasets/guided/1_fake/kgwpuybmdo.png,guided,1,0.16194303965826948
diffusion_datasets/guided/1_fake/uyfkdpzowl.png,guided,1,0.04872469314485429
diffusion_datasets/guided/1_fake/fvbwueqmmc.png,guided,1,0.2722782264391616
diffusion_datasets/guided/1_fake/ftampoyprn.png,guided,1,0.26395867287408104
diffusion_datasets/guided/1_fake/jtprghimeh.png,guided,1,0.6666074141487652
diffusion_datasets/guided/1_fake/gmjuidkgzm.png,guided,1,0.1135752626690742
diffusion_datasets/guided/1_fake/fwqtzyeait.png,guided,1,0.8224356916136054
diffusion_datasets/guided/1_fake/rrcbbbylog.png,guided,1,0.007447629536127948
diffusion_datasets/guided/1_fake/wbcncldemw.png,guided,1,0.9771627613222414
diffusion_datasets/guided/1_fake/texcjvnjug.png,guided,1,0.9623846741112727
diffusion_datasets/guided/1_fake/flcafzqbyt.png,guided,1,0.06837353245458713
diffusion_datasets/guided/1_fake/cnthnmxcwh.png,guided,1,0.09857714646558492
diffusion_datasets/guided/1_fake/ceyagwkqcf.png,guided,1,0.32235459223919755
diffusion_datasets/guided/1_fake/wyyltkwttn.png,guided,1,0.1463521563060525
diffusion_datasets/guided/1_fake/drnfeijjlp.png,guided,1,0.24789926803791415
diffusion_datasets/guided/1_fake/usxygmfmlb.png,guided,1,0.4462111678177923
diffusion_datasets/guided/1_fake/nnuuhindgj.png,guided,1,0.044365759320123155
diffusion_datasets/guided/1_fake/nfysclasrr.png,guided,1,0.6781062515435191
diffusion_datasets/guided/1_fake/oucmaedfum.png,guided,1,0.6683733227424828
diffusion_datasets/guided/1_fake/oqgbxaotgn.png,guided,1,0.8097240767210245
diffusion_datasets/guided/1_fake/khmsldutff.png,guided,1,0.9960500974383238
diffusion_datasets/guided/1_fake/qwawgjhkcz.png,guided,1,0.1467845824351953
diffusion_datasets/guided/1_fake/kyrjicorfj.png,guided,1,0.2500941925594207
diffusion_datasets/guided/1_fake/pccthywpgs.png,guided,1,0.7550576580789168
diffusion_datasets/guided/1_fake/nmdxktenko.png,guided,1,0.9376827853809715
diffusion_datasets/guided/1_fake/zxnpcvwbfb.png,guided,1,0.9448994984603467
diffusion_datasets/guided/1_fake/swhkqaywlh.png,guided,1,0.07194978843244253
diffusion_datasets/guided/1_fake/jzcptodnmr.png,guided,1,0.7752201908093836
diffusion_datasets/guided/1_fake/kpmxquicco.png,guided,1,0.3638148715136358
diffusion_datasets/guided/1_fake/nhlzsfyryf.png,guided,1,0.8689861866115245
diffusion_datasets/guided/1_fake/eayzvzrytx.png,guided,1,0.9478517080785771
diffusion_datasets/guided/1_fake/mqzlaxdcyf.png,guided,1,0.6995236776210841
diffusion_datasets/guided/1_fake/lxjrxqzveb.png,guided,1,0.30065110346613744
diffusion_datasets/guided/1_fake/tgihtkfpyi.png,guided,1,0.10912812787491918
diffusion_datasets/guided/1_fake/rzvoxvfpaz.png,guided,1,0.13285888798180406
diffusion_datasets/guided/1_fake/kguycdreay.png,guided,1,0.9445059561705847
diffusion_datasets/guided/1_fake/ewspkgvjkv.png,guided,1,0.13739913982677573
diffusion_datasets/guided/1_fake/gckzbyionz.png,guided,1,0.999068606523692
diffusion_datasets/guided/1_fake/zoxknkpgoh.png,guided,1,0.3207142471228313
diffusion_datasets/guided/1_fake/qjrpujocxn.png,guided,1,0.8139269870519417
diffusion_datasets/guided/1_fake/uzunqwixgv.png,guided,1,0.9846257036118867
diffusion_datasets/guided/1_fake/bqcltegxdf.png,guided,1,0.3963529423956483
diffusion_datasets/guided/1_fake/sinwhncecv.png,guided,1,0.16958643009119445
diffusion_datasets/guided/1_fake/xyhvtzywzh.png,guided,1,0.019702011954511954
diffusion_datasets/guided/1_fake/wsreukpzwe.png,guided,1,0.5633248910047033
diffusion_datasets/guided/1_fake/kvaphythne.png,guided,1,0.8204816936553871
diffusion_datasets/guided/1_fake/fzrimmsozw.png,guided,1,0.004977904494172894
diffusion_datasets/guided/1_fake/flzalpsilp.png,guided,1,0.09819423614686713
diffusion_datasets/guided/1_fake/szebyvzlqt.png,guided,1,0.790498819140364
diffusion_datasets/guided/1_fake/hwfugtliat.png,guided,1,0.3587723405709644
diffusion_datasets/guided/1_fake/qsuodtmksx.png,guided,1,0.021546201177755932
diffusion_datasets/guided/1_fake/xbwwtavscv.png,guided,1,0.2100578979782047
diffusion_datasets/guided/1_fake/ddeuvxknie.png,guided,1,0.035497463381264485
diffusion_datasets/guided/1_fake/dexhjtncni.png,guided,1,0.7982637887485539
diffusion_datasets/guided/1_fake/lsvzbqhxgl.png,guided,1,0.014656117045995763
diffusion_datasets/guided/1_fake/ajdylzvnwn.png,guided,1,0.14733525309517495
diffusion_datasets/guided/1_fake/aoyyeorqer.png,guided,1,0.27710066968307717
diffusion_datasets/guided/1_fake/ahwxcijnxm.png,guided,1,0.9704702154080832
diffusion_datasets/guided/1_fake/kiimhjeatg.png,guided,1,0.010661946494244104
diffusion_datasets/guided/1_fake/bhlyixirpi.png,guided,1,0.9220194176292741
diffusion_datasets/guided/1_fake/gudshwhvvv.png,guided,1,0.14945931223006373
diffusion_datasets/guided/1_fake/gbmtgdhzrx.png,guided,1,0.7700717403661517
diffusion_datasets/guided/1_fake/ypvdkreobg.png,guided,1,0.052448394740573494
diffusion_datasets/guided/1_fake/sssvouruij.png,guided,1,0.9852096349636711
diffusion_datasets/guided/1_fake/ascyfbgfmn.png,guided,1,0.898802310107965
diffusion_datasets/guided/1_fake/zbnbosutcn.png,guided,1,0.7177588983606328
diffusion_datasets/guided/1_fake/uxbuickkha.png,guided,1,0.6283193178615157
diffusion_datasets/guided/1_fake/svpwqjhjbu.png,guided,1,0.08694111582920476
diffusion_datasets/guided/1_fake/uvwnmuvfio.png,guided,1,0.6628297736320934
diffusion_datasets/guided/1_fake/ykhbfkbqqc.png,guided,1,0.049193509428921985
diffusion_datasets/guided/1_fake/mijuwhirnm.png,guided,1,0.9075535256881938
diffusion_datasets/guided/1_fake/pbdegkyycl.png,guided,1,0.5697870313944565
diffusion_datasets/guided/1_fake/cxjsjqusph.png,guided,1,0.03966098894386819
diffusion_datasets/guided/1_fake/gllomgthtj.png,guided,1,0.5177314331325337
diffusion_datasets/guided/1_fake/utlevcsfzc.png,guided,1,0.9973004480221089
diffusion_datasets/guided/1_fake/wfyfdsoqjb.png,guided,1,0.8364050415630544
diffusion_datasets/guided/1_fake/ywjlbpxbjz.png,guided,1,0.6130686677064954
diffusion_datasets/guided/1_fake/cjmyrxrisl.png,guided,1,0.5864269531953127
diffusion_datasets/guided/1_fake/onojezltok.png,guided,1,0.8865122628444411
diffusion_datasets/guided/1_fake/gxexzzlcld.png,guided,1,0.7543268484941529
diffusion_datasets/guided/1_fake/iwsairnpes.png,guided,1,0.11807110059501959
diffusion_datasets/guided/1_fake/bobirihsmf.png,guided,1,0.19701757152362082
diffusion_datasets/guided/1_fake/wrplkwvjrk.png,guided,1,0.6424681534247461
diffusion_datasets/guided/1_fake/annkzxvqsz.png,guided,1,0.8265045371810712
diffusion_datasets/guided/1_fake/gcenmxpfnz.png,guided,1,0.5912286048352244
diffusion_datasets/guided/1_fake/jykjuscrhb.png,guided,1,0.9886669087198277
diffusion_datasets/guided/1_fake/lcyxnaodgl.png,guided,1,0.21812394795774995
diffusion_datasets/guided/1_fake/tigzfxjaeg.png,guided,1,0.1565684760160323
diffusion_datasets/guided/1_fake/oqlgvyltdu.png,guided,1,0.19252075703553806
diffusion_datasets/guided/1_fake/kqtezbdvua.png,guided,1,0.13143520017269544
diffusion_datasets/guided/1_fake/vumdsauhht.png,guided,1,0.8010591045090633
diffusion_datasets/guided/1_fake/nhlvajciai.png,guided,1,0.2860081747977911
diffusion_datasets/guided/1_fake/kysxvylzkk.png,guided,1,0.31978749484779345
diffusion_datasets/guided/1_fake/dawfktkzad.png,guided,1,0.8033793415997299
diffusion_datasets/guided/1_fake/zchftlmgnh.png,guided,1,0.10406367685775524
diffusion_datasets/guided/1_fake/dojapmtjlo.png,guided,1,0.8630861432307534
diffusion_datasets/guided/1_fake/eqndltlggi.png,guided,1,0.08927220040788823
diffusion_datasets/guided/1_fake/mfoxhwrofa.png,guided,1,0.9954259200688013
diffusion_datasets/guided/1_fake/pieahxylhf.png,guided,1,0.7374747658273106
diffusion_datasets/guided/1_fake/rxsgddveyy.png,guided,1,0.8266376516493451
diffusion_datasets/guided/1_fake/uvsazktssr.png,guided,1,0.7789508078462309
diffusion_datasets/guided/1_fake/pptvyzosrk.png,guided,1,0.09259056257709852
diffusion_datasets/guided/1_fake/lzgwytfbdh.png,guided,1,0.898189930416519
diffusion_datasets/guided/1_fake/truenadnmf.png,guided,1,0.4852736093774415
diffusion_datasets/guided/1_fake/tecfsxrdsg.png,guided,1,0.14919768047451312
diffusion_datasets/guided/1_fake/pwvremoaiz.png,guided,1,0.6931234149936834
diffusion_datasets/guided/1_fake/hkjmvhgmso.png,guided,1,0.10801574341106
diffusion_datasets/guided/1_fake/dldztvvwrt.png,guided,1,0.024428937859273803
diffusion_datasets/guided/1_fake/uesrfqrmys.png,guided,1,0.6265843440926322
diffusion_datasets/guided/1_fake/phqxvaxgfc.png,guided,1,0.7743974375195632
diffusion_datasets/guided/1_fake/eecrzmaxjv.png,guided,1,0.23072625929168167
diffusion_datasets/guided/1_fake/auannvrmrm.png,guided,1,0.9614128462583196
diffusion_datasets/guided/1_fake/qvxgfrmtjl.png,guided,1,0.9935301090015444
diffusion_datasets/guided/1_fake/wxmydpmpup.png,guided,1,0.5241150243213913
diffusion_datasets/guided/1_fake/owymrcrmoo.png,guided,1,0.06729898854000786
diffusion_datasets/guided/1_fake/gwwprxqtre.png,guided,1,0.7843826188519217
diffusion_datasets/guided/1_fake/izmzwnwzxb.png,guided,1,0.9983649109505972
diffusion_datasets/guided/1_fake/mbtqfbwlry.png,guided,1,0.16271811339930728
diffusion_datasets/guided/1_fake/bfczagsxfw.png,guided,1,0.05258727674998049
diffusion_datasets/guided/1_fake/fpjptmloys.png,guided,1,0.00015840568074365033
diffusion_datasets/guided/1_fake/rsekavebcp.png,guided,1,0.00524748654386573
diffusion_datasets/guided/1_fake/wsbyyiugsn.png,guided,1,0.672401391348052
diffusion_datasets/guided/1_fake/aynkpajrmy.png,guided,1,0.42570773781287047
diffusion_datasets/guided/1_fake/hhmqvefsdm.png,guided,1,0.99051235600106
diffusion_datasets/guided/1_fake/ypdjyjlopx.png,guided,1,0.050485336804015256
diffusion_datasets/guided/1_fake/ranqpkoerl.png,guided,1,0.059054289083989166
diffusion_datasets/guided/1_fake/olecerouzv.png,guided,1,0.23429364288057897
diffusion_datasets/guided/1_fake/xmppkkdynh.png,guided,1,0.12208277534822289
diffusion_datasets/guided/1_fake/csvtttfwut.png,guided,1,0.9780659880864092
diffusion_datasets/guided/1_fake/owbarkgfyc.png,guided,1,0.9881782442020391
diffusion_datasets/guided/1_fake/fuqmkbouip.png,guided,1,0.014347411062648356
diffusion_datasets/guided/1_fake/jpkbhfmhql.png,guided,1,0.22979677012811744
diffusion_datasets/guided/1_fake/txviitvyvk.png,guided,1,0.6212107073128411
diffusion_datasets/guided/1_fake/mgeezotzdw.png,guided,1,0.004676505018283186
diffusion_datasets/guided/1_fake/cubsnkbrrm.png,guided,1,0.46091349480774807
diffusion_datasets/guided/1_fake/pxefeippis.png,guided,1,0.2827057029276106
diffusion_datasets/guided/1_fake/edqamoutbf.png,guided,1,0.8153960256837423
diffusion_datasets/guided/1_fake/yfxdzkbfpk.png,guided,1,0.0083128397215442
diffusion_datasets/guided/1_fake/dimuqznulw.png,guided,1,0.604088545323609
diffusion_datasets/guided/1_fake/psvhorutyv.png,guided,1,0.06761592896980906
diffusion_datasets/guided/1_fake/albdpubxka.png,guided,1,0.08010054127363687
diffusion_datasets/guided/1_fake/oulguvnvpq.png,guided,1,0.9969258271049506
diffusion_datasets/guided/1_fake/fnqlfrabai.png,guided,1,0.254648317534212
diffusion_datasets/guided/1_fake/osigoexsbv.png,guided,1,0.014785009344159031
diffusion_datasets/guided/1_fake/dncoarxujc.png,guided,1,0.014957554040831676
diffusion_datasets/guided/1_fake/joshvzhgck.png,guided,1,0.9426345727393489
diffusion_datasets/guided/1_fake/wnjjxqinho.png,guided,1,0.7178756901892933
diffusion_datasets/guided/1_fake/nytqcbcfth.png,guided,1,0.841322073634671
diffusion_datasets/guided/1_fake/iqruwytkxd.png,guided,1,0.00046213481248805573
diffusion_datasets/guided/1_fake/toteczliil.png,guided,1,0.8903551873167687
diffusion_datasets/guided/1_fake/mobwrxioai.png,guided,1,0.9816750067169171
diffusion_datasets/guided/1_fake/dsxuevcdxk.png,guided,1,0.11856006089593957
diffusion_datasets/guided/1_fake/hxfciehznr.png,guided,1,0.90191692140073
diffusion_datasets/guided/1_fake/blaonzaskp.png,guided,1,0.3709922684247465
diffusion_datasets/guided/1_fake/bicflvshvw.png,guided,1,0.08667270071922309
diffusion_datasets/guided/1_fake/temvvnfwvq.png,guided,1,0.003756680084811406
diffusion_datasets/guided/1_fake/isrzfmrbjo.png,guided,1,0.89584482830142
diffusion_datasets/guided/1_fake/wpptcqobpu.png,guided,1,0.26846252561433714
diffusion_datasets/guided/1_fake/vrffpjmuir.png,guided,1,0.20016392761983073
diffusion_datasets/guided/1_fake/vcsznknzhw.png,guided,1,0.842592540981373
diffusion_datasets/guided/1_fake/mfzrfiyjrf.png,guided,1,0.04453198942140311
diffusion_datasets/guided/1_fake/sndlxnwwey.png,guided,1,0.006178691097304214
diffusion_datasets/guided/1_fake/uyrgewsxvy.png,guided,1,0.917343394029384
diffusion_datasets/guided/1_fake/odhzcmznnr.png,guided,1,0.030547714597780076
diffusion_datasets/guided/1_fake/czkhjnfjgr.png,guided,1,0.6790101069959885
diffusion_datasets/guided/1_fake/splerbaidx.png,guided,1,0.5899968951418018
diffusion_datasets/guided/1_fake/yaaqlxnzhi.png,guided,1,0.1392196970762574
diffusion_datasets/guided/1_fake/kszghluqlw.png,guided,1,0.5598985458074272
diffusion_datasets/guided/1_fake/aakydlwfer.png,guided,1,0.6268676679723553
diffusion_datasets/guided/1_fake/vwrsjumkmz.png,guided,1,0.018443276602267442
diffusion_datasets/guided/1_fake/stnicrfcsk.png,guided,1,0.024170305283812248
diffusion_datasets/guided/1_fake/niehixqsig.png,guided,1,0.9327039194490744
diffusion_datasets/guided/1_fake/wqvahtytps.png,guided,1,0.01141484014511205
diffusion_datasets/guided/1_fake/fegqolkrls.png,guided,1,0.0036731857400192857
diffusion_datasets/guided/1_fake/bbmeviacjm.png,guided,1,0.7148082395358282
diffusion_datasets/guided/1_fake/hgcafbxres.png,guided,1,0.2510759875552319
diffusion_datasets/guided/1_fake/spuypppvyh.png,guided,1,0.7419718097209786
diffusion_datasets/guided/1_fake/htqmkwgkwb.png,guided,1,0.054306895067788075
diffusion_datasets/guided/1_fake/jqnuoffbtb.png,guided,1,0.7228259891339894
diffusion_datasets/guided/1_fake/rpwhvvwxag.png,guided,1,0.40121099698803536
diffusion_datasets/guided/1_fake/uwzfugbfno.png,guided,1,0.7206413866172822
diffusion_datasets/guided/1_fake/sswokizojd.png,guided,1,0.18061986832029497
diffusion_datasets/guided/1_fake/nuhcuxjnpx.png,guided,1,0.4991660834455311
diffusion_datasets/guided/1_fake/ftobdflmuz.png,guided,1,0.14404520470884188
diffusion_datasets/guided/1_fake/tuptxvyplv.png,guided,1,0.026220512444966308
diffusion_datasets/guided/1_fake/htpewtqebr.png,guided,1,0.918678741508449
diffusion_datasets/guided/1_fake/kkxuptmzof.png,guided,1,0.9988722167557484
diffusion_datasets/guided/1_fake/echehlitmr.png,guided,1,0.30426320262836176
diffusion_datasets/guided/1_fake/gtidkpfxcc.png,guided,1,0.9919141706525122
diffusion_datasets/guided/1_fake/ycojahdoqs.png,guided,1,0.8376146318919918
diffusion_datasets/guided/1_fake/attqnlwqgz.png,guided,1,0.9677059765420485
diffusion_datasets/guided/1_fake/ztytemyoxv.png,guided,1,0.0888336236172175
diffusion_datasets/guided/1_fake/pcwvbmjrea.png,guided,1,0.9809909944382961
diffusion_datasets/guided/1_fake/hzsujxzlcn.png,guided,1,0.0023545946309883026
diffusion_datasets/guided/1_fake/kxwkjgbtdq.png,guided,1,0.9994897811503223
diffusion_datasets/guided/1_fake/mqbzprykrc.png,guided,1,0.4995433850684297
diffusion_datasets/guided/1_fake/wekyyrslyw.png,guided,1,0.7756419848933224
diffusion_datasets/guided/1_fake/sxbfuikltb.png,guided,1,0.029907698145397687
diffusion_datasets/guided/1_fake/hajmuavfdr.png,guided,1,0.2378667164794478
diffusion_datasets/guided/1_fake/qaafihkbbk.png,guided,1,0.25183161289771394
diffusion_datasets/guided/1_fake/hzfxwrmqch.png,guided,1,0.9090399260905482
diffusion_datasets/guided/1_fake/ftojusbwcq.png,guided,1,0.02885390578930336
diffusion_datasets/guided/1_fake/vsocilgayn.png,guided,1,0.9216370156969911
diffusion_datasets/guided/1_fake/npgjxoaxcz.png,guided,1,0.8984891355599295
diffusion_datasets/guided/1_fake/ikesdclcne.png,guided,1,0.5736757156038695
diffusion_datasets/guided/1_fake/ovjpkblzon.png,guided,1,0.260069871668423
diffusion_datasets/guided/1_fake/rzkutenljp.png,guided,1,0.08013694933666986
diffusion_datasets/guided/1_fake/cubclpdlyb.png,guided,1,0.12952970315622306
diffusion_datasets/guided/1_fake/smmiazxocc.png,guided,1,0.2370785900465076
diffusion_datasets/guided/1_fake/kqmbpossfq.png,guided,1,0.6584987301205827
diffusion_datasets/guided/1_fake/yhwhnweccm.png,guided,1,0.16225178023987455
diffusion_datasets/guided/1_fake/ogjsxmnkxw.png,guided,1,0.09556264197431816
diffusion_datasets/guided/1_fake/xaetznfnpu.png,guided,1,0.20836699550542703
diffusion_datasets/guided/1_fake/olxtdigiux.png,guided,1,0.6191525373676056
diffusion_datasets/guided/1_fake/bvbspxdfxz.png,guided,1,0.28817141846316274
diffusion_datasets/guided/1_fake/vwsjebonhl.png,guided,1,0.4495713628054513
diffusion_datasets/guided/1_fake/tvdnjojlmh.png,guided,1,0.8079378820802869
diffusion_datasets/guided/1_fake/abzfomfxjd.png,guided,1,0.024509481344298263
diffusion_datasets/guided/1_fake/cqxwvqbknx.png,guided,1,0.2836562468708477
diffusion_datasets/guided/1_fake/xhhbffrquk.png,guided,1,0.7222791349265835
diffusion_datasets/guided/1_fake/ccbrpvitlb.png,guided,1,0.8899194603315319
diffusion_datasets/guided/1_fake/mykongsfgc.png,guided,1,0.015343426880411782
diffusion_datasets/guided/1_fake/ybihqfczqf.png,guided,1,0.24982342580381428
diffusion_datasets/guided/1_fake/obmkmjnvet.png,guided,1,0.9678578721000729
diffusion_datasets/guided/1_fake/crqwxhlcfy.png,guided,1,0.6531412486937289
diffusion_datasets/guided/1_fake/vmrobijbmc.png,guided,1,0.05630138369971442
diffusion_datasets/guided/1_fake/mcsihazpje.png,guided,1,0.9983083228905659
diffusion_datasets/guided/1_fake/lsmostdlua.png,guided,1,0.9637014313362148
diffusion_datasets/guided/1_fake/qejahcqthz.png,guided,1,0.3536886569182198
diffusion_datasets/guided/1_fake/wmgazqjjux.png,guided,1,0.9259774737214949
diffusion_datasets/guided/1_fake/oovxyyombs.png,guided,1,0.6040866183237615
diffusion_datasets/guided/1_fake/qgdbbafuhn.png,guided,1,0.3226586017704453
diffusion_datasets/guided/1_fake/jjplgayvlc.png,guided,1,0.2237850685006268
diffusion_datasets/guided/1_fake/xfhgbduucl.png,guided,1,0.022018879208095123
diffusion_datasets/guided/1_fake/vlwnndwtuh.png,guided,1,0.11457656539259299
diffusion_datasets/guided/1_fake/dtvfjwtgbk.png,guided,1,0.7985268130885367
diffusion_datasets/guided/1_fake/rxrwofckks.png,guided,1,0.6349438594763824
diffusion_datasets/guided/1_fake/xdpqtpwyiz.png,guided,1,0.0056090932335310035
diffusion_datasets/guided/1_fake/iojhamvzyv.png,guided,1,0.1042883606258548
diffusion_datasets/guided/1_fake/vsivgpmche.png,guided,1,0.8870341631923738
diffusion_datasets/guided/1_fake/lxdnodpvuz.png,guided,1,0.9147729417381748
diffusion_datasets/guided/1_fake/jezexlfhiq.png,guided,1,0.1476686426840827
diffusion_datasets/guided/1_fake/utfokfmmbf.png,guided,1,0.8539162152454445
diffusion_datasets/guided/1_fake/ilaptngbkl.png,guided,1,0.19667308378281498
diffusion_datasets/guided/1_fake/tvhyjyjvbi.png,guided,1,0.7519760265779245
diffusion_datasets/guided/1_fake/ivswfntzwh.png,guided,1,0.6193777689337466
diffusion_datasets/guided/1_fake/mszjipjvvf.png,guided,1,0.999190841344339
diffusion_datasets/guided/1_fake/osrdcrocjh.png,guided,1,0.700490856628371
diffusion_datasets/guided/1_fake/pirwlvliku.png,guided,1,0.5077292338672726
diffusion_datasets/guided/1_fake/znxaufdjpv.png,guided,1,0.5567335614832711
diffusion_datasets/guided/1_fake/gnjefwyemy.png,guided,1,0.5830275088886212
diffusion_datasets/guided/1_fake/tptqwsoovh.png,guided,1,0.0027334488335013017
diffusion_datasets/guided/1_fake/qvldneoiwj.png,guided,1,0.2633998196630853
diffusion_datasets/guided/1_fake/mhaimbeqgl.png,guided,1,0.13428501619177846
diffusion_datasets/guided/1_fake/ftmhbluvwz.png,guided,1,0.16761773296214935
diffusion_datasets/guided/1_fake/oertmmpfuq.png,guided,1,0.9185982715287834
diffusion_datasets/guided/1_fake/cyencgbdne.png,guided,1,0.965449215352069
diffusion_datasets/guided/1_fake/dbifuulczh.png,guided,1,0.5546301159384702
diffusion_datasets/guided/1_fake/apdgetedbs.png,guided,1,0.3377426272291516
diffusion_datasets/guided/1_fake/yfbwcnyvch.png,guided,1,0.010665181882063774
diffusion_datasets/guided/1_fake/viwuulrpyk.png,guided,1,0.9962521410837081
diffusion_datasets/guided/1_fake/effiwpkvcy.png,guided,1,0.023096949200658197
diffusion_datasets/guided/1_fake/fneghrqtsf.png,guided,1,0.7081380071737595
diffusion_datasets/guided/1_fake/jvfamsvrme.png,guided,1,0.0832279731175973
diffusion_datasets/guided/1_fake/xmyblzhwwh.png,guided,1,0.9810677499726927
diffusion_datasets/guided/1_fake/eqtzpzsbnp.png,guided,1,0.04946528863863425
diffusion_datasets/guided/1_fake/hnzpgeledt.png,guided,1,0.17621025219907843
diffusion_datasets/guided/1_fake/plszaygqda.png,guided,1,0.8612285576302788
diffusion_datasets/imagenet/0_real/kqhrtvmeux.JPEG,imagenet,0,0.03546660623185646
diffusion_datasets/imagenet/0_real/kqmbpossfq.JPEG,imagenet,0,0.0010167690716052355
diffusion_datasets/imagenet/0_real/gacytxnrbg.JPEG,imagenet,0,0.17416101532376776
diffusion_datasets/imagenet/0_real/vblsrmonrr.JPEG,imagenet,0,0.012698948168186215
diffusion_datasets/imagenet/0_real/qofcjlhwbv.JPEG,imagenet,0,0.0009033924410180796
diffusion_datasets/imagenet/0_real/khmsldutff.JPEG,imagenet,0,0.0005304785020653755
diffusion_datasets/imagenet/0_real/djumibnmaq.JPEG,imagenet,0,0.9139627513821756
diffusion_datasets/imagenet/0_real/lkwvbsljma.JPEG,imagenet,0,0.004749410845185055
diffusion_datasets/imagenet/0_real/sinwhncecv.JPEG,imagenet,0,0.007093187411348586
diffusion_datasets/imagenet/0_real/eowkckioii.JPEG,imagenet,0,0.11875844353035932
diffusion_datasets/imagenet/0_real/segiubdggo.JPEG,imagenet,0,0.006215597370806865
diffusion_datasets/imagenet/0_real/gqpoiykvcs.JPEG,imagenet,0,0.05377329480451297
diffusion_datasets/imagenet/0_real/aqfnjpltvb.JPEG,imagenet,0,0.0030191687896287257
diffusion_datasets/imagenet/0_real/clnogwmxno.JPEG,imagenet,0,0.012700671908177072
diffusion_datasets/imagenet/0_real/lttnaabznd.JPEG,imagenet,0,0.9781927595937603
diffusion_datasets/imagenet/0_real/eelzocmtws.JPEG,imagenet,0,0.0001306717093160725
diffusion_datasets/imagenet/0_real/jsytpmwrvb.JPEG,imagenet,0,0.019756433996141347
diffusion_datasets/imagenet/0_real/envczpiyds.JPEG,imagenet,0,0.9929206592775334
diffusion_datasets/imagenet/0_real/bqmyueubdu.JPEG,imagenet,0,0.04664473215584873
diffusion_datasets/imagenet/0_real/hwfugtliat.JPEG,imagenet,0,0.2845492545707464
diffusion_datasets/imagenet/0_real/iibymqusjk.JPEG,imagenet,0,0.6343356327285129
diffusion_datasets/imagenet/0_real/hnihvkmnje.JPEG,imagenet,0,0.0013519922323962424
diffusion_datasets/imagenet/0_real/jhcbtfuziq.JPEG,imagenet,0,0.005666445299010401
diffusion_datasets/imagenet/0_real/ffduxyansq.JPEG,imagenet,0,0.0017613631732520951
diffusion_datasets/imagenet/0_real/qyjvmgdrmq.JPEG,imagenet,0,0.316453337239913
diffusion_datasets/imagenet/0_real/tinlvxgqxw.JPEG,imagenet,0,0.4069544192253911
diffusion_datasets/imagenet/0_real/niehixqsig.JPEG,imagenet,0,0.031170025324872102
diffusion_datasets/imagenet/0_real/gayjhkcdkw.JPEG,imagenet,0,0.000279335587145779
diffusion_datasets/imagenet/0_real/ahbiztymlj.JPEG,imagenet,0,0.003354870924911568
diffusion_datasets/imagenet/0_real/bcdxmvfonp.JPEG,imagenet,0,0.00226432460810341
diffusion_datasets/imagenet/0_real/myypljgqkg.JPEG,imagenet,0,6.738528679657165e-05
diffusion_datasets/imagenet/0_real/lmbvfedfye.JPEG,imagenet,0,0.10424984120511718
diffusion_datasets/imagenet/0_real/npgjxoaxcz.JPEG,imagenet,0,0.0016742676086194145
diffusion_datasets/imagenet/0_real/wnjjxqinho.JPEG,imagenet,0,0.0007901729932683011
diffusion_datasets/imagenet/0_real/sneggiimdk.JPEG,imagenet,0,0.6199953779466508
diffusion_datasets/imagenet/0_real/tgihtkfpyi.JPEG,imagenet,0,0.01384552805700009
diffusion_datasets/imagenet/0_real/arfbiucpar.JPEG,imagenet,0,6.85127817753158e-05
diffusion_datasets/imagenet/0_real/wrmxjiicmz.JPEG,imagenet,0,0.015627560614314653
diffusion_datasets/imagenet/0_real/tvhyjyjvbi.JPEG,imagenet,0,0.05729012680957805
diffusion_datasets/imagenet/0_real/kpmxquicco.JPEG,imagenet,0,0.05196297883320977
diffusion_datasets/imagenet/0_real/nvsdiqcxdc.JPEG,imagenet,0,0.20291171483400727
diffusion_datasets/imagenet/0_real/wfyfdsoqjb.JPEG,imagenet,0,0.039039410754124836
diffusion_datasets/imagenet/0_real/ftojusbwcq.JPEG,imagenet,0,0.023385905895477833
diffusion_datasets/imagenet/0_real/wqvahtytps.JPEG,imagenet,0,0.5346666741583801
diffusion_datasets/imagenet/0_real/crqwxhlcfy.JPEG,imagenet,0,0.1656502085984584
diffusion_datasets/imagenet/0_real/fzmzemtxkr.JPEG,imagenet,0,2.698921137416175e-05
diffusion_datasets/imagenet/0_real/viwuulrpyk.JPEG,imagenet,0,0.06655380168890317
diffusion_datasets/imagenet/0_real/uxbuickkha.JPEG,imagenet,0,0.006708120012855782
diffusion_datasets/imagenet/0_real/yeysnhxrmp.JPEG,imagenet,0,0.010172851233855145
diffusion_datasets/imagenet/0_real/oegsdqwgax.JPEG,imagenet,0,0.028384397642946552
diffusion_datasets/imagenet/0_real/dexbjiwpmb.JPEG,imagenet,0,0.05121255299185169
diffusion_datasets/imagenet/0_real/lnavxqqxfa.JPEG,imagenet,0,0.04796068785585779
diffusion_datasets/imagenet/0_real/psosqfwlqc.JPEG,imagenet,0,0.28723851204447737
diffusion_datasets/imagenet/0_real/yzkphttipt.JPEG,imagenet,0,0.0072123933892742865
diffusion_datasets/imagenet/0_real/qvxgfrmtjl.JPEG,imagenet,0,0.05018238026819494
diffusion_datasets/imagenet/0_real/xmppkkdynh.JPEG,imagenet,0,0.07149158577694466
diffusion_datasets/imagenet/0_real/vtswogmbhi.JPEG,imagenet,0,0.18265414839726649
diffusion_datasets/imagenet/0_real/lavlfbgnkn.JPEG,imagenet,0,0.021448435500049094
diffusion_datasets/imagenet/0_real/ftmhbluvwz.JPEG,imagenet,0,0.09276748112870849
diffusion_datasets/imagenet/0_real/oqargxuywp.JPEG,imagenet,0,0.004471031596783052
diffusion_datasets/imagenet/0_real/krqkilakxw.JPEG,imagenet,0,0.001927259833793209
diffusion_datasets/imagenet/0_real/gcenmxpfnz.JPEG,imagenet,0,0.4783870188190192
diffusion_datasets/imagenet/0_real/nmgqcqjyhs.JPEG,imagenet,0,0.0004844867614040616
diffusion_datasets/imagenet/0_real/yytnnkmkun.JPEG,imagenet,0,0.08954290892520274
diffusion_datasets/imagenet/0_real/bsoomuiluf.JPEG,imagenet,0,0.09258040891894245
diffusion_datasets/imagenet/0_real/fgizsruyxb.JPEG,imagenet,0,0.40051169914659057
diffusion_datasets/imagenet/0_real/orgateeurw.JPEG,imagenet,0,0.001792838131517229
diffusion_datasets/imagenet/0_real/iqiospmdok.JPEG,imagenet,0,0.0026294347275310236
diffusion_datasets/imagenet/0_real/yptdaozbuw.JPEG,imagenet,0,0.0004622876632997633
diffusion_datasets/imagenet/0_real/zdqmadvhbl.JPEG,imagenet,0,0.05349866844484932
diffusion_datasets/imagenet/0_real/dtoeuxdocm.JPEG,imagenet,0,0.0030214903419265747
diffusion_datasets/imagenet/0_real/tuptxvyplv.JPEG,imagenet,0,0.03321169236201193
diffusion_datasets/imagenet/0_real/rsiiuivgsv.JPEG,imagenet,0,0.6129394090338315
diffusion_datasets/imagenet/0_real/msujwlrujo.JPEG,imagenet,0,0.018656838991775622
diffusion_datasets/imagenet/0_real/rlzfziqqrd.JPEG,imagenet,0,0.04141289486335904
diffusion_datasets/imagenet/0_real/oovxyyombs.JPEG,imagenet,0,0.00024220956282979065
diffusion_datasets/imagenet/0_real/usipjcyjoy.JPEG,imagenet,0,0.0007173534752462745
diffusion_datasets/imagenet/0_real/wynbrdoyde.JPEG,imagenet,0,0.0009780937919035405
diffusion_datasets/imagenet/0_real/marjmzmnja.JPEG,imagenet,0,0.12963296197738122
diffusion_datasets/imagenet/0_real/otvbonovtr.JPEG,imagenet,0,0.014381947599577137
diffusion_datasets/imagenet/0_real/bvbspxdfxz.JPEG,imagenet,0,0.2283658485780156
diffusion_datasets/imagenet/0_real/annkzxvqsz.JPEG,imagenet,0,0.17460435958330583
diffusion_datasets/imagenet/0_real/yqqmbglayb.JPEG,imagenet,0,0.001311265481566662
diffusion_datasets/imagenet/0_real/drnfeijjlp.JPEG,imagenet,0,0.00208438118652388
diffusion_datasets/imagenet/0_real/qyaknxvzwp.JPEG,imagenet,0,5.689803120184518e-05
diffusion_datasets/imagenet/0_real/gzmbdszeyt.JPEG,imagenet,0,0.0948199309687296
diffusion_datasets/imagenet/0_real/ofgvdkgdnd.JPEG,imagenet,0,0.0003215956706074158
diffusion_datasets/imagenet/0_real/lcaexbqxar.JPEG,imagenet,0,0.002610493927183332
diffusion_datasets/imagenet/0_real/rxrwofckks.JPEG,imagenet,0,0.0032949106900972947
diffusion_datasets/imagenet/0_real/gkbjdvwiuz.JPEG,imagenet,0,0.03461708767002405
diffusion_datasets/imagenet/0_real/fksurkvzeg.JPEG,imagenet,0,0.014629985338944277
diffusion_datasets/imagenet/0_real/rlarzjlvnd.JPEG,imagenet,0,0.004630998706647282
diffusion_datasets/imagenet/0_real/sjigynomsm.JPEG,imagenet,0,0.06055782795587983
diffusion_datasets/imagenet/0_real/xdudczawtx.JPEG,imagenet,0,0.003086403140755464
diffusion_datasets/imagenet/0_real/xbgkvftfss.JPEG,imagenet,0,0.0015435981751380082
diffusion_datasets/imagenet/0_real/whqsatsqum.JPEG,imagenet,0,0.003608583468660868
diffusion_datasets/imagenet/0_real/qlqolbjcgb.JPEG,imagenet,0,0.00405138886718857
diffusion_datasets/imagenet/0_real/llmwutwhbl.JPEG,imagenet,0,0.0023997315948872224
diffusion_datasets/imagenet/0_real/sqtxlhaqbh.JPEG,imagenet,0,0.004223136599163682
diffusion_datasets/imagenet/0_real/dexhjtncni.JPEG,imagenet,0,0.34276595407607524
diffusion_datasets/imagenet/0_real/pcvfvfsxek.JPEG,imagenet,0,0.22550395521037855
diffusion_datasets/imagenet/0_real/mykongsfgc.JPEG,imagenet,0,0.2676476084023987
diffusion_datasets/imagenet/0_real/qngsmynlht.JPEG,imagenet,0,0.0005912840590383384
diffusion_datasets/imagenet/0_real/qjrpujocxn.JPEG,imagenet,0,0.21741847604623682
diffusion_datasets/imagenet/0_real/pepkgtkonx.JPEG,imagenet,0,0.0821771498729233
diffusion_datasets/imagenet/0_real/rdtvftkyww.JPEG,imagenet,0,0.16775140919820397
diffusion_datasets/imagenet/0_real/hcnhiyscgm.JPEG,imagenet,0,0.27876674742305035
diffusion_datasets/imagenet/0_real/vrffpjmuir.JPEG,imagenet,0,0.15749450477873603
diffusion_datasets/imagenet/0_real/qhnjseyjbw.JPEG,imagenet,0,0.00036327912800840145
diffusion_datasets/imagenet/0_real/ondtlaugas.JPEG,imagenet,0,0.00788390799950067
diffusion_datasets/imagenet/0_real/ugrxyyeknx.JPEG,imagenet,0,0.2055191589088576
diffusion_datasets/imagenet/0_real/zzrnxnjzyx.JPEG,imagenet,0,0.00017771754062155502
diffusion_datasets/imagenet/0_real/leadpebgwn.JPEG,imagenet,0,0.03735002290670803
diffusion_datasets/imagenet/0_real/mltvjsqnjm.JPEG,imagenet,0,0.0010071617288472405
diffusion_datasets/imagenet/0_real/wdxoxbbogy.JPEG,imagenet,0,0.0001498282801128617
diffusion_datasets/imagenet/0_real/ixykpgtooh.JPEG,imagenet,0,0.2893917557096656
diffusion_datasets/imagenet/0_real/sltdkynkrd.JPEG,imagenet,0,0.0209969149768512
diffusion_datasets/imagenet/0_real/pirwlvliku.JPEG,imagenet,0,0.002321788213784754
diffusion_datasets/imagenet/0_real/xnesojheqr.JPEG,imagenet,0,0.03167557328196887
diffusion_datasets/imagenet/0_real/onojezltok.JPEG,imagenet,0,0.06183213828140402
diffusion_datasets/imagenet/0_real/cubsnkbrrm.JPEG,imagenet,0,0.0038283264813204184
diffusion_datasets/imagenet/0_real/gudshwhvvv.JPEG,imagenet,0,0.009081699718235539
diffusion_datasets/imagenet/0_real/touiowfclv.JPEG,imagenet,0,0.00019514717258063404
diffusion_datasets/imagenet/0_real/fjjzjquuqt.JPEG,imagenet,0,0.07962953151998195
diffusion_datasets/imagenet/0_real/jnifdomopt.JPEG,imagenet,0,0.01371648330508863
diffusion_datasets/imagenet/0_real/hnfbzeaoqb.JPEG,imagenet,0,0.01565346323697472
diffusion_datasets/imagenet/0_real/snkshpixle.JPEG,imagenet,0,0.001428741828621931
diffusion_datasets/imagenet/0_real/cvohxivzjd.JPEG,imagenet,0,0.0070284168401375325
diffusion_datasets/imagenet/0_real/cpyrataump.JPEG,imagenet,0,0.2743087577493147
diffusion_datasets/imagenet/0_real/uzslfnchhd.JPEG,imagenet,0,6.372590372516876e-05
diffusion_datasets/imagenet/0_real/aynkpajrmy.JPEG,imagenet,0,0.041176651259468885
diffusion_datasets/imagenet/0_real/cubclpdlyb.JPEG,imagenet,0,0.04918259335039517
diffusion_datasets/imagenet/0_real/uvweqxeurs.JPEG,imagenet,0,0.5520367297878034
diffusion_datasets/imagenet/0_real/wpptcqobpu.JPEG,imagenet,0,0.337495098849824
diffusion_datasets/imagenet/0_real/qgxnqynxwh.JPEG,imagenet,0,0.0004758611959584094
diffusion_datasets/imagenet/0_real/arnnhazyia.JPEG,imagenet,0,0.007945885561777279
diffusion_datasets/imagenet/0_real/sxbfuikltb.JPEG,imagenet,0,0.45903219606641915
diffusion_datasets/imagenet/0_real/nypkpjmzri.JPEG,imagenet,0,0.04364078037068626
diffusion_datasets/imagenet/0_real/vwsjebonhl.JPEG,imagenet,0,0.0006397142201728954
diffusion_datasets/imagenet/0_real/mfmhhrlxuy.JPEG,imagenet,0,0.0002745583264696336
diffusion_datasets/imagenet/0_real/yhxjifarjw.JPEG,imagenet,0,0.013821387608822667
diffusion_datasets/imagenet/0_real/afwwethmvf.JPEG,imagenet,0,0.007232469175102413
diffusion_datasets/imagenet/0_real/bkyusgjzud.JPEG,imagenet,0,0.009732013195798273
diffusion_datasets/imagenet/0_real/hnzpgeledt.JPEG,imagenet,0,0.017399849774562867
diffusion_datasets/imagenet/0_real/uxbgzfafqm.JPEG,imagenet,0,0.0016971133331491273
diffusion_datasets/imagenet/0_real/bfczagsxfw.JPEG,imagenet,0,0.006564482755474941
diffusion_datasets/imagenet/0_real/slrtleyncm.JPEG,imagenet,0,3.525327547111533e-05
diffusion_datasets/imagenet/0_real/llaiteusmv.JPEG,imagenet,0,0.5667452025001709
diffusion_datasets/imagenet/0_real/rzrzcujvqg.JPEG,imagenet,0,0.013896072712341905
diffusion_datasets/imagenet/0_real/devyzpyxmr.JPEG,imagenet,0,0.04448009119151943
diffusion_datasets/imagenet/0_real/bxfbgvlfqu.JPEG,imagenet,0,0.0007708935369425361
diffusion_datasets/imagenet/0_real/pyydtwntke.JPEG,imagenet,0,0.000508488379387484
diffusion_datasets/imagenet/0_real/wdjkwiwroa.JPEG,imagenet,0,0.061113719418803406
diffusion_datasets/imagenet/0_real/gwfboomsuw.JPEG,imagenet,0,0.0047732997942020496
diffusion_datasets/imagenet/0_real/jhnbcswvmq.JPEG,imagenet,0,0.0005097793948079027
diffusion_datasets/imagenet/0_real/jecdlrpjba.JPEG,imagenet,0,0.006940807165459698
diffusion_datasets/imagenet/0_real/stnicrfcsk.JPEG,imagenet,0,0.3494515836993799
diffusion_datasets/imagenet/0_real/czkhjnfjgr.JPEG,imagenet,0,0.016230172624021204
diffusion_datasets/imagenet/0_real/ilaptngbkl.JPEG,imagenet,0,0.00011355895432176881
diffusion_datasets/imagenet/0_real/kwqbkshqjn.JPEG,imagenet,0,0.026914799200597257
diffusion_datasets/imagenet/0_real/utfokfmmbf.JPEG,imagenet,0,0.13064481193457922
diffusion_datasets/imagenet/0_real/fvbwueqmmc.JPEG,imagenet,0,0.026780606586481598
diffusion_datasets/imagenet/0_real/slmgcnpjiz.JPEG,imagenet,0,0.12735736205828538
diffusion_datasets/imagenet/0_real/ygqiosrden.JPEG,imagenet,0,0.08719048198347037
diffusion_datasets/imagenet/0_real/lxdnodpvuz.JPEG,imagenet,0,0.0002897163922900611
diffusion_datasets/imagenet/0_real/fuahrcqbgk.JPEG,imagenet,0,0.027551940781441308
diffusion_datasets/imagenet/0_real/wedprdqjkr.JPEG,imagenet,0,0.0020446260823883842
diffusion_datasets/imagenet/0_real/smlabsrifo.JPEG,imagenet,0,7.111742705841694e-06
diffusion_datasets/imagenet/0_real/enrmnsxepz.JPEG,imagenet,0,0.03106557001071258
diffusion_datasets/imagenet/0_real/ybbbdeihcf.JPEG,imagenet,0,0.13673281985826038
diffusion_datasets/imagenet/0_real/asxtxajrfc.JPEG,imagenet,0,0.05034589617511715
diffusion_datasets/imagenet/0_real/eqndltlggi.JPEG,imagenet,0,0.752768709730955
diffusion_datasets/imagenet/0_real/wotrziuyhj.JPEG,imagenet,0,0.009535503549673842
diffusion_datasets/imagenet/0_real/xnidvmnavp.JPEG,imagenet,0,0.0999508790437197
diffusion_datasets/imagenet/0_real/qpjsgmteke.JPEG,imagenet,0,0.206090050935605
diffusion_datasets/imagenet/0_real/mfcceezfwn.JPEG,imagenet,0,0.004470065646288447
diffusion_datasets/imagenet/0_real/bbdiioaqyn.JPEG,imagenet,0,0.7436373170827512
diffusion_datasets/imagenet/0_real/yvwtaordyd.JPEG,imagenet,0,0.00016779172629719858
diffusion_datasets/imagenet/0_real/dbmufhmuzs.JPEG,imagenet,0,0.03462214507651923
diffusion_datasets/imagenet/0_real/odyhbcgchi.JPEG,imagenet,0,0.033605054033770045
diffusion_datasets/imagenet/0_real/shkxdbeqpn.JPEG,imagenet,0,0.029702074525588013
diffusion_datasets/imagenet/0_real/xdpqtpwyiz.JPEG,imagenet,0,0.06937368269030908
diffusion_datasets/imagenet/0_real/vmlzuywhlr.JPEG,imagenet,0,0.09905500258036162
diffusion_datasets/imagenet/0_real/ivvevnakub.JPEG,imagenet,0,0.0009347579028893647
diffusion_datasets/imagenet/0_real/hzsujxzlcn.JPEG,imagenet,0,0.00015487633521234074
diffusion_datasets/imagenet/0_real/ybpiflwjwj.JPEG,imagenet,0,0.0948995744312329
diffusion_datasets/imagenet/0_real/sgnnltafbd.JPEG,imagenet,0,0.16770845765981754
diffusion_datasets/imagenet/0_real/fuqmkbouip.JPEG,imagenet,0,0.0018905984303007745
diffusion_datasets/imagenet/0_real/owavsapwhv.JPEG,imagenet,0,0.5222293008811539
diffusion_datasets/imagenet/0_real/gliascthpi.JPEG,imagenet,0,0.04455883380364642
diffusion_datasets/imagenet/0_real/phqxvaxgfc.JPEG,imagenet,0,0.03233840041316481
diffusion_datasets/imagenet/0_real/owymrcrmoo.JPEG,imagenet,0,0.19245696383454694
diffusion_datasets/imagenet/0_real/qvizqxsbvw.JPEG,imagenet,0,1.601933822965367e-05
diffusion_datasets/imagenet/0_real/vthfgmonzr.JPEG,imagenet,0,0.2772269813348577
diffusion_datasets/imagenet/0_real/lmrswyanpv.JPEG,imagenet,0,3.5240993240101393e-05
diffusion_datasets/imagenet/0_real/fiejjmdcwg.JPEG,imagenet,0,0.0976871418916805
diffusion_datasets/imagenet/0_real/oqgbxaotgn.JPEG,imagenet,0,0.0007993764008106669
diffusion_datasets/imagenet/0_real/imcwvnqwdv.JPEG,imagenet,0,0.2043894105035498
diffusion_datasets/imagenet/0_real/psvmrypqai.JPEG,imagenet,0,0.01911545124233189
diffusion_datasets/imagenet/0_real/okuolqaypa.JPEG,imagenet,0,0.03766416597785753
diffusion_datasets/imagenet/0_real/cbmykoukdb.JPEG,imagenet,0,0.3344006933673081
diffusion_datasets/imagenet/0_real/mzuykzukvb.JPEG,imagenet,0,0.03356242095404298
diffusion_datasets/imagenet/0_real/edqamoutbf.JPEG,imagenet,0,0.004242732127682056
diffusion_datasets/imagenet/0_real/temvvnfwvq.JPEG,imagenet,0,0.0012218411799063587
diffusion_datasets/imagenet/0_real/vapzubzcvf.JPEG,imagenet,0,0.04891788659752973
diffusion_datasets/imagenet/0_real/dhepjncjkt.JPEG,imagenet,0,0.08679575747767465
diffusion_datasets/imagenet/0_real/lpvhehbmzv.JPEG,imagenet,0,0.67434594234127
diffusion_datasets/imagenet/0_real/sbuowwvzjw.JPEG,imagenet,0,0.21893817478835437
diffusion_datasets/imagenet/0_real/eaesoxacae.JPEG,imagenet,0,0.00024728796545631397
diffusion_datasets/imagenet/0_real/wsbyyiugsn.JPEG,imagenet,0,0.0008151198616029829
diffusion_datasets/imagenet/0_real/vqrdytkinp.JPEG,imagenet,0,0.2724056634079117
diffusion_datasets/imagenet/0_real/lqrkxsvuvt.JPEG,imagenet,0,0.0026283031893507094
diffusion_datasets/imagenet/0_real/bwvinmojcw.JPEG,imagenet,0,0.0033959046122112864
diffusion_datasets/imagenet/0_real/zhkktdnkhl.JPEG,imagenet,0,0.3013756165792234
diffusion_datasets/imagenet/0_real/fegqolkrls.JPEG,imagenet,0,0.5734051113513214
diffusion_datasets/imagenet/0_real/jykjuscrhb.JPEG,imagenet,0,0.007889262666088718
diffusion_datasets/imagenet/0_real/iwbpqeobxw.JPEG,imagenet,0,2.8990517552485303e-05
diffusion_datasets/imagenet/0_real/ijeyjgrtgr.JPEG,imagenet,0,0.305621172367661
diffusion_datasets/imagenet/0_real/hsvrfsodig.JPEG,imagenet,0,0.041739681949200164
diffusion_datasets/imagenet/0_real/mgeezotzdw.JPEG,imagenet,0,0.0008697442062173784
diffusion_datasets/imagenet/0_real/dhjedfczru.JPEG,imagenet,0,0.04246689391689003
diffusion_datasets/imagenet/0_real/kgmqyotoqo.JPEG,imagenet,0,0.21118532543012428
diffusion_datasets/imagenet/0_real/zwkapmobkx.JPEG,imagenet,0,0.0001522439139018908
diffusion_datasets/imagenet/0_real/jhnzthaool.JPEG,imagenet,0,0.009399959009361013
diffusion_datasets/imagenet/0_real/pwhjtzqmis.JPEG,imagenet,0,0.09914118676230209
diffusion_datasets/imagenet/0_real/jcbooxfwcy.JPEG,imagenet,0,0.0003131322860393233
diffusion_datasets/imagenet/0_real/zzrybysskm.JPEG,imagenet,0,3.0597574418821526e-06
diffusion_datasets/imagenet/0_real/hpmppyffov.JPEG,imagenet,0,0.13629978156651237
diffusion_datasets/imagenet/0_real/fneghrqtsf.JPEG,imagenet,0,0.2634895212522143
diffusion_datasets/imagenet/0_real/iqijagswok.JPEG,imagenet,0,0.323932711155434
diffusion_datasets/imagenet/0_real/aieykhstre.JPEG,imagenet,0,0.001991505704632793
diffusion_datasets/imagenet/0_real/fihznganle.JPEG,imagenet,0,7.463590223927038e-05
diffusion_datasets/imagenet/0_real/jxacexpmcn.JPEG,imagenet,0,0.00448417658340136
diffusion_datasets/imagenet/0_real/gtjyzhcqoi.JPEG,imagenet,0,0.003047908635298989
diffusion_datasets/imagenet/0_real/pfvgbusewt.JPEG,imagenet,0,0.8769013021664513
diffusion_datasets/imagenet/0_real/onkjvikzsj.JPEG,imagenet,0,0.0037357508428499117
diffusion_datasets/imagenet/0_real/kkqnltzvmr.JPEG,imagenet,0,0.0033289270896786644
diffusion_datasets/imagenet/0_real/cyencgbdne.JPEG,imagenet,0,0.001364583826572976
diffusion_datasets/imagenet/0_real/qdnqcoyzar.JPEG,imagenet,0,0.015527226874171492
diffusion_datasets/imagenet/0_real/ppufoaihkk.JPEG,imagenet,0,0.7512586255991685
diffusion_datasets/imagenet/0_real/jirfxpsjiz.JPEG,imagenet,0,0.3254833353345547
diffusion_datasets/imagenet/0_real/utlevcsfzc.JPEG,imagenet,0,0.00010151775621516766
diffusion_datasets/imagenet/0_real/fmlqvsmgwg.JPEG,imagenet,0,0.17288945009617881
diffusion_datasets/imagenet/0_real/guljtnkdnj.JPEG,imagenet,0,0.3639545144951842
diffusion_datasets/imagenet/0_real/ouirlfwsyx.JPEG,imagenet,0,0.0005192313494594465
diffusion_datasets/imagenet/0_real/ybihqfczqf.JPEG,imagenet,0,0.001113657426982005
diffusion_datasets/imagenet/0_real/surgjkswmj.JPEG,imagenet,0,0.5009707621428299
diffusion_datasets/imagenet/0_real/jqcakwrejy.JPEG,imagenet,0,0.0020110285082187078
diffusion_datasets/imagenet/0_real/vispixnoqk.JPEG,imagenet,0,0.16300695054467848
diffusion_datasets/imagenet/0_real/yfnrrhachx.JPEG,imagenet,0,0.004512986338669002
diffusion_datasets/imagenet/0_real/vftoepxxkj.JPEG,imagenet,0,0.0003764353621419023
diffusion_datasets/imagenet/0_real/wgmfkffpbs.JPEG,imagenet,0,0.915437065513107
diffusion_datasets/imagenet/0_real/jhcimomcij.JPEG,imagenet,0,8.214925681934638e-05
diffusion_datasets/imagenet/0_real/vvdfxbwxxd.JPEG,imagenet,0,0.006682794311477729
diffusion_datasets/imagenet/0_real/aesvfgnjye.JPEG,imagenet,0,0.006922085706857335
diffusion_datasets/imagenet/0_real/vmouwpueqp.JPEG,imagenet,0,0.7331399254600061
diffusion_datasets/imagenet/0_real/imkvcjrnck.JPEG,imagenet,0,0.757181177899206
diffusion_datasets/imagenet/0_real/ynescstwdk.JPEG,imagenet,0,0.006124971834238881
diffusion_datasets/imagenet/0_real/lzletadhdl.JPEG,imagenet,0,0.052559823660078345
diffusion_datasets/imagenet/0_real/rpeighzltg.JPEG,imagenet,0,0.13244323747636544
diffusion_datasets/imagenet/0_real/nwpodhovep.JPEG,imagenet,0,0.0040445795612537375
diffusion_datasets/imagenet/0_real/djtbqkzsak.JPEG,imagenet,0,0.002132596631366272
diffusion_datasets/imagenet/0_real/olxhrrlaut.JPEG,imagenet,0,0.21730591118130016
diffusion_datasets/imagenet/0_real/vrwfguctin.JPEG,imagenet,0,0.11612426931932021
diffusion_datasets/imagenet/0_real/tbxpyvxjym.JPEG,imagenet,0,0.05041074946156437
diffusion_datasets/imagenet/0_real/szkmirkryb.JPEG,imagenet,0,0.008157521923602128
diffusion_datasets/imagenet/0_real/lvndezxcir.JPEG,imagenet,0,0.051299596309701594
diffusion_datasets/imagenet/0_real/ltwpiurdob.JPEG,imagenet,0,0.00033283878481118854
diffusion_datasets/imagenet/0_real/ypvdkreobg.JPEG,imagenet,0,0.0021409049998834737
diffusion_datasets/imagenet/0_real/ueoeojrsyj.JPEG,imagenet,0,0.9768706174394112
diffusion_datasets/imagenet/0_real/txviitvyvk.JPEG,imagenet,0,0.7789834085169729
diffusion_datasets/imagenet/0_real/ykhbfkbqqc.JPEG,imagenet,0,0.10401570336093025
diffusion_datasets/imagenet/0_real/mfoxhwrofa.JPEG,imagenet,0,0.021694070804462475
diffusion_datasets/imagenet/0_real/wsbgevekgf.JPEG,imagenet,0,0.001267192605256147
diffusion_datasets/imagenet/0_real/ewspkgvjkv.JPEG,imagenet,0,0.0197721998071458
diffusion_datasets/imagenet/0_real/dpsfehmqme.JPEG,imagenet,0,3.6519618467804267e-05
diffusion_datasets/imagenet/0_real/nyrfgpglht.JPEG,imagenet,0,0.009226041829855135
diffusion_datasets/imagenet/0_real/ywjlbpxbjz.JPEG,imagenet,0,0.014805308708378742
diffusion_datasets/imagenet/0_real/wtzwjbopzy.JPEG,imagenet,0,0.013809648422728362
diffusion_datasets/imagenet/0_real/cxjsjqusph.JPEG,imagenet,0,0.04106686596997872
diffusion_datasets/imagenet/0_real/sevosnzutr.JPEG,imagenet,0,0.00916708829220785
diffusion_datasets/imagenet/0_real/gaezkwugoh.JPEG,imagenet,0,0.0024168724768335805
diffusion_datasets/imagenet/0_real/tigzfxjaeg.JPEG,imagenet,0,0.004699699207402602
diffusion_datasets/imagenet/0_real/tqgzodmdpm.JPEG,imagenet,0,0.01033193972810173
diffusion_datasets/imagenet/0_real/nejpnuzhor.JPEG,imagenet,0,0.3315912955473301
diffusion_datasets/imagenet/0_real/vsoitgrurd.JPEG,imagenet,0,0.3579056700299213
diffusion_datasets/imagenet/0_real/jroisduzzw.JPEG,imagenet,0,0.0008558125904982743
diffusion_datasets/imagenet/0_real/jvfamsvrme.JPEG,imagenet,0,0.023913538586949775
diffusion_datasets/imagenet/0_real/wcuupgwotu.JPEG,imagenet,0,0.3037346189401819
diffusion_datasets/imagenet/0_real/auannvrmrm.JPEG,imagenet,0,0.011500033734680018
diffusion_datasets/imagenet/0_real/qwawgjhkcz.JPEG,imagenet,0,0.1061724425862134
diffusion_datasets/imagenet/0_real/jrkctxyekx.JPEG,imagenet,0,0.018701224124204593
diffusion_datasets/imagenet/0_real/fpjptmloys.JPEG,imagenet,0,0.03825030457115023
diffusion_datasets/imagenet/0_real/tibxcunvom.JPEG,imagenet,0,0.0010917598448571136
diffusion_datasets/imagenet/0_real/clutkoqhvu.JPEG,imagenet,0,0.36252886104208193
diffusion_datasets/imagenet/0_real/hhhwzgcieg.JPEG,imagenet,0,0.8007873149351292
diffusion_datasets/imagenet/0_real/wrxxltdsxi.JPEG,imagenet,0,0.6190277296378767
diffusion_datasets/imagenet/0_real/aaksjqrtil.JPEG,imagenet,0,0.0007207195476371629
diffusion_datasets/imagenet/0_real/hypftiguck.JPEG,imagenet,0,3.48734556893827e-05
diffusion_datasets/imagenet/0_real/ywhajfzors.JPEG,imagenet,0,7.874942634426286e-06
diffusion_datasets/imagenet/0_real/fjxuybiebs.JPEG,imagenet,0,0.0003688217354866977
diffusion_datasets/imagenet/0_real/yrantjwhqk.JPEG,imagenet,0,0.001981804890612943
diffusion_datasets/imagenet/0_real/hzfxwrmqch.JPEG,imagenet,0,0.0006053138022842345
diffusion_datasets/imagenet/0_real/znxaufdjpv.JPEG,imagenet,0,0.05016634911023277
diffusion_datasets/imagenet/0_real/aahxgrlfqt.JPEG,imagenet,0,0.3137133514766611
diffusion_datasets/imagenet/0_real/uydofqnwdz.JPEG,imagenet,0,0.0004488627066305454
diffusion_datasets/imagenet/0_real/eoacigirrk.JPEG,imagenet,0,0.044044602303634876
diffusion_datasets/imagenet/0_real/ohycivlfdy.JPEG,imagenet,0,0.012082219914457829
diffusion_datasets/imagenet/0_real/bolqiuvdbo.JPEG,imagenet,0,0.04610487695893974
diffusion_datasets/imagenet/0_real/bulfplvjow.JPEG,imagenet,0,0.04654828916417983
diffusion_datasets/imagenet/0_real/osigoexsbv.JPEG,imagenet,0,0.0024134655950351037
diffusion_datasets/imagenet/0_real/sjezxhpiwr.JPEG,imagenet,0,0.008967885480615927
diffusion_datasets/imagenet/0_real/xfhgbduucl.JPEG,imagenet,0,0.0035177988482059607
diffusion_datasets/imagenet/0_real/ndjgpgfppo.JPEG,imagenet,0,0.3384529340909125
diffusion_datasets/imagenet/0_real/tknxjephgy.JPEG,imagenet,0,0.0007647747250156783
diffusion_datasets/imagenet/0_real/irwxnqcndk.JPEG,imagenet,0,0.00047280142158910885
diffusion_datasets/imagenet/0_real/wzdhwjmvgy.JPEG,imagenet,0,9.206553042423728e-05
diffusion_datasets/imagenet/0_real/olxtdigiux.JPEG,imagenet,0,0.06699083894910657
diffusion_datasets/imagenet/0_real/lxjrxqzveb.JPEG,imagenet,0,0.021881155226343898
diffusion_datasets/imagenet/0_real/mubozyqcgp.JPEG,imagenet,0,0.01651728036506743
diffusion_datasets/imagenet/0_real/sxwaupvkta.JPEG,imagenet,0,0.12431339886022064
diffusion_datasets/imagenet/0_real/zcaqqmomfv.JPEG,imagenet,0,0.0034403101357920653
diffusion_datasets/imagenet/0_real/hsweljupee.JPEG,imagenet,0,0.07360959880304165
diffusion_datasets/imagenet/0_real/bnhkqppcfl.JPEG,imagenet,0,0.16361046259884457
diffusion_datasets/imagenet/0_real/bljmtryslc.JPEG,imagenet,0,0.002117644242311064
diffusion_datasets/imagenet/0_real/dojapmtjlo.JPEG,imagenet,0,0.783554918608671
diffusion_datasets/imagenet/0_real/qvldneoiwj.JPEG,imagenet,0,0.015572882361814444
diffusion_datasets/imagenet/0_real/pcwvbmjrea.JPEG,imagenet,0,0.00023989515716497305
diffusion_datasets/imagenet/0_real/aakydlwfer.JPEG,imagenet,0,0.005910772482719054
diffusion_datasets/imagenet/0_real/zhkybzbekn.JPEG,imagenet,0,7.655457284696404e-05
diffusion_datasets/imagenet/0_real/jgyprvacek.JPEG,imagenet,0,0.15545677944230651
diffusion_datasets/imagenet/0_real/frrzmsczog.JPEG,imagenet,0,0.000925754275221089
diffusion_datasets/imagenet/0_real/ahwxcijnxm.JPEG,imagenet,0,0.0347398695778059
diffusion_datasets/imagenet/0_real/xuzzmcdpux.JPEG,imagenet,0,0.07847023137158138
diffusion_datasets/imagenet/0_real/ucxiudybpx.JPEG,imagenet,0,0.03460523374717031
diffusion_datasets/imagenet/0_real/dncoarxujc.JPEG,imagenet,0,0.00015853525782156454
diffusion_datasets/imagenet/0_real/mqzlaxdcyf.JPEG,imagenet,0,0.0015874234672729657
diffusion_datasets/imagenet/0_real/drpsdefmzh.JPEG,imagenet,0,0.006139657627417034
diffusion_datasets/imagenet/0_real/tfdqevjhtk.JPEG,imagenet,0,0.001750931206749517
diffusion_datasets/imagenet/0_real/mtclcgxdyh.JPEG,imagenet,0,0.053180036557472915
diffusion_datasets/imagenet/0_real/xvwgzjvahe.JPEG,imagenet,0,0.004879895040968453
diffusion_datasets/imagenet/0_real/ffubnjdhop.JPEG,imagenet,0,0.011667089218845949
diffusion_datasets/imagenet/0_real/bicflvshvw.JPEG,imagenet,0,0.00019875489980446682
diffusion_datasets/imagenet/0_real/flcafzqbyt.JPEG,imagenet,0,0.0014476596888169581
diffusion_datasets/imagenet/0_real/zatnelrcct.JPEG,imagenet,0,0.8566020360971789
diffusion_datasets/imagenet/0_real/qsndeimedb.JPEG,imagenet,0,0.00036880409818310127
diffusion_datasets/imagenet/0_real/kbpanibqgu.JPEG,imagenet,0,1.1489698639047497e-05
diffusion_datasets/imagenet/0_real/wjvuvyodzv.JPEG,imagenet,0,0.005607509323195611
diffusion_datasets/imagenet/0_real/agjsmczzat.JPEG,imagenet,0,0.0006095823968158084
diffusion_datasets/imagenet/0_real/jckrxjozhx.JPEG,imagenet,0,0.0349029201743795
diffusion_datasets/imagenet/0_real/mbtqfbwlry.JPEG,imagenet,0,0.05894927632333575
diffusion_datasets/imagenet/0_real/dsxuevcdxk.JPEG,imagenet,0,0.12959495595025713
diffusion_datasets/imagenet/0_real/jnrpfsvjdm.JPEG,imagenet,0,0.16121949447252631
diffusion_datasets/imagenet/0_real/gsjragxgrg.JPEG,imagenet,0,0.02256303275381136
diffusion_datasets/imagenet/0_real/kyrjicorfj.JPEG,imagenet,0,0.13310111484715553
diffusion_datasets/imagenet/0_real/newahshtuc.JPEG,imagenet,0,0.0001930442064769593
diffusion_datasets/imagenet/0_real/hxayxhqfnz.JPEG,imagenet,0,0.0003234342021875093
diffusion_datasets/imagenet/0_real/tbganwxklb.JPEG,imagenet,0,0.00013177629831431594
diffusion_datasets/imagenet/0_real/rtiaijvnif.JPEG,imagenet,0,0.0017108826591373714
diffusion_datasets/imagenet/0_real/dsxzmqgrfv.JPEG,imagenet,0,0.02921021838026133
diffusion_datasets/imagenet/0_real/owwrkfwvmg.JPEG,imagenet,0,0.02347629066618034
diffusion_datasets/imagenet/0_real/pukjffussu.JPEG,imagenet,0,0.7183157671643388
diffusion_datasets/imagenet/0_real/lvtmqaadzz.JPEG,imagenet,0,0.24586647079709184
diffusion_datasets/imagenet/0_real/qgdbbafuhn.JPEG,imagenet,0,0.5020815080682237
diffusion_datasets/imagenet/0_real/mqbzprykrc.JPEG,imagenet,0,0.01335111560828118
diffusion_datasets/imagenet/0_real/ceyagwkqcf.JPEG,imagenet,0,0.17440581414352543
diffusion_datasets/imagenet/0_real/wekyyrslyw.JPEG,imagenet,0,0.002576843973371657
diffusion_datasets/imagenet/0_real/vpokhpnoyy.JPEG,imagenet,0,0.0016305879960332359
diffusion_datasets/imagenet/0_real/yxdmgabgrh.JPEG,imagenet,0,0.9479323458736
diffusion_datasets/imagenet/0_real/zoxknkpgoh.JPEG,imagenet,0,0.3300202427931837
diffusion_datasets/imagenet/0_real/ydufoinjbm.JPEG,imagenet,0,0.05860233023422647
diffusion_datasets/imagenet/0_real/kzaxlmhpyk.JPEG,imagenet,0,0.006425682102188915
diffusion_datasets/imagenet/0_real/ewldxwaqfh.JPEG,imagenet,0,0.012881963203886522
diffusion_datasets/imagenet/0_real/ybpkzmxsoj.JPEG,imagenet,0,0.026392620442514694
diffusion_datasets/imagenet/0_real/uzjbonpwla.JPEG,imagenet,0,0.9060389157737819
diffusion_datasets/imagenet/0_real/hjshyxnjca.JPEG,imagenet,0,0.8542475790891079
diffusion_datasets/imagenet/0_real/ttfwqkviia.JPEG,imagenet,0,0.09085569816079758
diffusion_datasets/imagenet/0_real/shyyqqechu.JPEG,imagenet,0,0.00022717062646013294
diffusion_datasets/imagenet/0_real/jabklaioxf.JPEG,imagenet,0,0.0012189176497005407
diffusion_datasets/imagenet/0_real/xnyhohvpna.JPEG,imagenet,0,0.4625600462364377
diffusion_datasets/imagenet/0_real/ikesdclcne.JPEG,imagenet,0,0.13637870478289488
diffusion_datasets/imagenet/0_real/njrelhtzux.JPEG,imagenet,0,0.004050423826517827
diffusion_datasets/imagenet/0_real/lizvdcrrbp.JPEG,imagenet,0,0.0015659638338253394
diffusion_datasets/imagenet/0_real/albdpubxka.JPEG,imagenet,0,4.6273416201613574e-05
diffusion_datasets/imagenet/0_real/gfdekurnbz.JPEG,imagenet,0,0.9459817144539235
diffusion_datasets/imagenet/0_real/pzvgfnoiln.JPEG,imagenet,0,0.21083262329708014
diffusion_datasets/imagenet/0_real/zchftlmgnh.JPEG,imagenet,0,0.32246768428805594
diffusion_datasets/imagenet/0_real/fwhacyybom.JPEG,imagenet,0,0.0032052436313783042
diffusion_datasets/imagenet/0_real/dbcoycuiyt.JPEG,imagenet,0,0.004430751109054767
diffusion_datasets/imagenet/0_real/qsuodtmksx.JPEG,imagenet,0,0.00422331872334053
diffusion_datasets/imagenet/0_real/zbnbosutcn.JPEG,imagenet,0,0.0955762658705974
diffusion_datasets/imagenet/0_real/muszivpifs.JPEG,imagenet,0,0.00031355550820763296
diffusion_datasets/imagenet/0_real/hlwefvuprq.JPEG,imagenet,0,0.013636618779657269
diffusion_datasets/imagenet/0_real/nnylgyqsxs.JPEG,imagenet,0,0.014106098323283472
diffusion_datasets/imagenet/0_real/qitcgxcdmj.JPEG,imagenet,0,0.6622102895181311
diffusion_datasets/imagenet/0_real/jgvhyrcgyx.JPEG,imagenet,0,0.0026699830176846653
diffusion_datasets/imagenet/0_real/ulpnibnvvc.JPEG,imagenet,0,0.38660956892639375
diffusion_datasets/imagenet/0_real/figfzyfhkt.JPEG,imagenet,0,0.045446420535554595
diffusion_datasets/imagenet/0_real/oyxvwvxuzr.JPEG,imagenet,0,0.01893895281518231
diffusion_datasets/imagenet/0_real/effiwpkvcy.JPEG,imagenet,0,0.08043013613130746
diffusion_datasets/imagenet/0_real/wipphellrw.JPEG,imagenet,0,0.02205942330402657
diffusion_datasets/imagenet/0_real/vipmyyceny.JPEG,imagenet,0,0.9356146560025963
diffusion_datasets/imagenet/0_real/ftobdflmuz.JPEG,imagenet,0,0.009698250156712867
diffusion_datasets/imagenet/0_real/dldztvvwrt.JPEG,imagenet,0,0.01240547434363707
diffusion_datasets/imagenet/0_real/nmdxktenko.JPEG,imagenet,0,5.166095672098721e-06
diffusion_datasets/imagenet/0_real/yldbjbxfzj.JPEG,imagenet,0,0.017015014603752744
diffusion_datasets/imagenet/0_real/oaepibbwpe.JPEG,imagenet,0,0.004371451698074828
diffusion_datasets/imagenet/0_real/jdoqiuxxvj.JPEG,imagenet,0,0.00036886146892270487
diffusion_datasets/imagenet/0_real/vlwnndwtuh.JPEG,imagenet,0,0.11298804125942973
diffusion_datasets/imagenet/0_real/gufjiiwgrf.JPEG,imagenet,0,0.0033656219982396477
diffusion_datasets/imagenet/0_real/werhusireg.JPEG,imagenet,0,0.0018414566462651577
diffusion_datasets/imagenet/0_real/nytqcbcfth.JPEG,imagenet,0,0.005121457132596581
diffusion_datasets/imagenet/0_real/tvdnjojlmh.JPEG,imagenet,0,0.005976103543736014
diffusion_datasets/imagenet/0_real/mfzrfiyjrf.JPEG,imagenet,0,0.012564006033636006
diffusion_datasets/imagenet/0_real/znwafizosm.JPEG,imagenet,0,0.009731032921073303
diffusion_datasets/imagenet/0_real/ughldndbio.JPEG,imagenet,0,0.00036266282663103037
diffusion_datasets/imagenet/0_real/zkioiunenq.JPEG,imagenet,0,0.06162722903424653
diffusion_datasets/imagenet/0_real/echehlitmr.JPEG,imagenet,0,0.003275039514738271
diffusion_datasets/imagenet/0_real/hvuyhhryut.JPEG,imagenet,0,0.004478003352763418
diffusion_datasets/imagenet/0_real/qhuylytsyy.JPEG,imagenet,0,4.868253649670116e-05
diffusion_datasets/imagenet/0_real/dbifuulczh.JPEG,imagenet,0,0.0018074145010524537
diffusion_datasets/imagenet/0_real/vsivgpmche.JPEG,imagenet,0,0.08357925679011738
diffusion_datasets/imagenet/0_real/jhuyduptth.JPEG,imagenet,0,0.0472312558536051
diffusion_datasets/imagenet/0_real/likeehktbp.JPEG,imagenet,0,0.00013817150382481642
diffusion_datasets/imagenet/0_real/ddeuvxknie.JPEG,imagenet,0,0.21382238926820354
diffusion_datasets/imagenet/0_real/vwkbynfcdl.JPEG,imagenet,0,0.006410152989854466
diffusion_datasets/imagenet/0_real/gropzgdcno.JPEG,imagenet,0,0.004070305050705162
diffusion_datasets/imagenet/0_real/myjibkfcjw.JPEG,imagenet,0,0.04776369784988185
diffusion_datasets/imagenet/0_real/ixyzaufrnr.JPEG,imagenet,0,0.05322389393492022
diffusion_datasets/imagenet/0_real/rakzbwxeme.JPEG,imagenet,0,0.02940023703266443
diffusion_datasets/imagenet/0_real/xoxubdjnhe.JPEG,imagenet,0,0.0009689807069192299
diffusion_datasets/imagenet/0_real/htqmkwgkwb.JPEG,imagenet,0,0.00010537129550842409
diffusion_datasets/imagenet/0_real/yfbwcnyvch.JPEG,imagenet,0,0.041325084583039476
diffusion_datasets/imagenet/0_real/nvwywbybsj.JPEG,imagenet,0,0.0033652554762530797
diffusion_datasets/imagenet/0_real/heasqjcmsg.JPEG,imagenet,0,0.4121547185052939
diffusion_datasets/imagenet/0_real/pieahxylhf.JPEG,imagenet,0,0.08509751017007725
diffusion_datasets/imagenet/0_real/trssloofom.JPEG,imagenet,0,0.021806048068772337
diffusion_datasets/imagenet/0_real/dawfktkzad.JPEG,imagenet,0,0.00019622026941927702
diffusion_datasets/imagenet/0_real/pptvyzosrk.JPEG,imagenet,0,0.4417335858427532
diffusion_datasets/imagenet/0_real/aujwkgbadp.JPEG,imagenet,0,1.2387604461436957e-06
diffusion_datasets/imagenet/0_real/jlmbbubxmr.JPEG,imagenet,0,0.012673724671043858
diffusion_datasets/imagenet/0_real/aadlygmazf.JPEG,imagenet,0,0.0275801061386665
diffusion_datasets/imagenet/0_real/uesrfqrmys.JPEG,imagenet,0,8.333413394670945e-05
diffusion_datasets/imagenet/0_real/hkjmvhgmso.JPEG,imagenet,0,0.004217902814724725
diffusion_datasets/imagenet/0_real/xsmkmdlmux.JPEG,imagenet,0,0.0004597064706527875
diffusion_datasets/imagenet/0_real/pjvqcnpfqy.JPEG,imagenet,0,0.8165790550212748
diffusion_datasets/imagenet/0_real/nuhcuxjnpx.JPEG,imagenet,0,0.010176690442330457
diffusion_datasets/imagenet/0_real/oertmmpfuq.JPEG,imagenet,0,0.811994806732697
diffusion_datasets/imagenet/0_real/xfblvcbesb.JPEG,imagenet,0,0.03641736922884255
diffusion_datasets/imagenet/0_real/nrglavnpuu.JPEG,imagenet,0,0.45180430147136935
diffusion_datasets/imagenet/0_real/rxsgddveyy.JPEG,imagenet,0,4.949736058025801e-05
diffusion_datasets/imagenet/0_real/ajldduomvc.JPEG,imagenet,0,0.020108083419928945
diffusion_datasets/imagenet/0_real/umhgkshvea.JPEG,imagenet,0,0.8800086955180995
diffusion_datasets/imagenet/0_real/sepihwqglu.JPEG,imagenet,0,0.10866180823731549
diffusion_datasets/imagenet/0_real/eufbtfldxd.JPEG,imagenet,0,0.38271598863641665
diffusion_datasets/imagenet/0_real/yinujujzud.JPEG,imagenet,0,0.1704149943619759
diffusion_datasets/imagenet/0_real/cdjghtyvsn.JPEG,imagenet,0,0.30163427833610607
diffusion_datasets/imagenet/0_real/gwwimiekeh.JPEG,imagenet,0,0.0024713046218745862
diffusion_datasets/imagenet/0_real/ajaqvfgsih.JPEG,imagenet,0,0.11837515560023186
diffusion_datasets/imagenet/0_real/aoyyeorqer.JPEG,imagenet,0,0.004481504521286395
diffusion_datasets/imagenet/0_real/gudkwzmgfo.JPEG,imagenet,0,0.07356304829714302
diffusion_datasets/imagenet/0_real/smdvfqmevj.JPEG,imagenet,0,0.002961920069314441
diffusion_datasets/imagenet/0_real/rhwouyajcq.JPEG,imagenet,0,0.28956876653263247
diffusion_datasets/imagenet/0_real/njnnphhwll.JPEG,imagenet,0,0.022902479441002037
diffusion_datasets/imagenet/0_real/tgkezflbjz.JPEG,imagenet,0,0.014125356205435294
diffusion_datasets/imagenet/0_real/kszghluqlw.JPEG,imagenet,0,0.24252757305749006
diffusion_datasets/imagenet/0_real/orgclftabd.JPEG,imagenet,0,0.0029324525676490726
diffusion_datasets/imagenet/0_real/vuvkrfmrfw.JPEG,imagenet,0,0.11714653301938578
diffusion_datasets/imagenet/0_real/cspmbvyjpm.JPEG,imagenet,0,0.0003954706133333135
diffusion_datasets/imagenet/0_real/jkdydiqkym.JPEG,imagenet,0,0.17440066608419735
diffusion_datasets/imagenet/0_real/rtbrwgwkho.JPEG,imagenet,0,0.028311701644565406
diffusion_datasets/imagenet/0_real/jgcuwqiqsa.JPEG,imagenet,0,0.011076668642112044
diffusion_datasets/imagenet/0_real/pcaodmknyo.JPEG,imagenet,0,0.0010477876366616508
diffusion_datasets/imagenet/0_real/rprdsmygod.JPEG,imagenet,0,0.30445660953716713
diffusion_datasets/imagenet/0_real/ztytemyoxv.JPEG,imagenet,0,0.00428127416887086
diffusion_datasets/imagenet/0_real/xjsfnrjtst.JPEG,imagenet,0,0.026287565241734517
diffusion_datasets/imagenet/0_real/xahepmkkki.JPEG,imagenet,0,0.03758871977677309
diffusion_datasets/imagenet/0_real/hptzommwzk.JPEG,imagenet,0,0.5349069687329463
diffusion_datasets/imagenet/0_real/acpwmtyztu.JPEG,imagenet,0,0.007852930590123644
diffusion_datasets/imagenet/0_real/kkxuptmzof.JPEG,imagenet,0,0.11261551158278686
diffusion_datasets/imagenet/0_real/csvtttfwut.JPEG,imagenet,0,0.8885851192099734
diffusion_datasets/imagenet/0_real/mocygqjmlh.JPEG,imagenet,0,0.01273118174807308
diffusion_datasets/imagenet/0_real/nipnhttkcg.JPEG,imagenet,0,0.3045930168111242
diffusion_datasets/imagenet/0_real/ajdylzvnwn.JPEG,imagenet,0,0.0026933335167529594
diffusion_datasets/imagenet/0_real/vmrobijbmc.JPEG,imagenet,0,0.015062105112692797
diffusion_datasets/imagenet/0_real/sdbpzpettf.JPEG,imagenet,0,5.888244684594498e-05
diffusion_datasets/imagenet/0_real/vitzpaholy.JPEG,imagenet,0,0.021317206267204233
diffusion_datasets/imagenet/0_real/hnsubaglth.JPEG,imagenet,0,0.042942366486014
diffusion_datasets/imagenet/0_real/lqdjvtnjqn.JPEG,imagenet,0,0.0641537595721252
diffusion_datasets/imagenet/0_real/szebyvzlqt.JPEG,imagenet,0,0.02047112148397787
diffusion_datasets/imagenet/0_real/iqruwytkxd.JPEG,imagenet,0,0.02492779018896506
diffusion_datasets/imagenet/0_real/xbwwtavscv.JPEG,imagenet,0,0.7128726145876639
diffusion_datasets/imagenet/0_real/vueczavslq.JPEG,imagenet,0,0.06086046036145643
diffusion_datasets/imagenet/0_real/mijuwhirnm.JPEG,imagenet,0,0.1862417725429721
diffusion_datasets/imagenet/0_real/hhmqvefsdm.JPEG,imagenet,0,0.000577313097559883
diffusion_datasets/imagenet/0_real/gtqyrcambg.JPEG,imagenet,0,0.00608365949962198
diffusion_datasets/imagenet/0_real/danyxpbnqf.JPEG,imagenet,0,0.02570334405578637
diffusion_datasets/imagenet/0_real/zynieagnms.JPEG,imagenet,0,0.0005233747921928229
diffusion_datasets/imagenet/0_real/rgnjmqxait.JPEG,imagenet,0,0.6525558837562316
diffusion_datasets/imagenet/0_real/wkkhoodytf.JPEG,imagenet,0,0.011360410246561837
diffusion_datasets/laion/0_real/xvulqfblsf.jpg,laion,0,0.42518778695914905
diffusion_datasets/laion/0_real/bqeilhkbun.jpg,laion,0,0.7563825679590239
diffusion_datasets/laion/0_real/kguycdreay.jpg,laion,0,0.07960823923508739
diffusion_datasets/laion/0_real/bxfbgvlfqu.jpg,laion,0,0.003322299014541907
diffusion_datasets/laion/0_real/qdnqcoyzar.jpg,laion,0,0.7357289146279884
diffusion_datasets/laion/0_real/idvfzzxvyh.jpg,laion,0,0.006447113419927937
diffusion_datasets/laion/0_real/lvtmqaadzz.jpg,laion,0,0.7205708220385162
diffusion_datasets/laion/0_real/bghliglwng.jpg,laion,0,0.016488914693387504
diffusion_datasets/laion/0_real/jqnuoffbtb.jpg,laion,0,0.0216895023446859
diffusion_datasets/laion/0_real/tvdnjojlmh.jpg,laion,0,0.8961461917770874
diffusion_datasets/laion/0_real/jkdydiqkym.jpg,laion,0,0.10296117606581151
diffusion_datasets/laion/0_real/oqlgvyltdu.jpg,laion,0,0.030481584786194383
diffusion_datasets/laion/0_real/yecvsijdsn.jpg,laion,0,0.03571975589405132
diffusion_datasets/laion/0_real/vfjqbhhdhb.jpg,laion,0,0.8210148160366729
diffusion_datasets/laion/0_real/rpeighzltg.jpg,laion,0,0.0055991870686154495
diffusion_datasets/laion/0_real/nytqcbcfth.jpg,laion,0,0.9421449223342839
diffusion_datasets/laion/0_real/mtuopsldka.jpg,laion,0,0.8695167339692198
diffusion_datasets/laion/0_real/ayibbogxvl.jpg,laion,0,0.20894005552908998
diffusion_datasets/laion/0_real/kkxuptmzof.jpg,laion,0,0.4699621898584195
diffusion_datasets/laion/0_real/whqsatsqum.jpg,laion,0,0.017288542565937755
diffusion_datasets/laion/0_real/bolqiuvdbo.jpg,laion,0,0.0005450962018567681
diffusion_datasets/laion/0_real/lqrkxsvuvt.jpg,laion,0,0.656568844161836
diffusion_datasets/laion/0_real/csvtttfwut.jpg,laion,0,0.004120270051193502
diffusion_datasets/laion/0_real/wketmynlnj.jpg,laion,0,0.6752502202995687
diffusion_datasets/laion/0_real/mubozyqcgp.jpg,laion,0,0.0024726817253219757
diffusion_datasets/laion/0_real/mfcceezfwn.jpg,laion,0,0.9627817276692937
diffusion_datasets/laion/0_real/gayjhkcdkw.jpg,laion,0,0.016651392614627638
diffusion_datasets/laion/0_real/cnthnmxcwh.jpg,laion,0,0.8850463853055818
diffusion_datasets/laion/0_real/nvwywbybsj.jpg,laion,0,0.6589431812523484
diffusion_datasets/laion/0_real/zmqpqnavds.jpg,laion,0,0.02581550902155622
diffusion_datasets/laion/0_real/sneggiimdk.jpg,laion,0,0.04170379420115701
diffusion_datasets/laion/0_real/wsbyyiugsn.jpg,laion,0,0.9753758254276004
diffusion_datasets/laion/0_real/fzmzemtxkr.jpg,laion,0,0.3211320442650447
diffusion_datasets/laion/0_real/tgkezflbjz.jpg,laion,0,4.1376376889992485e-06
diffusion_datasets/laion/0_real/ncyvrxsbym.jpg,laion,0,0.4181734502094962
diffusion_datasets/laion/0_real/osrdcrocjh.jpg,laion,0,8.947188256452051e-05
diffusion_datasets/laion/0_real/vmjmkqeggv.jpg,laion,0,0.8717693761322075
diffusion_datasets/laion/0_real/gwhfxugran.jpg,laion,0,0.9048113567957655
diffusion_datasets/laion/0_real/lpofppxlqt.jpg,laion,0,0.003784395430696482
diffusion_datasets/laion/0_real/vispixnoqk.jpg,laion,0,1.1285983688753254e-06
diffusion_datasets/laion/0_real/wrmxjiicmz.jpg,laion,0,0.9309474878359079
diffusion_datasets/laion/0_real/kzflnrbcwz.jpg,laion,0,0.9973365875682791
diffusion_datasets/laion/0_real/wedprdqjkr.jpg,laion,0,0.04005082710108744
diffusion_datasets/laion/0_real/utlevcsfzc.jpg,laion,0,0.4006334606372755
diffusion_datasets/laion/0_real/bbdiioaqyn.jpg,laion,0,0.01620468807683972
diffusion_datasets/laion/0_real/lqdjvtnjqn.jpg,laion,0,0.008479159291036585
diffusion_datasets/laion/0_real/yaaqlxnzhi.jpg,laion,0,0.20406401550691314
diffusion_datasets/laion/0_real/idrkdekvux.jpg,laion,0,0.0020805280310911213
diffusion_datasets/laion/0_real/tmuzzrstsf.jpg,laion,0,0.5412257672414639
diffusion_datasets/laion/0_real/jqihknjmkf.jpg,laion,0,2.504879454154369e-05
diffusion_datasets/laion/0_real/fuahrcqbgk.jpg,laion,0,0.015844171872466423
diffusion_datasets/laion/0_real/mrdnzxhmlr.jpg,laion,0,0.8950965954761311
diffusion_datasets/laion/0_real/fwqtzyeait.jpg,laion,0,1.0647632995907943e-05
diffusion_datasets/laion/0_real/ugrxyyeknx.jpg,laion,0,0.026363844563042083
diffusion_datasets/laion/0_real/oertmmpfuq.jpg,laion,0,0.003839702821596091
diffusion_datasets/laion/0_real/bcqofpsyca.jpg,laion,0,0.5854067832908566
diffusion_datasets/laion/0_real/nypkpjmzri.jpg,laion,0,0.020144416196800127
diffusion_datasets/laion/0_real/ybpkzmxsoj.jpg,laion,0,0.6762536386755933
diffusion_datasets/laion/0_real/surgjkswmj.jpg,laion,0,0.30845187041447736
diffusion_datasets/laion/0_real/nzfqdevtuu.jpg,laion,0,0.4918921740346129
diffusion_datasets/laion/0_real/plszaygqda.jpg,laion,0,0.856290493261643
diffusion_datasets/laion/0_real/smdvfqmevj.jpg,laion,0,0.27330236673846775
diffusion_datasets/laion/0_real/gudkwzmgfo.jpg,laion,0,0.3977633368530541
diffusion_datasets/laion/0_real/sinwhncecv.jpg,laion,0,0.006071115077681356
diffusion_datasets/laion/0_real/rtiaijvnif.jpg,laion,0,0.19224753799676725
diffusion_datasets/laion/0_real/hwfugtliat.jpg,laion,0,0.43298785668364465
diffusion_datasets/laion/0_real/fzzunuvfgl.jpg,laion,0,0.0012377576548496191
diffusion_datasets/laion/0_real/buiozdnamh.jpg,laion,0,0.014199855486902212
diffusion_datasets/laion/0_real/ygsthmtuoh.jpg,laion,0,0.006156806014490454
diffusion_datasets/laion/0_real/bqcltegxdf.jpg,laion,0,0.00010038666103032839
diffusion_datasets/laion/0_real/enrmnsxepz.jpg,laion,0,0.012567286344681522
diffusion_datasets/laion/0_real/xbwwtavscv.jpg,laion,0,0.0007527580596059641
diffusion_datasets/laion/0_real/auannvrmrm.jpg,laion,0,0.9711562804681286
diffusion_datasets/laion/0_real/nvglpmddru.jpg,laion,0,0.195584428640811
diffusion_datasets/laion/0_real/yxyqoryjpu.jpg,laion,0,0.09217546095503953
diffusion_datasets/laion/0_real/wsbgevekgf.jpg,laion,0,0.0007872560587493972
diffusion_datasets/laion/0_real/szebyvzlqt.jpg,laion,0,0.0004399163501476951
diffusion_datasets/laion/0_real/adizyjvxam.jpg,laion,0,0.008514167013470972
diffusion_datasets/laion/0_real/dawfktkzad.jpg,laion,0,0.6164951940449718
diffusion_datasets/laion/0_real/eayzvzrytx.jpg,laion,0,0.09368489182635842
diffusion_datasets/laion/0_real/gzzhkwcczo.jpg,laion,0,0.04760088778577335
diffusion_datasets/laion/0_real/ycojahdoqs.jpg,laion,0,0.41722898743579
diffusion_datasets/laion/0_real/bdwbeyarpc.jpg,laion,0,7.8409563516643e-05
diffusion_datasets/laion/0_real/uzunqwixgv.jpg,laion,0,0.22986415747969835
diffusion_datasets/laion/0_real/ftobdflmuz.jpg,laion,0,0.004208577202238573
diffusion_datasets/laion/0_real/lcyxnaodgl.jpg,laion,0,0.9734419589981963
diffusion_datasets/laion/0_real/wqvahtytps.jpg,laion,0,0.0016562615815099875
diffusion_datasets/laion/0_real/elpsbyigve.jpg,laion,0,0.1314173224621252
diffusion_datasets/laion/0_real/kvaphythne.jpg,laion,0,0.0007273936921842306
diffusion_datasets/laion/0_real/ypvdkreobg.jpg,laion,0,0.05002149714416228
diffusion_datasets/laion/0_real/mqbzprykrc.jpg,laion,0,0.0072769259635913595
diffusion_datasets/laion/0_real/sltdkynkrd.jpg,laion,0,0.026045376765592605
diffusion_datasets/laion/0_real/fcgojsqxhw.jpg,laion,0,0.00854357467038672
diffusion_datasets/laion/0_real/jykjuscrhb.jpg,laion,0,0.20112536803816106
diffusion_datasets/laion/0_real/kvomczokut.jpg,laion,0,0.5012395430537051
diffusion_datasets/laion/0_real/yfnrrhachx.jpg,laion,0,1.3090500626062857e-05
diffusion_datasets/laion/0_real/owavsapwhv.jpg,laion,0,0.0018879737459698129
diffusion_datasets/laion/0_real/bfuqjvwwlk.jpg,laion,0,0.2270290400952485
diffusion_datasets/laion/0_real/gvvfxpftgt.jpg,laion,0,0.019301586609489375
diffusion_datasets/laion/0_real/owymrcrmoo.jpg,laion,0,0.7460991548200434
diffusion_datasets/laion/0_real/mnbrpiakwa.jpg,laion,0,0.6396267929064421
diffusion_datasets/laion/0_real/rjdnzhbvwc.jpg,laion,0,0.8021354827296775
diffusion_datasets/laion/0_real/jvctzionai.jpg,laion,0,0.007126995346686971
diffusion_datasets/laion/0_real/smmiazxocc.jpg,laion,0,0.9609702889877717
diffusion_datasets/laion/0_real/pcvfvfsxek.jpg,laion,0,0.003258851719862853
diffusion_datasets/laion/0_real/uvwnmuvfio.jpg,laion,0,0.0027840729098563416
diffusion_datasets/laion/0_real/uxbuickkha.jpg,laion,0,0.10346270261199096
diffusion_datasets/laion/0_real/ikptlvvios.jpg,laion,0,0.8452398436904114
diffusion_datasets/laion/0_real/yutcusvily.jpg,laion,0,0.9144103429306695
diffusion_datasets/laion/0_real/qtpttlawjz.jpg,laion,0,0.7415196830975822
diffusion_datasets/laion/0_real/aynkpajrmy.jpg,laion,0,0.017414690397517908
diffusion_datasets/laion/0_real/iwkrlrqsbn.jpg,laion,0,0.8314944229997697
diffusion_datasets/laion/0_real/aahxgrlfqt.jpg,laion,0,0.00043677155979602146
diffusion_datasets/laion/0_real/pbblbgdzjz.jpg,laion,0,1.4555839806807616e-05
diffusion_datasets/laion/0_real/lcaexbqxar.jpg,laion,0,0.01256897369102283
diffusion_datasets/laion/0_real/qafswzymfy.jpg,laion,0,0.012793372588990496
diffusion_datasets/laion/0_real/frrzmsczog.jpg,laion,0,0.8346942276854898
diffusion_datasets/laion/0_real/yqqmbglayb.jpg,laion,0,0.00021152636139907098
diffusion_datasets/laion/0_real/sxwaupvkta.jpg,laion,0,0.5864352581342438
diffusion_datasets/laion/0_real/dxvmhjeycz.jpg,laion,0,0.4619312896430842
diffusion_datasets/laion/0_real/yoqkeajskn.jpg,laion,0,0.9985450139981469
diffusion_datasets/laion/0_real/hjovhnpjdf.jpg,laion,0,0.0015591531906092033
diffusion_datasets/laion/0_real/amcjhcqbxr.jpg,laion,0,0.0030079153611467886
diffusion_datasets/laion/0_real/ftampoyprn.jpg,laion,0,0.005602984712061451
diffusion_datasets/laion/0_real/yfxdzkbfpk.jpg,laion,0,0.4455588410076341
diffusion_datasets/laion/0_real/uydofqnwdz.jpg,laion,0,1.7690954292492038e-06
diffusion_datasets/laion/0_real/oxkzwdrxay.jpg,laion,0,0.9862523554808199
diffusion_datasets/laion/0_real/vcuznpgkuo.jpg,laion,0,0.8221207240689755
diffusion_datasets/laion/0_real/yvwtaordyd.jpg,laion,0,0.009932759740707646
diffusion_datasets/laion/0_real/bvbspxdfxz.jpg,laion,0,0.0025757789956019103
diffusion_datasets/laion/0_real/rhwouyajcq.jpg,laion,0,0.0036090796149038993
diffusion_datasets/laion/0_real/rzkutenljp.jpg,laion,0,0.09085852670294157
diffusion_datasets/laion/0_real/gxkmzinhug.jpg,laion,0,0.00031202025340730077
diffusion_datasets/laion/0_real/rgiwpyxekm.jpg,laion,0,0.0003122075442079294
diffusion_datasets/laion/0_real/uesrfqrmys.jpg,laion,0,0.010950742536063075
diffusion_datasets/laion/0_real/wotrziuyhj.jpg,laion,0,0.0021365610424002594
diffusion_datasets/laion/0_real/ajdylzvnwn.jpg,laion,0,0.011078522214955797
diffusion_datasets/laion/0_real/xrkvaduave.jpg,laion,0,0.9832759279900378
diffusion_datasets/laion/0_real/ueoeojrsyj.jpg,laion,0,0.07366351246639899
diffusion_datasets/laion/0_real/ouirlfwsyx.jpg,laion,0,0.09378161107653046
diffusion_datasets/laion/0_real/viedszojsm.jpg,laion,0,0.06453467830217616
diffusion_datasets/laion/0_real/irwxnqcndk.jpg,laion,0,0.23691604626146434
diffusion_datasets/laion/0_real/zdqmadvhbl.jpg,laion,0,0.4017292594573702
diffusion_datasets/laion/0_real/tbxpyvxjym.jpg,laion,0,0.8372421590735128
diffusion_datasets/laion/0_real/fvbwueqmmc.jpg,laion,0,0.0027607848735649127
diffusion_datasets/laion/0_real/umhgkshvea.jpg,laion,0,0.0006952441227557038
diffusion_datasets/laion/0_real/tecfsxrdsg.jpg,laion,0,0.8797768763899732
diffusion_datasets/laion/0_real/oaepibbwpe.jpg,laion,0,0.013717566536521704
diffusion_datasets/laion/0_real/lkbpelvrth.jpg,laion,0,0.07038320590042878
diffusion_datasets/laion/0_real/fgbgiwekim.jpg,laion,0,0.024268755505261867
diffusion_datasets/laion/0_real/jqcakwrejy.jpg,laion,0,0.1278275991804403
diffusion_datasets/laion/0_real/ohycivlfdy.jpg,laion,0,0.007857997412508639
diffusion_datasets/laion/0_real/xvpiclvxzd.jpg,laion,0,0.00031008388276512484
diffusion_datasets/laion/0_real/bwvinmojcw.jpg,laion,0,0.02750277083404904
diffusion_datasets/laion/0_real/onkjvikzsj.jpg,laion,0,0.0006049562659685904
diffusion_datasets/laion/0_real/kgmqyotoqo.jpg,laion,0,0.9947756313748771
diffusion_datasets/laion/0_real/ltwpiurdob.jpg,laion,0,0.9841223740999928
diffusion_datasets/laion/0_real/gtidkpfxcc.jpg,laion,0,0.10150585827667509
diffusion_datasets/laion/0_real/xlwfiidgib.jpg,laion,0,0.9260182619037882
diffusion_datasets/laion/0_real/ilaptngbkl.jpg,laion,0,0.0022368041861872377
diffusion_datasets/laion/0_real/hkhpikinqs.jpg,laion,0,0.1700370135174792
diffusion_datasets/laion/0_real/ettedwuoqe.jpg,laion,0,0.005896681106680704
diffusion_datasets/laion/0_real/nhmoimaaqz.jpg,laion,0,0.08334635457255862
diffusion_datasets/laion/0_real/flcafzqbyt.jpg,laion,0,0.01810241339907893
diffusion_datasets/laion/0_real/pcwvbmjrea.jpg,laion,0,0.011002469794454775
diffusion_datasets/laion/0_real/sepihwqglu.jpg,laion,0,0.2591223971900559
diffusion_datasets/laion/0_real/vuvkrfmrfw.jpg,laion,0,0.2837012714839193
diffusion_datasets/laion/0_real/effiwpkvcy.jpg,laion,0,0.7266232166960377
diffusion_datasets/laion/0_real/huksdpnufs.jpg,laion,0,0.020810707663050015
diffusion_datasets/laion/0_real/cpyrataump.jpg,laion,0,0.040010692169076455
diffusion_datasets/laion/0_real/fxxzogdrnu.jpg,laion,0,0.04319528708867096
diffusion_datasets/laion/0_real/jfqdxkbnuz.jpg,laion,0,6.828436703680596e-05
diffusion_datasets/laion/0_real/psvmrypqai.jpg,laion,0,0.12720767261855923
diffusion_datasets/laion/0_real/odhzcmznnr.jpg,laion,0,1.9862903029793876e-05
diffusion_datasets/laion/0_real/fwhacyybom.jpg,laion,0,0.003786624933500131
diffusion_datasets/laion/0_real/ccbrpvitlb.jpg,laion,0,0.0038751090860133105
diffusion_datasets/laion/0_real/tknxjephgy.jpg,laion,0,0.0027171210010792563
diffusion_datasets/laion/0_real/hypftiguck.jpg,laion,0,0.004218816621000909
diffusion_datasets/laion/0_real/jgvhyrcgyx.jpg,laion,0,0.0025562695330271917
diffusion_datasets/laion/0_real/xnyhohvpna.jpg,laion,0,3.750221619724764e-05
diffusion_datasets/laion/0_real/tuptxvyplv.jpg,laion,0,0.1462840346447296
diffusion_datasets/laion/0_real/itvslvcuiy.jpg,laion,0,0.7395976085778955
diffusion_datasets/laion/0_real/ynescstwdk.jpg,laion,0,0.0052743403749319
diffusion_datasets/laion/0_real/gdomuubpmo.jpg,laion,0,0.20267692242528473
diffusion_datasets/laion/0_real/hlwefvuprq.jpg,laion,0,0.00929811419726308
diffusion_datasets/laion/0_real/efykeyysvi.jpg,laion,0,0.0010841779141691618
diffusion_datasets/laion/0_real/uyfkdpzowl.jpg,laion,0,0.996915311606675
diffusion_datasets/laion/0_real/hgcafbxres.jpg,laion,0,0.9035192600282166
diffusion_datasets/laion/0_real/lkealtdsyd.jpg,laion,0,0.998851166275151
diffusion_datasets/laion/0_real/ybbbdeihcf.jpg,laion,0,0.6005152257945897
diffusion_datasets/laion/0_real/cqxwvqbknx.jpg,laion,0,0.03564959241555788
diffusion_datasets/laion/0_real/ddeuvxknie.jpg,laion,0,0.0009770403662311084
diffusion_datasets/laion/0_real/zwkapmobkx.jpg,laion,0,6.705988067666259e-06
diffusion_datasets/laion/0_real/zxnpcvwbfb.jpg,laion,0,0.5664785939428361
diffusion_datasets/laion/0_real/mcsihazpje.jpg,laion,0,0.4450907692028321
diffusion_datasets/laion/0_real/xqlumlknls.jpg,laion,0,0.007036163402556109
diffusion_datasets/laion/0_real/rpggiliowp.jpg,laion,0,1.1047852230397092e-05
diffusion_datasets/laion/0_real/tivixbdipm.jpg,laion,0,0.20113839504218536
diffusion_datasets/laion/0_real/wcuupgwotu.jpg,laion,0,0.7058427133760494
diffusion_datasets/laion/0_real/cdjghtyvsn.jpg,laion,0,3.53894113058368e-05
diffusion_datasets/laion/0_real/aqfnjpltvb.jpg,laion,0,0.0012189838626410893
diffusion_datasets/laion/0_real/mqzlaxdcyf.jpg,laion,0,0.9877496987050846
diffusion_datasets/laion/0_real/yatxnhyhyw.jpg,laion,0,0.019000377645340513
diffusion_datasets/laion/0_real/zzrnxnjzyx.jpg,laion,0,0.10190999363078979
diffusion_datasets/laion/0_real/vpwnxqxbks.jpg,laion,0,0.3928903261956231
diffusion_datasets/laion/0_real/ranqpkoerl.jpg,laion,0,0.023091035828691972
diffusion_datasets/laion/0_real/vyjvqkrjmv.jpg,laion,0,3.2397551794701845e-05
diffusion_datasets/laion/0_real/skkprfujmw.jpg,laion,0,0.993603021915449
diffusion_datasets/laion/0_real/njfscemusa.jpg,laion,0,0.02487624425712701
diffusion_datasets/laion/0_real/djfymdweky.jpg,laion,0,0.0054765959715835635
diffusion_datasets/laion/0_real/czqsnkbvng.jpg,laion,0,0.9348000083560255
diffusion_datasets/laion/0_real/lakovwneny.jpg,laion,0,0.995653415043537
diffusion_datasets/laion/0_real/xmppkkdynh.jpg,laion,0,0.3122511333575014
diffusion_datasets/laion/0_real/xnidvmnavp.jpg,laion,0,0.8221105612913526
diffusion_datasets/laion/0_real/cjmyrxrisl.jpg,laion,0,0.6355131635417532
diffusion_datasets/laion/0_real/wgmfkffpbs.jpg,laion,0,0.0035230172136430753
diffusion_datasets/laion/0_real/sbuowwvzjw.jpg,laion,0,0.2177199698313129
diffusion_datasets/laion/0_real/qsndeimedb.jpg,laion,0,0.5877117990022652
diffusion_datasets/laion/0_real/jecdlrpjba.jpg,laion,0,0.9985240290807229
diffusion_datasets/laion/0_real/owbarkgfyc.jpg,laion,0,0.06185088026773621
diffusion_datasets/laion/0_real/hcnhiyscgm.jpg,laion,0,0.007717819248693407
diffusion_datasets/laion/0_real/ppufoaihkk.jpg,laion,0,0.048905775377155666
diffusion_datasets/laion/0_real/mltvjsqnjm.jpg,laion,0,0.011023388590521162
diffusion_datasets/laion/0_real/bqmyueubdu.jpg,laion,0,0.6201054719367617
diffusion_datasets/laion/0_real/wdjkwiwroa.jpg,laion,0,0.03173705854089907
diffusion_datasets/laion/0_real/zhkktdnkhl.jpg,laion,0,0.10011821237719397
diffusion_datasets/laion/0_real/eelzocmtws.jpg,laion,0,0.0016135303250693449
diffusion_datasets/laion/0_real/ocmzcjegeg.jpg,laion,0,0.9987020919005737
diffusion_datasets/laion/0_real/nkdchwutlw.jpg,laion,0,0.500436346123798
diffusion_datasets/laion/0_real/pcaodmknyo.jpg,laion,0,0.002156929333072193
diffusion_datasets/laion/0_real/aowpbzokmp.jpg,laion,0,0.3913981685534704
diffusion_datasets/laion/0_real/hcyfeanpao.jpg,laion,0,0.00021803557354548318
diffusion_datasets/laion/0_real/lpvhehbmzv.jpg,laion,0,0.9907246853326438
diffusion_datasets/laion/0_real/fneghrqtsf.jpg,laion,0,0.0220559201010894
diffusion_datasets/laion/0_real/pyydtwntke.jpg,laion,0,0.23395034072830617
diffusion_datasets/laion/0_real/jnrpfsvjdm.jpg,laion,0,0.2056970663896256
diffusion_datasets/laion/0_real/jhcbtfuziq.jpg,laion,0,0.15413927766588179
diffusion_datasets/laion/0_real/tflsufulfn.jpg,laion,0,0.7652559777196439
diffusion_datasets/laion/0_real/htpewtqebr.jpg,laion,0,0.005396421932165001
diffusion_datasets/laion/0_real/jxacexpmcn.jpg,laion,0,0.19693831576726475
diffusion_datasets/laion/0_real/gwwprxqtre.jpg,laion,0,0.2156061392377846
diffusion_datasets/laion/0_real/mlxvdfndsh.jpg,laion,0,0.13213866198145507
diffusion_datasets/laion/0_real/hisyohahzi.jpg,laion,0,0.00048450919671003747
diffusion_datasets/laion/0_real/guljtnkdnj.jpg,laion,0,0.00033734144929283195
diffusion_datasets/laion/0_real/lxdnodpvuz.jpg,laion,0,0.9376687772833966
diffusion_datasets/laion/0_real/ygqiosrden.jpg,laion,0,0.00034202275244085353
diffusion_datasets/laion/0_real/tzirqivkgc.jpg,laion,0,0.0029362566962913106
diffusion_datasets/laion/0_real/pzvgfnoiln.jpg,laion,0,0.2917503299050566
diffusion_datasets/laion/0_real/gaephzrdih.jpg,laion,0,0.0012479917438324595
diffusion_datasets/laion/0_real/gdnoweboab.jpg,laion,0,0.014237660134020379
diffusion_datasets/laion/0_real/oyxvwvxuzr.jpg,laion,0,0.0002334601583151332
diffusion_datasets/laion/0_real/cswedhbgpd.jpg,laion,0,0.7717856789886
diffusion_datasets/laion/0_real/mcrhlmdumo.jpg,laion,0,0.42444249303363857
diffusion_datasets/laion/0_real/fegqolkrls.jpg,laion,0,1.7796313158866704e-05
diffusion_datasets/laion/0_real/jjmznfxyeg.jpg,laion,0,0.4260692399360277
diffusion_datasets/laion/0_real/xaetznfnpu.jpg,laion,0,0.7703718157648207
diffusion_datasets/laion/0_real/acpwmtyztu.jpg,laion,0,0.002706412629933124
diffusion_datasets/laion/0_real/ljluvxkeau.jpg,laion,0,0.002505113297396931
diffusion_datasets/laion/0_real/dbcoycuiyt.jpg,laion,0,0.0005934824794101647
diffusion_datasets/laion/0_real/aakydlwfer.jpg,laion,0,0.02128570598436373
diffusion_datasets/laion/0_real/tnxiofobrb.jpg,laion,0,0.5708797578121088
diffusion_datasets/laion/0_real/lfpytrxtnd.jpg,laion,0,0.35634453934652077
diffusion_datasets/laion/0_real/pvrfveosdy.jpg,laion,0,0.005165683196161661
diffusion_datasets/laion/0_real/pfvgbusewt.jpg,laion,0,0.08075435130308171
diffusion_datasets/laion/0_real/njslnjximf.jpg,laion,0,0.05871086820427984
diffusion_datasets/laion/0_real/kqtezbdvua.jpg,laion,0,0.14581268519987436
diffusion_datasets/laion/0_real/fzrimmsozw.jpg,laion,0,0.08451577743581473
diffusion_datasets/laion/0_real/qmqkkwwggi.jpg,laion,0,0.7883682115517118
diffusion_datasets/laion/0_real/zcsnybxdqj.jpg,laion,0,0.00230745339731559
diffusion_datasets/laion/0_real/agjsmczzat.jpg,laion,0,0.0029964269296048956
diffusion_datasets/laion/0_real/lnavxqqxfa.jpg,laion,0,0.9333224878558032
diffusion_datasets/laion/0_real/rsiiuivgsv.jpg,laion,0,0.00015203601620658716
diffusion_datasets/laion/0_real/vrffpjmuir.jpg,laion,0,0.9083398169899519
diffusion_datasets/laion/0_real/nrzbgujfll.jpg,laion,0,0.00013346394921507035
diffusion_datasets/laion/0_real/xiubxgyhcs.jpg,laion,0,0.0018303128847450014
diffusion_datasets/laion/0_real/xqyjzhnfqu.jpg,laion,0,0.01280068863041708
diffusion_datasets/laion/0_real/jcbooxfwcy.jpg,laion,0,0.03186300070705504
diffusion_datasets/laion/0_real/mobwrxioai.jpg,laion,0,0.01615565383140497
diffusion_datasets/laion/0_real/kobditubhr.jpg,laion,0,0.08593525833605609
diffusion_datasets/laion/0_real/txviitvyvk.jpg,laion,0,0.02223641719652418
diffusion_datasets/laion/0_real/isrzfmrbjo.jpg,laion,0,0.8622144289744611
diffusion_datasets/laion/0_real/tgzykjsqqa.jpg,laion,0,0.000674630037001573
diffusion_datasets/laion/0_real/nwpodhovep.jpg,laion,0,0.006031395396295225
diffusion_datasets/laion/0_real/yhxjifarjw.jpg,laion,0,0.9104206286097497
diffusion_datasets/laion/0_real/wpptcqobpu.jpg,laion,0,0.10868375816712544
diffusion_datasets/laion/0_real/jgmtkjqepx.jpg,laion,0,0.8793283229688695
diffusion_datasets/laion/0_real/qhhsiahqdz.jpg,laion,0,0.2023256014638649
diffusion_datasets/laion/0_real/rgnjmqxait.jpg,laion,0,0.6679178787139685
diffusion_datasets/laion/0_real/wdxoxbbogy.jpg,laion,0,0.0003631670452509554
diffusion_datasets/laion/0_real/tunmixwvbf.jpg,laion,0,0.5968667143772091
diffusion_datasets/laion/0_real/crzzjqmtan.jpg,laion,0,0.005897711409697289
diffusion_datasets/laion/0_real/flzalpsilp.jpg,laion,0,0.02661017867379574
diffusion_datasets/laion/0_real/lsmostdlua.jpg,laion,0,0.02384774449009721
diffusion_datasets/laion/0_real/qnqvwdpmam.jpg,laion,0,0.07050093943808836
diffusion_datasets/laion/0_real/dncoarxujc.jpg,laion,0,0.3225539474506837
diffusion_datasets/laion/0_real/mgeezotzdw.jpg,laion,0,0.47230440297808973
diffusion_datasets/laion/0_real/spnummyudf.jpg,laion,0,0.046607192798232965
diffusion_datasets/laion/0_real/kjacqcuxqc.jpg,laion,0,0.041807753373823524
diffusion_datasets/laion/0_real/gchslncruv.jpg,laion,0,0.06593558777338354
diffusion_datasets/laion/0_real/eufbtfldxd.jpg,laion,0,1.4027835667654892e-05
diffusion_datasets/laion/0_real/wyyltkwttn.jpg,laion,0,0.1308562325558809
diffusion_datasets/laion/0_real/iqjkwjvday.jpg,laion,0,0.04974838111997693
diffusion_datasets/laion/0_real/gckzbyionz.jpg,laion,0,0.0024412514358017477
diffusion_datasets/laion/0_real/gsjragxgrg.jpg,laion,0,0.9704621905537898
diffusion_datasets/laion/0_real/jezexlfhiq.jpg,laion,0,0.07391925016890818
diffusion_datasets/laion/0_real/tvhyjyjvbi.jpg,laion,0,0.46922442409181403
diffusion_datasets/laion/0_real/apfyxprqpm.jpg,laion,0,0.9479352786467212
diffusion_datasets/laion/0_real/gbzvqfsaud.jpg,laion,0,0.000783524672642589
diffusion_datasets/laion/0_real/zdteumqsqf.jpg,laion,0,0.0033345623607018648
diffusion_datasets/laion/0_real/olxtdigiux.jpg,laion,0,0.013169748176457066
diffusion_datasets/laion/0_real/xoxubdjnhe.jpg,laion,0,1.8697710607541635e-06
diffusion_datasets/laion/0_real/jckrxjozhx.jpg,laion,0,0.040373112862716005
diffusion_datasets/laion/0_real/vcbnrxukwp.jpg,laion,0,0.3414397817989766
diffusion_datasets/laion/0_real/xxxlutdoia.jpg,laion,0,0.007775792902689814
diffusion_datasets/laion/0_real/ztytemyoxv.jpg,laion,0,0.9752002314274434
diffusion_datasets/laion/0_real/igjyxqgebm.jpg,laion,0,0.3014424174971114
diffusion_datasets/laion/0_real/khmsldutff.jpg,laion,0,3.3178099821300294e-05
diffusion_datasets/laion/0_real/ahwxcijnxm.jpg,laion,0,0.6288486058636077
diffusion_datasets/laion/0_real/crwemtqnoq.jpg,laion,0,0.9987342615525349
diffusion_datasets/laion/0_real/gllomgthtj.jpg,laion,0,0.11678443031213408
diffusion_datasets/laion/0_real/bebadtkmes.jpg,laion,0,0.5206762509078273
diffusion_datasets/laion/0_real/etiolecymt.jpg,laion,0,0.0018408865643091605
diffusion_datasets/laion/0_real/qyaknxvzwp.jpg,laion,0,0.6694007363217752
diffusion_datasets/laion/0_real/kpmxquicco.jpg,laion,0,0.33712903730208704
diffusion_datasets/laion/0_real/zbnbosutcn.jpg,laion,0,0.6521478299236216
diffusion_datasets/laion/0_real/olxnaenbde.jpg,laion,0,0.10840377431462543
diffusion_datasets/laion/0_real/xctsfejxfy.jpg,laion,0,0.9978331831091234
diffusion_datasets/laion/0_real/lzgwytfbdh.jpg,laion,0,0.6612381712209219
diffusion_datasets/laion/0_real/ybihqfczqf.jpg,laion,0,0.855401573311638
diffusion_datasets/laion/0_real/mrxqbknovu.jpg,laion,0,6.101780346394453e-05
diffusion_datasets/laion/0_real/qvizqxsbvw.jpg,laion,0,0.4497536779590057
diffusion_datasets/laion/0_real/xpdelxvksw.jpg,laion,0,0.12421486822881034
diffusion_datasets/laion/0_real/gwwimiekeh.jpg,laion,0,0.8258276855539489
diffusion_datasets/laion/0_real/ixykpgtooh.jpg,laion,0,0.030086753242182906
diffusion_datasets/laion/0_real/jnifdomopt.jpg,laion,0,0.15394103504128176
diffusion_datasets/laion/0_real/mijuwhirnm.jpg,laion,0,0.6684376111255892
diffusion_datasets/laion/0_real/fiejjmdcwg.jpg,laion,0,0.009963718974888553
diffusion_datasets/laion/0_real/ttfwqkviia.jpg,laion,0,0.03979784420394514
diffusion_datasets/laion/0_real/yinujujzud.jpg,laion,0,0.9818600981038434
diffusion_datasets/laion/0_real/izmzwnwzxb.jpg,laion,0,0.036027948726529854
diffusion_datasets/laion/0_real/dexhjtncni.jpg,laion,0,0.06049868136647848
diffusion_datasets/laion/0_real/texcjvnjug.jpg,laion,0,0.120102322966014
diffusion_datasets/laion/0_real/gbkfcdebke.jpg,laion,0,0.007094159246694789
diffusion_datasets/laion/0_real/iqruwytkxd.jpg,laion,0,0.057189132982052436
diffusion_datasets/laion/0_real/znwafizosm.jpg,laion,0,6.724624488740209e-05
diffusion_datasets/laion/0_real/tfubqflahj.jpg,laion,0,0.9949749728828702
diffusion_datasets/laion/0_real/lkwvbsljma.jpg,laion,0,8.968026329682416e-05
diffusion_datasets/laion/0_real/jpkbhfmhql.jpg,laion,0,0.5152308955024791
diffusion_datasets/laion/0_real/tfdqevjhtk.jpg,laion,0,0.4214334735205605
diffusion_datasets/laion/0_real/orgateeurw.jpg,laion,0,0.11479289159342122
diffusion_datasets/laion/0_real/kqhrtvmeux.jpg,laion,0,0.9588046559357573
diffusion_datasets/laion/0_real/ciwgbjibcd.jpg,laion,0,0.2917705168671476
diffusion_datasets/laion/0_real/fuqmkbouip.jpg,laion,0,0.4047917243306546
diffusion_datasets/laion/0_real/fnjmysjhqo.jpg,laion,0,0.01666203686703962
diffusion_datasets/laion/0_real/ewspkgvjkv.jpg,laion,0,0.9988650554764128
diffusion_datasets/laion/0_real/sgggkqzghg.jpg,laion,0,0.0005740911826430884
diffusion_datasets/laion/0_real/qaafihkbbk.jpg,laion,0,0.0031836461940580856
diffusion_datasets/laion/0_real/kgwpuybmdo.jpg,laion,0,0.44955603549053397
diffusion_datasets/laion/0_real/hiqkigzfrk.jpg,laion,0,0.6531041706613775
diffusion_datasets/laion/0_real/xjsfnrjtst.jpg,laion,0,0.8869175473272536
diffusion_datasets/laion/0_real/apdgetedbs.jpg,laion,0,0.6152388207834839
diffusion_datasets/laion/0_real/gczswsnqpp.jpg,laion,0,0.10033674065952168
diffusion_datasets/laion/0_real/rlzfziqqrd.jpg,laion,0,8.551126098619271e-05
diffusion_datasets/laion/0_real/bhlyixirpi.jpg,laion,0,0.0027984077642841383
diffusion_datasets/laion/0_real/yytnnkmkun.jpg,laion,0,0.9997229881144261
diffusion_datasets/laion/0_real/cyencgbdne.jpg,laion,0,0.007364313342418197
diffusion_datasets/laion/0_real/fjyemnydtk.jpg,laion,0,0.02295537907158861
diffusion_datasets/laion/0_real/bobirihsmf.jpg,laion,0,0.46514489744596754
diffusion_datasets/laion/0_real/clutkoqhvu.jpg,laion,0,0.01046226242361299
diffusion_datasets/laion/0_real/msdsnlzcre.jpg,laion,0,0.797232734170428
diffusion_datasets/laion/0_real/aieykhstre.jpg,laion,0,0.020232192836234283
diffusion_datasets/laion/0_real/zrifjlbkwb.jpg,laion,0,0.05355374798978158
diffusion_datasets/laion/0_real/yldbjbxfzj.jpg,laion,0,0.96346687720741
diffusion_datasets/laion/0_real/iwsairnpes.jpg,laion,0,0.00017797416935440971
diffusion_datasets/laion/0_real/utfokfmmbf.jpg,laion,0,0.08266424292896479
diffusion_datasets/laion/0_real/dpsfehmqme.jpg,laion,0,0.03627649411203928
diffusion_datasets/laion/0_real/hhmqvefsdm.jpg,laion,0,0.009465040398529015
diffusion_datasets/laion/0_real/awjhtixyqd.jpg,laion,0,0.8605780174123256
diffusion_datasets/laion/0_real/annkzxvqsz.jpg,laion,0,0.05971573167527852
diffusion_datasets/laion/0_real/gxexzzlcld.jpg,laion,0,0.2450235635639527
diffusion_datasets/laion/0_real/llbqajpkux.jpg,laion,0,0.1090482557458823
diffusion_datasets/laion/0_real/bnhkqppcfl.jpg,laion,0,0.999700759366006
diffusion_datasets/laion/0_real/uxbgzfafqm.jpg,laion,0,0.0134759598671852
diffusion_datasets/laion/0_real/sxbarbxbis.jpg,laion,0,0.0002842101121456994
diffusion_datasets/laion/0_real/qbannzwxnv.jpg,laion,0,0.9740995798497563
diffusion_datasets/laion/0_real/kkamuhddsi.jpg,laion,0,0.05334093335967168
diffusion_datasets/laion/0_real/pccthywpgs.jpg,laion,0,0.974700367912014
diffusion_datasets/laion/0_real/yimxruvwud.jpg,laion,0,0.0036229011768491655
diffusion_datasets/laion/0_real/ducatuyxdz.jpg,laion,0,0.07208389963401418
diffusion_datasets/laion/0_real/ewldxwaqfh.jpg,laion,0,0.43249191258726627
diffusion_datasets/laion/0_real/djtbqkzsak.jpg,laion,0,0.021125283032236954
diffusion_datasets/laion/0_real/gmeufzjqxw.jpg,laion,0,0.900032765815698
diffusion_datasets/laion/0_real/svpwqjhjbu.jpg,laion,0,1.876269466553739e-05
diffusion_datasets/laion/0_real/hmasnickhh.jpg,laion,0,0.33637479279280136
diffusion_datasets/laion/0_real/kysxvylzkk.jpg,laion,0,0.7648296358744786
diffusion_datasets/laion/0_real/lzletadhdl.jpg,laion,0,0.8523297727826922
diffusion_datasets/laion/0_real/afwwethmvf.jpg,laion,0,0.8229518637459184
diffusion_datasets/laion/0_real/znxaufdjpv.jpg,laion,0,0.008956739432867539
diffusion_datasets/laion/0_real/slrtleyncm.jpg,laion,0,0.0563122207072551
diffusion_datasets/laion/0_real/hnihvkmnje.jpg,laion,0,0.0001258242027652276
diffusion_datasets/laion/0_real/qhnjseyjbw.jpg,laion,0,0.5828531697303678
diffusion_datasets/laion/0_real/gufjiiwgrf.jpg,laion,0,0.0260506338448751
diffusion_datasets/laion/0_real/hnsubaglth.jpg,laion,0,0.3486944506100951
diffusion_datasets/laion/0_real/ivvevnakub.jpg,laion,0,0.1881502996130631
diffusion_datasets/laion/0_real/aaksjqrtil.jpg,laion,0,0.7133229399425618
diffusion_datasets/laion/0_real/nhmcszkgcq.jpg,laion,0,0.019214299316490584
diffusion_datasets/laion/0_real/attqnlwqgz.jpg,laion,0,0.794961844416706
diffusion_datasets/laion/0_real/tbganwxklb.jpg,laion,0,0.05992286031565016
diffusion_datasets/laion/0_real/kpzyfbuxhi.jpg,laion,0,0.9264800451024114
diffusion_datasets/laion/0_real/snjzonvpow.jpg,laion,0,0.06513918597104736
diffusion_datasets/laion/0_real/vkjmgldjai.jpg,laion,0,0.00058816268597996
diffusion_datasets/laion/0_real/osigoexsbv.jpg,laion,0,0.5802713105099294
diffusion_datasets/laion/0_real/ascyfbgfmn.jpg,laion,0,0.06408930157255183
diffusion_datasets/laion/0_real/hxayxhqfnz.jpg,laion,0,0.32506523938835347
diffusion_datasets/laion/0_real/vmouwpueqp.jpg,laion,0,0.8788069050746797
diffusion_datasets/laion/0_real/ajldduomvc.jpg,laion,0,0.0023429986661225215
diffusion_datasets/laion/0_real/cmuzaenxtt.jpg,laion,0,0.2058711361820335
diffusion_datasets/laion/0_real/mszjipjvvf.jpg,laion,0,0.007708214804616488
diffusion_datasets/laion/0_real/qhuylytsyy.jpg,laion,0,0.009315920654308214
diffusion_datasets/laion/0_real/omsyxrsufp.jpg,laion,0,0.96556878305822
diffusion_datasets/laion/0_real/jgyprvacek.jpg,laion,0,0.7146514561831976
diffusion_datasets/laion/0_real/pirwlvliku.jpg,laion,0,0.9948030600680585
diffusion_datasets/laion/0_real/eltlpjgnai.jpg,laion,0,1.8827716300388776e-05
diffusion_datasets/laion/0_real/xphjlaxygh.jpg,laion,0,0.9962798996815099
diffusion_datasets/laion/0_real/vsoitgrurd.jpg,laion,0,0.5580848498107861
diffusion_datasets/laion/0_real/hdtfurantf.jpg,laion,0,0.009654111227477209
diffusion_datasets/laion/0_real/jtprghimeh.jpg,laion,0,0.03714455832344352
diffusion_datasets/laion/0_real/iuwybjqiha.jpg,laion,0,0.0068482548385030316
diffusion_datasets/laion/0_real/iojhamvzyv.jpg,laion,0,0.19472765826913097
diffusion_datasets/laion/0_real/vipmyyceny.jpg,laion,0,0.004456298270817141
diffusion_datasets/laion/0_real/hhlwjuqsbz.jpg,laion,0,0.05149400952565345
diffusion_datasets/laion/0_real/sxbfuikltb.jpg,laion,0,0.007087780888387102
diffusion_datasets/laion/0_real/xjokdvoxpk.jpg,laion,0,0.04388317153113249
diffusion_datasets/laion/0_real/yxdmgabgrh.jpg,laion,0,0.4529646155120463
diffusion_datasets/laion/0_real/nnuuhindgj.jpg,laion,0,0.717836422848148
diffusion_datasets/laion/0_real/temvvnfwvq.jpg,laion,0,0.06010545135084502
diffusion_datasets/laion/0_real/tzgkmgcgjt.jpg,laion,0,0.686345408067883
diffusion_datasets/laion/0_real/ovuipynpix.jpg,laion,0,0.3326454123420878
diffusion_datasets/laion/0_real/nvsdiqcxdc.jpg,laion,0,0.9821344849978895
diffusion_datasets/laion/0_real/cubclpdlyb.jpg,laion,0,0.011954251550340122
diffusion_datasets/laion/0_real/dbifuulczh.jpg,laion,0,0.0075981568129055
diffusion_datasets/laion/0_real/ikesdclcne.jpg,laion,0,0.0019949546834316448
diffusion_datasets/laion/0_real/devyzpyxmr.jpg,laion,0,0.9431892293865681
diffusion_datasets/laion/0_real/paozbcurkw.jpg,laion,0,0.048056465531615654
diffusion_datasets/laion/0_real/vitzpaholy.jpg,laion,0,0.09421217622931471
diffusion_datasets/laion/0_real/nrqrcqxudf.jpg,laion,0,0.8390438673015049
diffusion_datasets/laion/0_real/gpwdhgxzbq.jpg,laion,0,0.8937891289068501
diffusion_datasets/laion/0_real/vwrsjumkmz.jpg,laion,0,0.009524941433398776
diffusion_datasets/laion/0_real/tgihtkfpyi.jpg,laion,0,0.0030040790019080963
diffusion_datasets/laion/0_real/hajmuavfdr.jpg,laion,0,0.8348553650460465
diffusion_datasets/laion/0_real/cciqgyfbnw.jpg,laion,0,0.00012623680366942902
diffusion_datasets/laion/0_real/gbmtgdhzrx.jpg,laion,0,0.0045472155046652075
diffusion_datasets/laion/0_real/wkkhoodytf.jpg,laion,0,0.4113100772394842
diffusion_datasets/laion/0_real/uqgovdwcrr.jpg,laion,0,0.0024917275593144194
diffusion_datasets/laion/0_real/stnicrfcsk.jpg,laion,0,5.5974968280727194e-05
diffusion_datasets/laion/0_real/hbdtraluzp.jpg,laion,0,7.734126341382296e-05
diffusion_datasets/laion/0_real/zchftlmgnh.jpg,laion,0,0.03041966297477488
diffusion_datasets/laion/0_real/jsytpmwrvb.jpg,laion,0,0.18760162479552023
diffusion_datasets/laion/0_real/gcenmxpfnz.jpg,laion,0,0.01715668498266486
diffusion_datasets/laion/0_real/mfoxhwrofa.jpg,laion,0,0.8789109150537116
diffusion_datasets/laion/0_real/xfblvcbesb.jpg,laion,0,0.9829449912824015
diffusion_datasets/laion/0_real/izuqfuuvtc.jpg,laion,0,0.6452487023661114
diffusion_datasets/laion/0_real/arfbiucpar.jpg,laion,0,0.804723267063215
diffusion_datasets/laion/0_real/figfzyfhkt.jpg,laion,0,0.2600861519351948
diffusion_datasets/laion/0_real/jsozceeudr.jpg,laion,0,0.0904507889749547
diffusion_datasets/laion/0_real/jvfamsvrme.jpg,laion,0,0.035605991385731395
diffusion_datasets/laion/0_real/hxyxqnzbzd.jpg,laion,0,0.7837346406609218
diffusion_datasets/laion/0_real/psvhorutyv.jpg,laion,0,0.0049274498179996745
diffusion_datasets/laion/0_real/owwrkfwvmg.jpg,laion,0,0.03240959249211519
diffusion_datasets/laion/0_real/bbmeviacjm.jpg,laion,0,0.7312373149034003
diffusion_datasets/laion/0_real/hsweljupee.jpg,laion,0,0.8667285455960942
diffusion_datasets/laion/0_real/ywhajfzors.jpg,laion,0,0.008085829347487822
diffusion_datasets/laion/0_real/hjshyxnjca.jpg,laion,0,0.989094130006241
diffusion_datasets/laion/0_real/vofhkesmtv.jpg,laion,0,0.9406093684629443
diffusion_datasets/laion/0_real/bfczagsxfw.jpg,laion,0,0.3994096355138045
diffusion_datasets/laion/0_real/touiowfclv.jpg,laion,0,0.008081339345910115
diffusion_datasets/laion/0_real/asxtxajrfc.jpg,laion,0,0.0024012619126533106
diffusion_datasets/laion/0_real/wynbrdoyde.jpg,laion,0,0.04961122576441079
diffusion_datasets/laion/0_real/jhnbcswvmq.jpg,laion,0,0.13263423944244537
diffusion_datasets/laion/0_real/gzmbdszeyt.jpg,laion,0,0.4736973666996129
diffusion_datasets/laion/0_real/qpjsgmteke.jpg,laion,0,0.16665486518083555
diffusion_datasets/laion/0_real/qvxgfrmtjl.jpg,laion,0,0.2659738225701223
diffusion_datasets/laion/0_real/lmbvfedfye.jpg,laion,0,0.03130288197964366
diffusion_datasets/laion/0_real/arjjdokwee.jpg,laion,0,1.9457643068926685e-05
diffusion_datasets/laion/0_real/wbcncldemw.jpg,laion,0,0.1201888266526028
diffusion_datasets/laion/0_real/mizxozzqsb.jpg,laion,0,0.7174023234951612
diffusion_datasets/laion/0_real/rzvoxvfpaz.jpg,laion,0,2.7392494460902908e-05
diffusion_datasets/laion/0_real/jrdflpqmct.jpg,laion,0,0.8622658702840666
diffusion_datasets/laion/0_real/qlhvuhhqol.jpg,laion,0,0.32699634306558634
diffusion_datasets/laion/0_real/eaesoxacae.jpg,laion,0,0.015088817232589447
diffusion_datasets/laion/0_real/gxvvzagtkn.jpg,laion,0,0.9197458560317697
diffusion_datasets/laion/0_real/bjipeebzgu.jpg,laion,0,3.48081208163775e-05
diffusion_datasets/laion/0_real/wrplkwvjrk.jpg,laion,0,0.9466847052378684
diffusion_datasets/laion/0_real/hzrxscnjew.jpg,laion,0,0.0007049818516639063
diffusion_datasets/laion/0_real/clnogwmxno.jpg,laion,0,0.7276189886265693
diffusion_datasets/laion/0_real/jbsbxfrewb.jpg,laion,0,0.7673833270245409
diffusion_datasets/laion/0_real/aujwkgbadp.jpg,laion,0,0.9241086680418081
diffusion_datasets/laion/0_real/nfysclasrr.jpg,laion,0,0.0001129536776211833
diffusion_datasets/laion/0_real/iqijagswok.jpg,laion,0,0.8289544588435735
diffusion_datasets/laion/0_real/qtwdrpnjgz.jpg,laion,0,0.002302089792047251
diffusion_datasets/ldm_200/1_fake/kszghluqlw.png,ldm_200,1,0.950283889432812
diffusion_datasets/ldm_200/1_fake/pirwlvliku.png,ldm_200,1,0.1162009940467785
diffusion_datasets/ldm_200/1_fake/bxfbgvlfqu.png,ldm_200,1,0.943567799153275
diffusion_datasets/ldm_200/1_fake/ywjlbpxbjz.png,ldm_200,1,0.9927808895576142
diffusion_datasets/ldm_200/1_fake/yvwtaordyd.png,ldm_200,1,0.9977900871504172
diffusion_datasets/ldm_200/1_fake/ofgvdkgdnd.png,ldm_200,1,0.9861507448171962
diffusion_datasets/ldm_200/1_fake/vqrdytkinp.png,ldm_200,1,0.19799162749582314
diffusion_datasets/ldm_200/1_fake/vutxbsgjsz.png,ldm_200,1,0.20964198973745587
diffusion_datasets/ldm_200/1_fake/wzdhwjmvgy.png,ldm_200,1,0.9980869691993675
diffusion_datasets/ldm_200/1_fake/rprdsmygod.png,ldm_200,1,0.014348628858096832
diffusion_datasets/ldm_200/1_fake/rzrzcujvqg.png,ldm_200,1,0.9895292780675152
diffusion_datasets/ldm_200/1_fake/vmouwpueqp.png,ldm_200,1,0.20511409111447754
diffusion_datasets/ldm_200/1_fake/eelzocmtws.png,ldm_200,1,0.9999221418662857
diffusion_datasets/ldm_200/1_fake/jhcimomcij.png,ldm_200,1,0.0012737336084750167
diffusion_datasets/ldm_200/1_fake/alzrdyourf.png,ldm_200,1,0.7240757881869228
diffusion_datasets/ldm_200/1_fake/bicflvshvw.png,ldm_200,1,0.9796868225097483
diffusion_datasets/ldm_200/1_fake/hptzommwzk.png,ldm_200,1,0.9673366117897846
diffusion_datasets/ldm_200/1_fake/ivvevnakub.png,ldm_200,1,0.21258755525235
diffusion_datasets/ldm_200/1_fake/fjjzjquuqt.png,ldm_200,1,0.9998115913365848
diffusion_datasets/ldm_200/1_fake/smmiazxocc.png,ldm_200,1,0.3481383864464636
diffusion_datasets/ldm_200/1_fake/cubsnkbrrm.png,ldm_200,1,0.4780480033080499
diffusion_datasets/ldm_200/1_fake/tnxiofobrb.png,ldm_200,1,0.8945013067717851
diffusion_datasets/ldm_200/1_fake/vmrobijbmc.png,ldm_200,1,0.07913051760006622
diffusion_datasets/ldm_200/1_fake/iqiospmdok.png,ldm_200,1,0.259609840084202
diffusion_datasets/ldm_200/1_fake/gayjhkcdkw.png,ldm_200,1,0.8199195994468663
diffusion_datasets/ldm_200/1_fake/rpwhvvwxag.png,ldm_200,1,0.2518204172849367
diffusion_datasets/ldm_200/1_fake/wketmynlnj.png,ldm_200,1,0.8192747265411533
diffusion_datasets/ldm_200/1_fake/vsivgpmche.png,ldm_200,1,0.29814317069215995
diffusion_datasets/ldm_200/1_fake/oqgbxaotgn.png,ldm_200,1,0.005927368474417042
diffusion_datasets/ldm_200/1_fake/orgateeurw.png,ldm_200,1,0.9664503089860343
diffusion_datasets/ldm_200/1_fake/fgizsruyxb.png,ldm_200,1,0.36508275385405997
diffusion_datasets/ldm_200/1_fake/ftmhbluvwz.png,ldm_200,1,0.18596656897613617
diffusion_datasets/ldm_200/1_fake/temvvnfwvq.png,ldm_200,1,0.708258618691667
diffusion_datasets/ldm_200/1_fake/kzaxlmhpyk.png,ldm_200,1,0.9883273408545575
diffusion_datasets/ldm_200/1_fake/mtftroydhh.png,ldm_200,1,0.8950721939807683
diffusion_datasets/ldm_200/1_fake/yaaqlxnzhi.png,ldm_200,1,0.04888301304616917
diffusion_datasets/ldm_200/1_fake/cyencgbdne.png,ldm_200,1,0.1305222364355834
diffusion_datasets/ldm_200/1_fake/crwemtqnoq.png,ldm_200,1,0.6803857709587783
diffusion_datasets/ldm_200/1_fake/bbupregfhp.png,ldm_200,1,0.001456763473022248
diffusion_datasets/ldm_200/1_fake/uqyyhogjkx.png,ldm_200,1,0.6731469326466647
diffusion_datasets/ldm_200/1_fake/pekxwkfhua.png,ldm_200,1,0.916881122077549
diffusion_datasets/ldm_200/1_fake/dwgrruvbsz.png,ldm_200,1,0.9934628164012802
diffusion_datasets/ldm_200/1_fake/pjvqcnpfqy.png,ldm_200,1,0.6867676069801247
diffusion_datasets/ldm_200/1_fake/xiubxgyhcs.png,ldm_200,1,0.9822272716161545
diffusion_datasets/ldm_200/1_fake/ouirlfwsyx.png,ldm_200,1,0.8228433943367186
diffusion_datasets/ldm_200/1_fake/vpruwhsipu.png,ldm_200,1,0.6116289643194535
diffusion_datasets/ldm_200/1_fake/imkvcjrnck.png,ldm_200,1,0.9330437908380732
diffusion_datasets/ldm_200/1_fake/newahshtuc.png,ldm_200,1,0.000351236482312819
diffusion_datasets/ldm_200/1_fake/aociqzuesd.png,ldm_200,1,0.6536077024862788
diffusion_datasets/ldm_200/1_fake/hhhwzgcieg.png,ldm_200,1,0.9847533984769042
diffusion_datasets/ldm_200/1_fake/utfokfmmbf.png,ldm_200,1,0.5299635496144198
diffusion_datasets/ldm_200/1_fake/shkxdbeqpn.png,ldm_200,1,0.9956631152564901
diffusion_datasets/ldm_200/1_fake/titltoewou.png,ldm_200,1,0.00538184626804169
diffusion_datasets/ldm_200/1_fake/kxyebvmqsl.png,ldm_200,1,0.9942640746746981
diffusion_datasets/ldm_200/1_fake/eoacigirrk.png,ldm_200,1,0.9961416301309817
diffusion_datasets/ldm_200/1_fake/bxoicyhddk.png,ldm_200,1,0.9732231271757392
diffusion_datasets/ldm_200/1_fake/xoxubdjnhe.png,ldm_200,1,0.17254270779780911
diffusion_datasets/ldm_200/1_fake/pfvgbusewt.png,ldm_200,1,0.9428100660306471
diffusion_datasets/ldm_200/1_fake/cxjsjqusph.png,ldm_200,1,0.9169514791066117
diffusion_datasets/ldm_200/1_fake/hpmppyffov.png,ldm_200,1,0.8841929669423843
diffusion_datasets/ldm_200/1_fake/mkkaiicgks.png,ldm_200,1,0.21468506982960037
diffusion_datasets/ldm_200/1_fake/ftojusbwcq.png,ldm_200,1,0.4732176839468428
diffusion_datasets/ldm_200/1_fake/uzjbonpwla.png,ldm_200,1,0.6636384715814636
diffusion_datasets/ldm_200/1_fake/clnogwmxno.png,ldm_200,1,0.5386561748041847
diffusion_datasets/ldm_200/1_fake/ynescstwdk.png,ldm_200,1,0.9207918747882032
diffusion_datasets/ldm_200/1_fake/vwsjebonhl.png,ldm_200,1,0.21547918626583804
diffusion_datasets/ldm_200/1_fake/sbuowwvzjw.png,ldm_200,1,0.9875641965310198
diffusion_datasets/ldm_200/1_fake/hectwezedz.png,ldm_200,1,0.8006662246739992
diffusion_datasets/ldm_200/1_fake/dimuqznulw.png,ldm_200,1,0.9751147147562009
diffusion_datasets/ldm_200/1_fake/myjibkfcjw.png,ldm_200,1,0.03755889143161684
diffusion_datasets/ldm_200/1_fake/vwkbynfcdl.png,ldm_200,1,0.9993832669479517
diffusion_datasets/ldm_200/1_fake/bjipeebzgu.png,ldm_200,1,0.17063003079975916
diffusion_datasets/ldm_200/1_fake/gsjragxgrg.png,ldm_200,1,0.13668016432721142
diffusion_datasets/ldm_200/1_fake/yfnrrhachx.png,ldm_200,1,0.8229828978311572
diffusion_datasets/ldm_200/1_fake/fuqmkbouip.png,ldm_200,1,0.9993304695320667
diffusion_datasets/ldm_200/1_fake/usrafpawra.png,ldm_200,1,0.8483781084335472
diffusion_datasets/ldm_200/1_fake/llaiteusmv.png,ldm_200,1,0.009853998899679237
diffusion_datasets/ldm_200/1_fake/zdteumqsqf.png,ldm_200,1,0.30480083991629475
diffusion_datasets/ldm_200/1_fake/wipphellrw.png,ldm_200,1,0.9997572215264905
diffusion_datasets/ldm_200/1_fake/aadlygmazf.png,ldm_200,1,0.6510216422343504
diffusion_datasets/ldm_200/1_fake/cspmbvyjpm.png,ldm_200,1,0.9868700750423933
diffusion_datasets/ldm_200/1_fake/kwqbkshqjn.png,ldm_200,1,0.8345290005972615
diffusion_datasets/ldm_200/1_fake/kiimhjeatg.png,ldm_200,1,0.9569444392886849
diffusion_datasets/ldm_200/1_fake/kkqnltzvmr.png,ldm_200,1,0.020330291051873842
diffusion_datasets/ldm_200/1_fake/bzuoezatge.png,ldm_200,1,0.06371192909048695
diffusion_datasets/ldm_200/1_fake/dpsfehmqme.png,ldm_200,1,0.9948158740764868
diffusion_datasets/ldm_200/1_fake/ppufoaihkk.png,ldm_200,1,0.29003920774656583
diffusion_datasets/ldm_200/1_fake/xdpqtpwyiz.png,ldm_200,1,0.9920792497493314
diffusion_datasets/ldm_200/1_fake/nhmoimaaqz.png,ldm_200,1,0.026417826020674634
diffusion_datasets/ldm_200/1_fake/ccbrpvitlb.png,ldm_200,1,0.47806433791593744
diffusion_datasets/ldm_200/1_fake/rsekavebcp.png,ldm_200,1,0.990935482215817
diffusion_datasets/ldm_200/1_fake/mbkwfjqeay.png,ldm_200,1,0.294984480903743
diffusion_datasets/ldm_200/1_fake/hisyohahzi.png,ldm_200,1,0.9946483672522634
diffusion_datasets/ldm_200/1_fake/xvrgnnvmdu.png,ldm_200,1,0.2369994484861979
diffusion_datasets/ldm_200/1_fake/figfzyfhkt.png,ldm_200,1,0.9956090293934537
diffusion_datasets/ldm_200/1_fake/drnfeijjlp.png,ldm_200,1,0.9943170688797642
diffusion_datasets/ldm_200/1_fake/gropzgdcno.png,ldm_200,1,0.996651924578877
diffusion_datasets/ldm_200/1_fake/ywhajfzors.png,ldm_200,1,0.31055129229754064
diffusion_datasets/ldm_200/1_fake/qtwdrpnjgz.png,ldm_200,1,0.9976412911435772
diffusion_datasets/ldm_200/1_fake/ajefhvvxek.png,ldm_200,1,0.02464191772845716
diffusion_datasets/ldm_200/1_fake/bqeilhkbun.png,ldm_200,1,0.8834626878110404
diffusion_datasets/ldm_200/1_fake/qyjvmgdrmq.png,ldm_200,1,0.9670496365717464
diffusion_datasets/ldm_200/1_fake/bbsnktsonl.png,ldm_200,1,0.69165231419725
diffusion_datasets/ldm_200/1_fake/sevosnzutr.png,ldm_200,1,0.9939836564067669
diffusion_datasets/ldm_200/1_fake/npgjxoaxcz.png,ldm_200,1,0.9986741134448265
diffusion_datasets/ldm_200/1_fake/jnifdomopt.png,ldm_200,1,0.9872447819032499
diffusion_datasets/ldm_200/1_fake/jgyprvacek.png,ldm_200,1,0.44160158269239325
diffusion_datasets/ldm_200/1_fake/jzcptodnmr.png,ldm_200,1,0.90907589546462
diffusion_datasets/ldm_200/1_fake/vwklacfxmw.png,ldm_200,1,0.20022222313861132
diffusion_datasets/ldm_200/1_fake/bbdiioaqyn.png,ldm_200,1,0.0014830897592614356
diffusion_datasets/ldm_200/1_fake/nejpnuzhor.png,ldm_200,1,0.8992686396462228
diffusion_datasets/ldm_200/1_fake/umnlmiykjp.png,ldm_200,1,0.29482490139240886
diffusion_datasets/ldm_200/1_fake/cpyrataump.png,ldm_200,1,0.0318044193821186
diffusion_datasets/ldm_200/1_fake/awjhtixyqd.png,ldm_200,1,0.888740470915787
diffusion_datasets/ldm_200/1_fake/qsndeimedb.png,ldm_200,1,0.04981374450858915
diffusion_datasets/ldm_200/1_fake/sltdkynkrd.png,ldm_200,1,0.999944232770129
diffusion_datasets/ldm_200/1_fake/kysxvylzkk.png,ldm_200,1,0.9485498269783218
diffusion_datasets/ldm_200/1_fake/jmqnijkden.png,ldm_200,1,0.897255498485991
diffusion_datasets/ldm_200/1_fake/bxmsmmxizq.png,ldm_200,1,0.5267110132706065
diffusion_datasets/ldm_200/1_fake/iibymqusjk.png,ldm_200,1,0.032439689102688345
diffusion_datasets/ldm_200/1_fake/xhhbffrquk.png,ldm_200,1,0.8130922640491973
diffusion_datasets/ldm_200/1_fake/jezlovnknx.png,ldm_200,1,0.9963738890139531
diffusion_datasets/ldm_200/1_fake/siheeokstl.png,ldm_200,1,0.9960956864523925
diffusion_datasets/ldm_200/1_fake/ygbcaqrvep.png,ldm_200,1,0.9946311361632606
diffusion_datasets/ldm_200/1_fake/yxdmgabgrh.png,ldm_200,1,0.5143183372499067
diffusion_datasets/ldm_200/1_fake/bvbspxdfxz.png,ldm_200,1,0.2268387464255411
diffusion_datasets/ldm_200/1_fake/qsuodtmksx.png,ldm_200,1,0.9980318846208549
diffusion_datasets/ldm_200/1_fake/jdoqiuxxvj.png,ldm_200,1,0.07285800037485361
diffusion_datasets/ldm_200/1_fake/lakovwneny.png,ldm_200,1,0.9892786048675031
diffusion_datasets/ldm_200/1_fake/rdudakwwfl.png,ldm_200,1,0.9348394061443912
diffusion_datasets/ldm_200/1_fake/sxbarbxbis.png,ldm_200,1,0.8923303839190896
diffusion_datasets/ldm_200/1_fake/qwawgjhkcz.png,ldm_200,1,0.9520237317216883
diffusion_datasets/ldm_200/1_fake/nhlvajciai.png,ldm_200,1,0.9995199741770194
diffusion_datasets/ldm_200/1_fake/nhcqvlreou.png,ldm_200,1,0.6156989714041207
diffusion_datasets/ldm_200/1_fake/wsbyyiugsn.png,ldm_200,1,0.9675246339907082
diffusion_datasets/ldm_200/1_fake/eayzvzrytx.png,ldm_200,1,0.3535291261557302
diffusion_datasets/ldm_200/1_fake/vjkzbfozoo.png,ldm_200,1,0.9961844980462179
diffusion_datasets/ldm_200/1_fake/hjovhnpjdf.png,ldm_200,1,0.9844016869653387
diffusion_datasets/ldm_200/1_fake/fcgojsqxhw.png,ldm_200,1,0.9942288789941989
diffusion_datasets/ldm_200/1_fake/panagqebev.png,ldm_200,1,0.7902072811258226
diffusion_datasets/ldm_200/1_fake/vfhdjmajxv.png,ldm_200,1,0.31316144281086034
diffusion_datasets/ldm_200/1_fake/ivswfntzwh.png,ldm_200,1,0.06921414155215104
diffusion_datasets/ldm_200/1_fake/cmuzaenxtt.png,ldm_200,1,0.9688145661631021
diffusion_datasets/ldm_200/1_fake/gczswsnqpp.png,ldm_200,1,0.01576860658783102
diffusion_datasets/ldm_200/1_fake/oertmmpfuq.png,ldm_200,1,0.814938434661202
diffusion_datasets/ldm_200/1_fake/sxbfuikltb.png,ldm_200,1,0.9998840375591157
diffusion_datasets/ldm_200/1_fake/pbblbgdzjz.png,ldm_200,1,0.7791351817015719
diffusion_datasets/ldm_200/1_fake/qtlexhtorg.png,ldm_200,1,0.9332019855780491
diffusion_datasets/ldm_200/1_fake/hxyxqnzbzd.png,ldm_200,1,0.7734869821363295
diffusion_datasets/ldm_200/1_fake/jezexlfhiq.png,ldm_200,1,0.588947053649292
diffusion_datasets/ldm_200/1_fake/oxkzwdrxay.png,ldm_200,1,0.08420102294988771
diffusion_datasets/ldm_200/1_fake/fxxzogdrnu.png,ldm_200,1,0.005274107883318864
diffusion_datasets/ldm_200/1_fake/tgzykjsqqa.png,ldm_200,1,0.9863336954849066
diffusion_datasets/ldm_200/1_fake/pcwvbmjrea.png,ldm_200,1,0.6164982895809584
diffusion_datasets/ldm_200/1_fake/owymrcrmoo.png,ldm_200,1,0.9792224013212104
diffusion_datasets/ldm_200/1_fake/aowpbzokmp.png,ldm_200,1,0.8820464130195679
diffusion_datasets/ldm_200/1_fake/wrplkwvjrk.png,ldm_200,1,0.9986025583682234
diffusion_datasets/ldm_200/1_fake/mtclcgxdyh.png,ldm_200,1,0.31376365959809954
diffusion_datasets/ldm_200/1_fake/xnesojheqr.png,ldm_200,1,0.44442968910569963
diffusion_datasets/ldm_200/1_fake/yxyqoryjpu.png,ldm_200,1,0.9801570637445752
diffusion_datasets/ldm_200/1_fake/yecvsijdsn.png,ldm_200,1,0.9305394621810568
diffusion_datasets/ldm_200/1_fake/xvulqfblsf.png,ldm_200,1,0.9236104822340926
diffusion_datasets/ldm_200/1_fake/annkzxvqsz.png,ldm_200,1,0.8725085954816479
diffusion_datasets/ldm_200/1_fake/niehixqsig.png,ldm_200,1,0.9986404007571872
diffusion_datasets/ldm_200/1_fake/tptqwsoovh.png,ldm_200,1,0.03205426582859894
diffusion_datasets/ldm_200/1_fake/zxaydtvcbx.png,ldm_200,1,0.013815719187595955
diffusion_datasets/ldm_200/1_fake/iuwybjqiha.png,ldm_200,1,0.6760988288972631
diffusion_datasets/ldm_200/1_fake/qaafihkbbk.png,ldm_200,1,0.8183277405806652
diffusion_datasets/ldm_200/1_fake/vocoamkcza.png,ldm_200,1,0.3051573542830864
diffusion_datasets/ldm_200/1_fake/likeehktbp.png,ldm_200,1,0.25026725330325694
diffusion_datasets/ldm_200/1_fake/eqtzpzsbnp.png,ldm_200,1,0.9935843345326245
diffusion_datasets/ldm_200/1_fake/iqruwytkxd.png,ldm_200,1,0.03938104808462176
diffusion_datasets/ldm_200/1_fake/sgnnltafbd.png,ldm_200,1,0.828517756270708
diffusion_datasets/ldm_200/1_fake/qtpttlawjz.png,ldm_200,1,0.039525703275204674
diffusion_datasets/ldm_200/1_fake/xfhgbduucl.png,ldm_200,1,0.7229852665118691
diffusion_datasets/ldm_200/1_fake/mfoxhwrofa.png,ldm_200,1,0.9903271708492642
diffusion_datasets/ldm_200/1_fake/mbtqfbwlry.png,ldm_200,1,0.9766628149671961
diffusion_datasets/ldm_200/1_fake/ftobdflmuz.png,ldm_200,1,0.001003872744146935
diffusion_datasets/ldm_200/1_fake/mfmhhrlxuy.png,ldm_200,1,0.9978955544570158
diffusion_datasets/ldm_200/1_fake/xqyjzhnfqu.png,ldm_200,1,0.9960100265033911
diffusion_datasets/ldm_200/1_fake/qpjsgmteke.png,ldm_200,1,0.01814931732826732
diffusion_datasets/ldm_200/1_fake/txviitvyvk.png,ldm_200,1,0.8555916933593789
diffusion_datasets/ldm_200/1_fake/sinwhncecv.png,ldm_200,1,0.01943204021902499
diffusion_datasets/ldm_200/1_fake/qgxnqynxwh.png,ldm_200,1,0.9259924524961763
diffusion_datasets/ldm_200/1_fake/njslnjximf.png,ldm_200,1,0.9397246018783696
diffusion_datasets/ldm_200/1_fake/ewspkgvjkv.png,ldm_200,1,0.774380721394806
diffusion_datasets/ldm_200/1_fake/ciwgbjibcd.png,ldm_200,1,0.023150406944804868
diffusion_datasets/ldm_200/1_fake/smdvfqmevj.png,ldm_200,1,0.9742043919416603
diffusion_datasets/ldm_200/1_fake/spuypppvyh.png,ldm_200,1,0.9853797101685706
diffusion_datasets/ldm_200/1_fake/yatxnhyhyw.png,ldm_200,1,0.9891146981206029
diffusion_datasets/ldm_200/1_fake/llmwutwhbl.png,ldm_200,1,0.98605051345772
diffusion_datasets/ldm_200/1_fake/vrwfguctin.png,ldm_200,1,0.777334949981253
diffusion_datasets/ldm_200/1_fake/uesrfqrmys.png,ldm_200,1,0.9895608805406442
diffusion_datasets/ldm_200/1_fake/muszivpifs.png,ldm_200,1,0.8550193359549776
diffusion_datasets/ldm_200/1_fake/zdqmadvhbl.png,ldm_200,1,0.9915234397891428
diffusion_datasets/ldm_200/1_fake/mzwodmlccu.png,ldm_200,1,0.8681612849466488
diffusion_datasets/ldm_200/1_fake/ikesdclcne.png,ldm_200,1,0.027852890204598316
diffusion_datasets/ldm_200/1_fake/wcuupgwotu.png,ldm_200,1,0.8879207267779424
diffusion_datasets/ldm_200/1_fake/kgmqyotoqo.png,ldm_200,1,0.9995663948496412
diffusion_datasets/ldm_200/1_fake/ixykpgtooh.png,ldm_200,1,0.9634449982565638
diffusion_datasets/ldm_200/1_fake/tgkezflbjz.png,ldm_200,1,0.8242848098668367
diffusion_datasets/ldm_200/1_fake/lmbvfedfye.png,ldm_200,1,0.9985434357583982
diffusion_datasets/ldm_200/1_fake/gfdekurnbz.png,ldm_200,1,0.3804581779911287
diffusion_datasets/ldm_200/1_fake/rtbrwgwkho.png,ldm_200,1,0.031950441482112
diffusion_datasets/ldm_200/1_fake/splerbaidx.png,ldm_200,1,0.4157831583292657
diffusion_datasets/ldm_200/1_fake/wekyyrslyw.png,ldm_200,1,0.7359749886496134
diffusion_datasets/ldm_200/1_fake/kqmbpossfq.png,ldm_200,1,0.001538133142789172
diffusion_datasets/ldm_200/1_fake/fwqtzyeait.png,ldm_200,1,0.9511594754847881
diffusion_datasets/ldm_200/1_fake/rlarzjlvnd.png,ldm_200,1,0.875968642867754
diffusion_datasets/ldm_200/1_fake/adizyjvxam.png,ldm_200,1,0.24917581577105558
diffusion_datasets/ldm_200/1_fake/jbteyioohc.png,ldm_200,1,0.2036267807940254
diffusion_datasets/ldm_200/1_fake/fihznganle.png,ldm_200,1,0.021314107235355255
diffusion_datasets/ldm_200/1_fake/krqkilakxw.png,ldm_200,1,0.19867267167095579
diffusion_datasets/ldm_200/1_fake/ascyfbgfmn.png,ldm_200,1,0.9792945920570943
diffusion_datasets/ldm_200/1_fake/wtzwjbopzy.png,ldm_200,1,0.3232628846082855
diffusion_datasets/ldm_200/1_fake/izuqfuuvtc.png,ldm_200,1,0.9997355078228246
diffusion_datasets/ldm_200/1_fake/crzzjqmtan.png,ldm_200,1,0.044339687338412856
diffusion_datasets/ldm_200/1_fake/kobditubhr.png,ldm_200,1,0.09913178733325045
diffusion_datasets/ldm_200/1_fake/nypkpjmzri.png,ldm_200,1,0.9993027233591556
diffusion_datasets/ldm_200/1_fake/nrzbgujfll.png,ldm_200,1,0.6109517098497388
diffusion_datasets/ldm_200/1_fake/pptvyzosrk.png,ldm_200,1,0.9059068776091956
diffusion_datasets/ldm_200/1_fake/gwwimiekeh.png,ldm_200,1,0.9958978406511391
diffusion_datasets/ldm_200/1_fake/gxvvzagtkn.png,ldm_200,1,0.9676566196468479
diffusion_datasets/ldm_200/1_fake/jrzuxwwxsh.png,ldm_200,1,0.9800796800649978
diffusion_datasets/ldm_200/1_fake/llbqajpkux.png,ldm_200,1,0.9950702410302702
diffusion_datasets/ldm_200/1_fake/psosqfwlqc.png,ldm_200,1,0.972227445354137
diffusion_datasets/ldm_200/1_fake/ddeuvxknie.png,ldm_200,1,0.14566077854332557
diffusion_datasets/ldm_200/1_fake/fegqolkrls.png,ldm_200,1,0.339878217349021
diffusion_datasets/ldm_200/1_fake/vcuznpgkuo.png,ldm_200,1,0.9999860775700833
diffusion_datasets/ldm_200/1_fake/hjshyxnjca.png,ldm_200,1,0.9522863561260867
diffusion_datasets/ldm_200/1_fake/iwkrlrqsbn.png,ldm_200,1,0.5390896332902091
diffusion_datasets/ldm_200/1_fake/vpokhpnoyy.png,ldm_200,1,0.0020822151347209524
diffusion_datasets/ldm_200/1_fake/spnummyudf.png,ldm_200,1,0.9877701433173476
diffusion_datasets/ldm_200/1_fake/nipnhttkcg.png,ldm_200,1,0.9651905084739164
diffusion_datasets/ldm_200/1_fake/fvbwueqmmc.png,ldm_200,1,0.3751106896106405
diffusion_datasets/ldm_200/1_fake/psvhorutyv.png,ldm_200,1,0.9657556314341021
diffusion_datasets/ldm_200/1_fake/oyxvwvxuzr.png,ldm_200,1,0.007793412789183423
diffusion_datasets/ldm_200/1_fake/vftoepxxkj.png,ldm_200,1,0.9961242999419126
diffusion_datasets/ldm_200/1_fake/rigaxqbjbr.png,ldm_200,1,0.9962836305644828
diffusion_datasets/ldm_200/1_fake/eltlpjgnai.png,ldm_200,1,0.7303947682492004
diffusion_datasets/ldm_200/1_fake/umhgkshvea.png,ldm_200,1,0.9599374579978176
diffusion_datasets/ldm_200/1_fake/fksurkvzeg.png,ldm_200,1,0.48462911645463713
diffusion_datasets/ldm_200/1_fake/njrelhtzux.png,ldm_200,1,0.6140681507614751
diffusion_datasets/ldm_200/1_fake/cmgdpkxuef.png,ldm_200,1,0.2637290169504829
diffusion_datasets/ldm_200/1_fake/omsyxrsufp.png,ldm_200,1,0.9946095804315072
diffusion_datasets/ldm_200/1_fake/dbmufhmuzs.png,ldm_200,1,0.9024946056730121
diffusion_datasets/ldm_200/1_fake/qbhxmjxsev.png,ldm_200,1,0.09442045771527245
diffusion_datasets/ldm_200/1_fake/nyrfgpglht.png,ldm_200,1,0.01080389133711231
diffusion_datasets/ldm_200/1_fake/bsoomuiluf.png,ldm_200,1,0.8383978422263274
diffusion_datasets/ldm_200/1_fake/ifqwneltpg.png,ldm_200,1,0.7916365762457831
diffusion_datasets/ldm_200/1_fake/leadpebgwn.png,ldm_200,1,0.728616869420929
diffusion_datasets/ldm_200/1_fake/ncyvrxsbym.png,ldm_200,1,0.6535841017608423
diffusion_datasets/ldm_200/1_fake/hbdtraluzp.png,ldm_200,1,0.8932693354804802
diffusion_datasets/ldm_200/1_fake/ktsfcdbxkp.png,ldm_200,1,0.9794630695745469
diffusion_datasets/ldm_200/1_fake/hiqkigzfrk.png,ldm_200,1,0.9920754737979239
diffusion_datasets/ldm_200/1_fake/qkkcelqgiq.png,ldm_200,1,0.9667133309010174
diffusion_datasets/ldm_200/1_fake/yytnnkmkun.png,ldm_200,1,0.9966767820868871
diffusion_datasets/ldm_200/1_fake/vmlzuywhlr.png,ldm_200,1,0.9995974611295545
diffusion_datasets/ldm_200/1_fake/dbifuulczh.png,ldm_200,1,0.9198695465826919
diffusion_datasets/ldm_200/1_fake/fzmzemtxkr.png,ldm_200,1,0.03909464035818388
diffusion_datasets/ldm_200/1_fake/uwzfugbfno.png,ldm_200,1,0.9952322780384653
diffusion_datasets/ldm_200/1_fake/fdetgrcfyf.png,ldm_200,1,0.9936245332823904
diffusion_datasets/ldm_200/1_fake/owavsapwhv.png,ldm_200,1,0.4465139413942725
diffusion_datasets/ldm_200/1_fake/xnidvmnavp.png,ldm_200,1,0.036362796503788514
diffusion_datasets/ldm_200/1_fake/ybpiflwjwj.png,ldm_200,1,0.8229012316061682
diffusion_datasets/ldm_200/1_fake/xjokdvoxpk.png,ldm_200,1,0.6940308655970607
diffusion_datasets/ldm_200/1_fake/vfjqbhhdhb.png,ldm_200,1,0.9268283279039857
diffusion_datasets/ldm_200/1_fake/hhlwjuqsbz.png,ldm_200,1,0.019790756994774686
diffusion_datasets/ldm_200/1_fake/pepkgtkonx.png,ldm_200,1,0.4149612689995599
diffusion_datasets/ldm_200/1_fake/lkealtdsyd.png,ldm_200,1,0.9965122125254509
diffusion_datasets/ldm_200/1_fake/nvglpmddru.png,ldm_200,1,0.005630012143325983
diffusion_datasets/ldm_200/1_fake/rtiaijvnif.png,ldm_200,1,0.01909345430298322
diffusion_datasets/ldm_200/1_fake/ahnijblsap.png,ldm_200,1,0.9851738128331444
diffusion_datasets/ldm_200/1_fake/paozbcurkw.png,ldm_200,1,0.8185588091277843
diffusion_datasets/ldm_200/1_fake/pwhjtzqmis.png,ldm_200,1,0.21611364030056843
diffusion_datasets/ldm_200/1_fake/vispixnoqk.png,ldm_200,1,0.6695836992208337
diffusion_datasets/ldm_200/1_fake/cvohxivzjd.png,ldm_200,1,0.7837994165443656
diffusion_datasets/ldm_200/1_fake/hypftiguck.png,ldm_200,1,0.9881013223223761
diffusion_datasets/ldm_200/1_fake/hrdlxdegxy.png,ldm_200,1,0.16877393198875484
diffusion_datasets/ldm_200/1_fake/devyzpyxmr.png,ldm_200,1,0.4033195351125782
diffusion_datasets/ldm_200/1_fake/tbxpyvxjym.png,ldm_200,1,0.9727644790424095
diffusion_datasets/ldm_200/1_fake/nfysclasrr.png,ldm_200,1,0.0352946654730127
diffusion_datasets/ldm_200/1_fake/odhzcmznnr.png,ldm_200,1,0.9493402356640634
diffusion_datasets/ldm_200/1_fake/ikiqryhfmf.png,ldm_200,1,0.14225520546747847
diffusion_datasets/ldm_200/1_fake/usipjcyjoy.png,ldm_200,1,0.07225345780292611
diffusion_datasets/ldm_200/1_fake/ybihqfczqf.png,ldm_200,1,0.9952240081889852
diffusion_datasets/ldm_200/1_fake/zrifjlbkwb.png,ldm_200,1,0.9999056973063625
diffusion_datasets/ldm_200/1_fake/jhuyduptth.png,ldm_200,1,0.967274086872813
diffusion_datasets/ldm_200/1_fake/abaxzegfoi.png,ldm_200,1,0.7238052693909426
diffusion_datasets/ldm_200/1_fake/evwfvofdll.png,ldm_200,1,0.7528676636947389
diffusion_datasets/ldm_200/1_fake/yrantjwhqk.png,ldm_200,1,0.999975845599118
diffusion_datasets/ldm_200/1_fake/lizvdcrrbp.png,ldm_200,1,0.9989047412271045
diffusion_datasets/ldm_200/1_fake/uvweqxeurs.png,ldm_200,1,0.9236357041375794
diffusion_datasets/ldm_200/1_fake/gdomuubpmo.png,ldm_200,1,0.6163501695108841
diffusion_datasets/ldm_200/1_fake/klcsuijwqh.png,ldm_200,1,0.27826332611712656
diffusion_datasets/ldm_200/1_fake/efgchmasis.png,ldm_200,1,0.08414737383527358
diffusion_datasets/ldm_200/1_fake/zynieagnms.png,ldm_200,1,0.024945072856117502
diffusion_datasets/ldm_200/1_fake/tvhyjyjvbi.png,ldm_200,1,0.8973716845819139
diffusion_datasets/ldm_200/1_fake/vkjmgldjai.png,ldm_200,1,0.10182425359645932
diffusion_datasets/ldm_200/1_fake/smlabsrifo.png,ldm_200,1,0.9852745664230568
diffusion_datasets/ldm_200/1_fake/dsxuevcdxk.png,ldm_200,1,0.07996250614188123
diffusion_datasets/ldm_200/1_fake/znxaufdjpv.png,ldm_200,1,0.9991353658953593
diffusion_datasets/ldm_200/1_fake/wbcncldemw.png,ldm_200,1,0.8469783381558196
diffusion_datasets/ldm_200/1_fake/olecerouzv.png,ldm_200,1,0.9941546182624399
diffusion_datasets/ldm_200/1_fake/ybpkzmxsoj.png,ldm_200,1,0.2905746645046682
diffusion_datasets/ldm_200/1_fake/jecdlrpjba.png,ldm_200,1,0.9936649572741739
diffusion_datasets/ldm_200/1_fake/lsvzbqhxgl.png,ldm_200,1,0.0009974212580382206
diffusion_datasets/ldm_200/1_fake/msccvtyrqo.png,ldm_200,1,0.9977623864775664
diffusion_datasets/ldm_200/1_fake/oulguvnvpq.png,ldm_200,1,0.43693550950328847
diffusion_datasets/ldm_200/1_fake/ukoxsbspvb.png,ldm_200,1,0.6465246189284704
diffusion_datasets/ldm_200/1_fake/gaephzrdih.png,ldm_200,1,0.9100254194813088
diffusion_datasets/ldm_200/1_fake/rrcbbbylog.png,ldm_200,1,0.943018076500535
diffusion_datasets/ldm_200/1_fake/lkwvbsljma.png,ldm_200,1,0.12235646254822312
diffusion_datasets/ldm_200/1_fake/xdudczawtx.png,ldm_200,1,0.579168423830679
diffusion_datasets/ldm_200/1_fake/jrdflpqmct.png,ldm_200,1,0.9335685712780776
diffusion_datasets/ldm_200/1_fake/gaezkwugoh.png,ldm_200,1,0.9040621329651605
diffusion_datasets/ldm_200/1_fake/lxdnodpvuz.png,ldm_200,1,0.9933264121051346
diffusion_datasets/ldm_200/1_fake/rsiiuivgsv.png,ldm_200,1,0.8747663558937135
diffusion_datasets/ldm_200/1_fake/wkkhoodytf.png,ldm_200,1,0.8902569265611657
diffusion_datasets/ldm_200/1_fake/yeysnhxrmp.png,ldm_200,1,0.9831537615540462
diffusion_datasets/ldm_200/1_fake/zbnbosutcn.png,ldm_200,1,0.8867280122021282
diffusion_datasets/ldm_200/1_fake/ovebmmaneb.png,ldm_200,1,0.7073263711150364
diffusion_datasets/ldm_200/1_fake/cubclpdlyb.png,ldm_200,1,0.04959800233039706
diffusion_datasets/ldm_200/1_fake/ygsthmtuoh.png,ldm_200,1,0.9144098699891795
diffusion_datasets/ldm_200/1_fake/gnjefwyemy.png,ldm_200,1,0.8485749224265297
diffusion_datasets/ldm_200/1_fake/jirfxpsjiz.png,ldm_200,1,0.9995545330523722
diffusion_datasets/ldm_200/1_fake/rakzbwxeme.png,ldm_200,1,0.9924348828984522
diffusion_datasets/ldm_200/1_fake/rxrwofckks.png,ldm_200,1,0.9807140637336013
diffusion_datasets/ldm_200/1_fake/xtupempfsd.png,ldm_200,1,0.9458455295445817
diffusion_datasets/ldm_200/1_fake/lgpvmdfncv.png,ldm_200,1,0.10813656517707795
diffusion_datasets/ldm_200/1_fake/sneggiimdk.png,ldm_200,1,0.9950550751916548
diffusion_datasets/ldm_200/1_fake/uzgkdnsvbt.png,ldm_200,1,0.03389907258275527
diffusion_datasets/ldm_200/1_fake/idxzmkymeu.png,ldm_200,1,0.5235172574190136
diffusion_datasets/ldm_200/1_fake/rtkpyywobl.png,ldm_200,1,0.9750603280831814
diffusion_datasets/ldm_200/1_fake/skkprfujmw.png,ldm_200,1,0.02595746288919482
diffusion_datasets/ldm_200/1_fake/ykyioyylud.png,ldm_200,1,0.5131335680769369
diffusion_datasets/ldm_200/1_fake/sdpkvjboba.png,ldm_200,1,0.6881451797241196
diffusion_datasets/ldm_200/1_fake/itvslvcuiy.png,ldm_200,1,0.38154473453417626
diffusion_datasets/ldm_200/1_fake/fjxuybiebs.png,ldm_200,1,0.9969660558143537
diffusion_datasets/ldm_200/1_fake/rpggiliowp.png,ldm_200,1,0.996292759200793
diffusion_datasets/ldm_200/1_fake/timdfnwgho.png,ldm_200,1,0.9189570780095097
diffusion_datasets/ldm_200/1_fake/qdnqcoyzar.png,ldm_200,1,0.017847048581021235
diffusion_datasets/ldm_200/1_fake/bghliglwng.png,ldm_200,1,0.9995991071338047
diffusion_datasets/ldm_200/1_fake/gacytxnrbg.png,ldm_200,1,0.9866715519641953
diffusion_datasets/ldm_200/1_fake/fmlqvsmgwg.png,ldm_200,1,0.7913417966871515
diffusion_datasets/ldm_200/1_fake/vcbnrxukwp.png,ldm_200,1,0.9998407698949143
diffusion_datasets/ldm_200/1_fake/ranqpkoerl.png,ldm_200,1,0.9953001924374173
diffusion_datasets/ldm_200/1_fake/ttfwqkviia.png,ldm_200,1,0.503873282184653
diffusion_datasets/ldm_200/1_fake/qgkzujpyka.png,ldm_200,1,0.021298387753378105
diffusion_datasets/ldm_200/1_fake/szocurmzdp.png,ldm_200,1,0.5332188071190089
diffusion_datasets/ldm_200/1_fake/olxhrrlaut.png,ldm_200,1,0.8760412821593806
diffusion_datasets/ldm_200/1_fake/hnsubaglth.png,ldm_200,1,0.1435267971166366
diffusion_datasets/ldm_200/1_fake/xmyblzhwwh.png,ldm_200,1,0.008793859589676004
diffusion_datasets/ldm_200/1_fake/qhnjseyjbw.png,ldm_200,1,0.06680099660624485
diffusion_datasets/ldm_200/1_fake/pcudblgobu.png,ldm_200,1,0.3978774581995857
diffusion_datasets/ldm_200/1_fake/ayibbogxvl.png,ldm_200,1,0.8320373608884997
diffusion_datasets/ldm_200/1_fake/dbcoycuiyt.png,ldm_200,1,0.9992175749155909
diffusion_datasets/ldm_200/1_fake/wfyfdsoqjb.png,ldm_200,1,0.9612361791573422
diffusion_datasets/ldm_200/1_fake/oqargxuywp.png,ldm_200,1,0.9929635938310631
diffusion_datasets/ldm_200/1_fake/ndjgpgfppo.png,ldm_200,1,0.9953699761151383
diffusion_datasets/ldm_200/1_fake/exoglvpvei.png,ldm_200,1,0.6907232029389061
diffusion_datasets/ldm_200/1_fake/vumdsauhht.png,ldm_200,1,0.4527894312816435
diffusion_datasets/ldm_200/1_fake/fneghrqtsf.png,ldm_200,1,0.9096540537118061
diffusion_datasets/ldm_200/1_fake/ffuzczfqav.png,ldm_200,1,0.9965330062603945
diffusion_datasets/ldm_200/1_fake/tflsufulfn.png,ldm_200,1,0.8145880685718363
diffusion_datasets/ldm_200/1_fake/djumibnmaq.png,ldm_200,1,0.840297016302516
diffusion_datasets/ldm_200/1_fake/bljmtryslc.png,ldm_200,1,0.8926131867089919
diffusion_datasets/ldm_200/1_fake/wrmxjiicmz.png,ldm_200,1,0.002061914610941883
diffusion_datasets/ldm_200/1_fake/jgmtkjqepx.png,ldm_200,1,0.34938278440503007
diffusion_datasets/ldm_200/1_fake/zoxknkpgoh.png,ldm_200,1,0.987612909842067
diffusion_datasets/ldm_200/1_fake/tvdnjojlmh.png,ldm_200,1,0.1942167129855677
diffusion_datasets/ldm_200/1_fake/hcyfeanpao.png,ldm_200,1,0.1314634868112542
diffusion_datasets/ldm_200/1_fake/xxxlutdoia.png,ldm_200,1,0.8991503414452362
diffusion_datasets/ldm_200/1_fake/czkhjnfjgr.png,ldm_200,1,0.682342323895326
diffusion_datasets/ldm_200/1_fake/qngsmynlht.png,ldm_200,1,0.8779975126396489
diffusion_datasets/ldm_200/1_fake/szebyvzlqt.png,ldm_200,1,0.9790846235312595
diffusion_datasets/ldm_200/1_fake/utlevcsfzc.png,ldm_200,1,0.9918211127453065
diffusion_datasets/ldm_200/1_fake/qlhvuhhqol.png,ldm_200,1,0.14273342758275492
diffusion_datasets/ldm_200/1_fake/dhjedfczru.png,ldm_200,1,0.9990803062308428
diffusion_datasets/ldm_200/1_fake/dhepjncjkt.png,ldm_200,1,0.6485141323979311
diffusion_datasets/ldm_200/1_fake/tigzfxjaeg.png,ldm_200,1,0.5052451526106692
diffusion_datasets/ldm_200/1_fake/wiweponjic.png,ldm_200,1,0.6811788490849104
diffusion_datasets/ldm_200/1_fake/tycynadkoj.png,ldm_200,1,0.9928993537379734
diffusion_datasets/ldm_200/1_fake/mtuopsldka.png,ldm_200,1,0.07793649399686851
diffusion_datasets/ldm_200/1_fake/mhaimbeqgl.png,ldm_200,1,0.9190614267311585
diffusion_datasets/ldm_200/1_fake/qofcjlhwbv.png,ldm_200,1,0.9983234270623208
diffusion_datasets/ldm_200/1_fake/flislizwvd.png,ldm_200,1,0.9214752384680268
diffusion_datasets/ldm_200/1_fake/fvfgzexjcm.png,ldm_200,1,0.37265588469296507
diffusion_datasets/ldm_200/1_fake/fwnswugajt.png,ldm_200,1,0.9999520583190054
diffusion_datasets/ldm_200/1_fake/psvmrypqai.png,ldm_200,1,0.748605718974404
diffusion_datasets/ldm_200/1_fake/jgcuwqiqsa.png,ldm_200,1,0.8959999706272775
diffusion_datasets/ldm_200/1_fake/gjpzqplype.png,ldm_200,1,0.8243526311899723
diffusion_datasets/ldm_200/1_fake/ycojahdoqs.png,ldm_200,1,0.4769941449465985
diffusion_datasets/ldm_200/1_fake/lvndezxcir.png,ldm_200,1,0.8703202133770302
diffusion_datasets/ldm_200/1_fake/vueczavslq.png,ldm_200,1,0.9985019346839814
diffusion_datasets/ldm_200/1_fake/hkjmvhgmso.png,ldm_200,1,0.5997427874101184
diffusion_datasets/ldm_200/1_fake/swhkqaywlh.png,ldm_200,1,0.9890292118381402
diffusion_datasets/ldm_200/1_fake/arfbiucpar.png,ldm_200,1,0.9830737242495995
diffusion_datasets/ldm_200/1_fake/njnnphhwll.png,ldm_200,1,0.9874982962750357
diffusion_datasets/ldm_200/1_fake/okuolqaypa.png,ldm_200,1,0.9731196284689047
diffusion_datasets/ldm_200/1_fake/rjddhlzmqd.png,ldm_200,1,0.9993941876092022
diffusion_datasets/ldm_200/1_fake/fnjmysjhqo.png,ldm_200,1,0.748751068340653
diffusion_datasets/ldm_200/1_fake/uxbuickkha.png,ldm_200,1,0.6671108418809077
diffusion_datasets/ldm_200/1_fake/htpewtqebr.png,ldm_200,1,0.953209786534083
diffusion_datasets/ldm_200/1_fake/uvsazktssr.png,ldm_200,1,0.9701498710537001
diffusion_datasets/ldm_200/1_fake/yyfgzdkznw.png,ldm_200,1,0.998599979784164
diffusion_datasets/ldm_200/1_fake/bbqlufpjnl.png,ldm_200,1,0.3292028282547951
diffusion_datasets/ldm_200/1_fake/jsytpmwrvb.png,ldm_200,1,0.9003132368248945
diffusion_datasets/ldm_200/1_fake/ueoeojrsyj.png,ldm_200,1,0.12296590746417685
diffusion_datasets/ldm_200/1_fake/ogdtdsagel.png,ldm_200,1,0.26346645883950465
diffusion_datasets/ldm_200/1_fake/snjzonvpow.png,ldm_200,1,0.45960822227069537
diffusion_datasets/ldm_200/1_fake/djfymdweky.png,ldm_200,1,0.9987487860396809
diffusion_datasets/ldm_200/1_fake/jbsbxfrewb.png,ldm_200,1,0.4991691048767499
diffusion_datasets/ldm_200/1_fake/mltvjsqnjm.png,ldm_200,1,0.9909509387354051
diffusion_datasets/ldm_200/1_fake/gkbjdvwiuz.png,ldm_200,1,0.9967062930293817
diffusion_datasets/ldm_200/1_fake/yqqmbglayb.png,ldm_200,1,0.9648328422802457
diffusion_datasets/ldm_200/1_fake/hrayggkgxb.png,ldm_200,1,0.9434905786270257
diffusion_datasets/ldm_200/1_fake/sssvouruij.png,ldm_200,1,0.7181171368759032
diffusion_datasets/ldm_200/1_fake/gxexzzlcld.png,ldm_200,1,0.8875849228336511
diffusion_datasets/ldm_200/1_fake/usxygmfmlb.png,ldm_200,1,0.48181115795634183
diffusion_datasets/ldm_200/1_fake/hdcbgrxqza.png,ldm_200,1,0.9986834092214678
diffusion_datasets/ldm_200/1_fake/mpozbazafp.png,ldm_200,1,0.29922998127726586
diffusion_datasets/ldm_200/1_fake/xuzzmcdpux.png,ldm_200,1,0.9534011752081013
diffusion_datasets/ldm_200/1_fake/dldztvvwrt.png,ldm_200,1,0.9990100172862767
diffusion_datasets/ldm_200/1_fake/hdtfurantf.png,ldm_200,1,0.9907178804693114
diffusion_datasets/ldm_200/1_fake/wgrmpdejfv.png,ldm_200,1,0.00598996679214837
diffusion_datasets/ldm_200/1_fake/lqrkxsvuvt.png,ldm_200,1,0.9252471942218248
diffusion_datasets/ldm_200/1_fake/dtvfjwtgbk.png,ldm_200,1,0.9797375087797283
diffusion_datasets/ldm_200/1_fake/vitzpaholy.png,ldm_200,1,0.02417324509738197
diffusion_datasets/ldm_200/1_fake/zniuujlsax.png,ldm_200,1,0.7081695417463401
diffusion_datasets/ldm_200/1_fake/ponotiiits.png,ldm_200,1,0.9847384512838219
diffusion_datasets/ldm_200/1_fake/gchslncruv.png,ldm_200,1,0.01907221701493953
diffusion_datasets/ldm_200/1_fake/vyjvqkrjmv.png,ldm_200,1,0.00373258104293923
diffusion_datasets/ldm_200/1_fake/wsbgevekgf.png,ldm_200,1,0.8455230137468361
diffusion_datasets/ldm_200/1_fake/msdsnlzcre.png,ldm_200,1,0.9530958734659442
diffusion_datasets/ldm_200/1_fake/jefxajnwbk.png,ldm_200,1,0.9496403784852375
diffusion_datasets/ldm_200/1_fake/vipmyyceny.png,ldm_200,1,0.9942788574272523
diffusion_datasets/ldm_200/1_fake/slrtleyncm.png,ldm_200,1,0.9169767851748797
diffusion_datasets/ldm_200/1_fake/jpkbhfmhql.png,ldm_200,1,0.4861477272985972
diffusion_datasets/ldm_200/1_fake/mcsihazpje.png,ldm_200,1,0.9585602691880796
diffusion_datasets/ldm_200/1_fake/bulfplvjow.png,ldm_200,1,0.9905570671054309
diffusion_datasets/ldm_200/1_fake/rjdnzhbvwc.png,ldm_200,1,0.999010163697836
diffusion_datasets/ldm_200/1_fake/ruyafogtjk.png,ldm_200,1,0.8336012255599901
diffusion_datasets/ldm_200/1_fake/gudkwzmgfo.png,ldm_200,1,0.5304774502642121
diffusion_datasets/ldm_200/1_fake/rbihqctsdb.png,ldm_200,1,0.035706055871084705
diffusion_datasets/ldm_200/1_fake/hnfbzeaoqb.png,ldm_200,1,0.9481634060201461
diffusion_datasets/ldm_200/1_fake/xbwwtavscv.png,ldm_200,1,0.9725602532769673
diffusion_datasets/ldm_200/1_fake/ugrxyyeknx.png,ldm_200,1,0.38260821085196633
diffusion_datasets/ldm_200/1_fake/frrzmsczog.png,ldm_200,1,0.034001587614345144
diffusion_datasets/ldm_200/1_fake/vblsrmonrr.png,ldm_200,1,0.9940911090885336
diffusion_datasets/ldm_200/1_fake/ykhbfkbqqc.png,ldm_200,1,0.4218050650739461
diffusion_datasets/ldm_200/1_fake/xpdelxvksw.png,ldm_200,1,0.06036349620614428
diffusion_datasets/ldm_200/1_fake/vofhkesmtv.png,ldm_200,1,0.9944193659742954
diffusion_datasets/ldm_200/1_fake/qbannzwxnv.png,ldm_200,1,0.9977652605451505
diffusion_datasets/ldm_200/1_fake/dsxzmqgrfv.png,ldm_200,1,0.9756195841193106
diffusion_datasets/ldm_200/1_fake/gckzbyionz.png,ldm_200,1,0.9985141477032838
diffusion_datasets/ldm_200/1_fake/aqfnjpltvb.png,ldm_200,1,0.050655489936699556
diffusion_datasets/ldm_200/1_fake/nnuuhindgj.png,ldm_200,1,0.9846385355630758
diffusion_datasets/ldm_200/1_fake/lfpytrxtnd.png,ldm_200,1,0.8704149842706355
diffusion_datasets/ldm_200/1_fake/hsvrfsodig.png,ldm_200,1,0.978281334194216
diffusion_datasets/ldm_200/1_fake/ohycivlfdy.png,ldm_200,1,0.0005870214959042558
diffusion_datasets/ldm_200/1_fake/zzrybysskm.png,ldm_200,1,0.009292808972461796
diffusion_datasets/ldm_200/1_fake/xnyhohvpna.png,ldm_200,1,0.9535508414487416
diffusion_datasets/ldm_200/1_fake/enrmnsxepz.png,ldm_200,1,0.5250625919166994
diffusion_datasets/ldm_200/1_fake/pcuxcikgcq.png,ldm_200,1,0.0015016181026981466
diffusion_datasets/ldm_200/1_fake/clutkoqhvu.png,ldm_200,1,0.9959077201087813
diffusion_datasets/ldm_200/1_fake/amthaokcfg.png,ldm_200,1,0.8873847903591625
diffusion_datasets/ldm_200/1_fake/kvomczokut.png,ldm_200,1,0.19611468846446337
diffusion_datasets/ldm_200/1_fake/uyfkdpzowl.png,ldm_200,1,0.9897567766330047
diffusion_datasets/ldm_200/1_fake/uydofqnwdz.png,ldm_200,1,0.13337543463372414
diffusion_datasets/ldm_200/1_fake/wotrziuyhj.png,ldm_200,1,0.0586420977485332
diffusion_datasets/ldm_200/1_fake/ntwekxxoly.png,ldm_200,1,0.9896998899354771
diffusion_datasets/ldm_200/1_fake/mnbrpiakwa.png,ldm_200,1,0.8379035384855518
diffusion_datasets/ldm_200/1_fake/aqdcxmcowi.png,ldm_200,1,0.6037047677929924
diffusion_datasets/ldm_200/1_fake/jqnuoffbtb.png,ldm_200,1,0.048398830357264735
diffusion_datasets/ldm_200/1_fake/gzzhkwcczo.png,ldm_200,1,0.982549522208266
diffusion_datasets/ldm_200/1_fake/fjyemnydtk.png,ldm_200,1,0.023274014898219755
diffusion_datasets/ldm_200/1_fake/fgbgiwekim.png,ldm_200,1,0.022682354944708175
diffusion_datasets/ldm_200/1_fake/eaesoxacae.png,ldm_200,1,0.9087214730197781
diffusion_datasets/ldm_200/1_fake/rdtvftkyww.png,ldm_200,1,0.004406520492405263
diffusion_datasets/ldm_200/1_fake/jkepwzmrqu.png,ldm_200,1,0.1488564650994177
diffusion_datasets/ldm_200/1_fake/kbpanibqgu.png,ldm_200,1,0.1957242242133691
diffusion_datasets/ldm_200/1_fake/etawvbajib.png,ldm_200,1,0.8539291551541963
diffusion_datasets/ldm_200/1_fake/ypdjyjlopx.png,ldm_200,1,0.9986355266520286
diffusion_datasets/ldm_200/1_fake/nkdchwutlw.png,ldm_200,1,0.9827048769992264
diffusion_datasets/ldm_200/1_fake/ayzndlluru.png,ldm_200,1,0.7236559509253266
diffusion_datasets/ldm_200/1_fake/bfiknazsha.png,ldm_200,1,0.9090427574777074
diffusion_datasets/ldm_200/1_fake/nhlzsfyryf.png,ldm_200,1,0.0034375005571498202
diffusion_datasets/ldm_200/1_fake/asxtxajrfc.png,ldm_200,1,0.7570739473556913
diffusion_datasets/ldm_200/1_fake/zchftlmgnh.png,ldm_200,1,0.9932388932553627
diffusion_datasets/ldm_200/1_fake/zmqpqnavds.png,ldm_200,1,0.9997636289132639
diffusion_datasets/ldm_200/1_fake/mfcceezfwn.png,ldm_200,1,0.9597575864001179
diffusion_datasets/ldm_200/1_fake/kpzyfbuxhi.png,ldm_200,1,0.06979536352828128
diffusion_datasets/ldm_200/1_fake/lpofppxlqt.png,ldm_200,1,0.9746373328196728
diffusion_datasets/ldm_200/1_fake/gyzuhrjhfj.png,ldm_200,1,0.8576358786353308
diffusion_datasets/ldm_200/1_fake/bhlyixirpi.png,ldm_200,1,0.986890847671231
diffusion_datasets/ldm_200/1_fake/yyrtmboyuo.png,ldm_200,1,0.027788644544065596
diffusion_datasets/ldm_200/1_fake/jfqdxkbnuz.png,ldm_200,1,0.996590154916268
diffusion_datasets/ldm_200/1_fake/qvldneoiwj.png,ldm_200,1,0.9998405874810873
diffusion_datasets/ldm_200/1_fake/flzalpsilp.png,ldm_200,1,0.1561580823942094
