path,domain,label,ai_score
diffusion_datasets/guided/1_fake/lnavxqqxfa.png,guided,1,0.9649808857994555
diffusion_datasets/guided/1_fake/eolimvhygz.png,guided,1,0.34385549910152624
diffusion_datasets/guided/1_fake/nkdchwutlw.png,guided,1,0.025771056290522475
diffusion_datasets/guided/1_fake/eoacigirrk.png,guided,1,0.4538735385447305
diffusion_datasets/guided/1_fake/msccvtyrqo.png,guided,1,2.2555437927205265e-05
diffusion_datasets/guided/1_fake/cmjapngcpn.png,guided,1,0.2142217939994058
diffusion_datasets/guided/1_fake/vrwfguctin.png,guided,1,0.004801118090885869
diffusion_datasets/guided/1_fake/slrtleyncm.png,guided,1,0.6458925638383204
diffusion_datasets/guided/1_fake/jkepwzmrqu.png,guided,1,0.8710062504184503
diffusion_datasets/guided/1_fake/fwnswugajt.png,guided,1,0.004108597438770554
diffusion_datasets/guided/1_fake/jgcuwqiqsa.png,guided,1,0.02788587933859091
diffusion_datasets/guided/1_fake/kjkmmniwcv.png,guided,1,0.006358705814285263
diffusion_datasets/guided/1_fake/aowpbzokmp.png,guided,1,0.9756271770178512
diffusion_datasets/guided/1_fake/pjvqcnpfqy.png,guided,1,0.22305883070943738
diffusion_datasets/guided/1_fake/mpzjrdeutv.png,guided,1,0.8642848037081864
diffusion_datasets/guided/1_fake/mcrhlmdumo.png,guided,1,0.24209211514709247
diffusion_datasets/guided/1_fake/oaepibbwpe.png,guided,1,0.001280955618278676
diffusion_datasets/guided/1_fake/aujwkgbadp.png,guided,1,0.0009990081226606
diffusion_datasets/guided/1_fake/hzrxscnjew.png,guided,1,0.6387100988239298
diffusion_datasets/guided/1_fake/tknxjephgy.png,guided,1,0.989827305955486
diffusion_datasets/guided/1_fake/ttwsrquzox.png,guided,1,0.8655583076623162
diffusion_datasets/guided/1_fake/ixykpgtooh.png,guided,1,0.1414702726688484
diffusion_datasets/guided/1_fake/hnfbzeaoqb.png,guided,1,0.9798525916935341
diffusion_datasets/guided/1_fake/gczswsnqpp.png,guided,1,0.9623279025940193
diffusion_datasets/guided/1_fake/ikpmthprsw.png,guided,1,0.9999600937269472
diffusion_datasets/guided/1_fake/vmjmkqeggv.png,guided,1,0.771750376200712
diffusion_datasets/guided/1_fake/ltwpiurdob.png,guided,1,0.7859922493506237
diffusion_datasets/guided/1_fake/clutkoqhvu.png,guided,1,0.8171990558997198
diffusion_datasets/guided/1_fake/qnqvwdpmam.png,guided,1,0.9965803902968963
diffusion_datasets/guided/1_fake/fzmzemtxkr.png,guided,1,0.9443856858297326
diffusion_datasets/guided/1_fake/kxyebvmqsl.png,guided,1,0.0028941006406730274
diffusion_datasets/guided/1_fake/jrzuxwwxsh.png,guided,1,0.0006065128136494896
diffusion_datasets/guided/1_fake/lavlfbgnkn.png,guided,1,0.9282868750934474
diffusion_datasets/guided/1_fake/amcjhcqbxr.png,guided,1,0.6264804172524526
diffusion_datasets/guided/1_fake/cbmykoukdb.png,guided,1,0.04214686988683455
diffusion_datasets/guided/1_fake/hjovhnpjdf.png,guided,1,0.8697205672625337
diffusion_datasets/guided/1_fake/picuojlsec.png,guided,1,0.8814066759364725
diffusion_datasets/guided/1_fake/jhnzthaool.png,guided,1,0.03500074033789536
diffusion_datasets/guided/1_fake/adizyjvxam.png,guided,1,0.0627194048699551
diffusion_datasets/guided/1_fake/gjpzqplype.png,guided,1,0.0266649513026272
diffusion_datasets/guided/1_fake/vwklacfxmw.png,guided,1,0.5819213784826593
diffusion_datasets/guided/1_fake/lvsgpxrabw.png,guided,1,0.006094057624480083
diffusion_datasets/guided/1_fake/yvwtaordyd.png,guided,1,0.891263594918954
diffusion_datasets/guided/1_fake/lfpytrxtnd.png,guided,1,0.0819576181420735
diffusion_datasets/guided/1_fake/jnrpfsvjdm.png,guided,1,0.9872884120268924
diffusion_datasets/guided/1_fake/xucelwnaqz.png,guided,1,0.8842989398894927
diffusion_datasets/guided/1_fake/ayzndlluru.png,guided,1,0.022215575007431668
diffusion_datasets/guided/1_fake/fnjmysjhqo.png,guided,1,0.7671826301782445
diffusion_datasets/guided/1_fake/rtbrwgwkho.png,guided,1,0.5157032982767455
diffusion_datasets/guided/1_fake/pbblbgdzjz.png,guided,1,0.7850301228918695
diffusion_datasets/guided/1_fake/zxaydtvcbx.png,guided,1,0.046720749417189664
diffusion_datasets/guided/1_fake/asxtxajrfc.png,guided,1,0.00021672379610143433
diffusion_datasets/guided/1_fake/jvctzionai.png,guided,1,0.9445157741138073
diffusion_datasets/guided/1_fake/timdfnwgho.png,guided,1,0.023047534826384972
diffusion_datasets/guided/1_fake/pfvgbusewt.png,guided,1,0.035068241823524235
diffusion_datasets/guided/1_fake/ulpnibnvvc.png,guided,1,0.0015574835424377014
diffusion_datasets/guided/1_fake/xphjlaxygh.png,guided,1,0.40165059233273437
diffusion_datasets/guided/1_fake/qafswzymfy.png,guided,1,0.983138942595307
diffusion_datasets/guided/1_fake/kgmqyotoqo.png,guided,1,0.26985886615429
diffusion_datasets/guided/1_fake/bbdiioaqyn.png,guided,1,0.7684846451831105
diffusion_datasets/guided/1_fake/apwufqzgrg.png,guided,1,0.44008321354646573
diffusion_datasets/guided/1_fake/lttnaabznd.png,guided,1,0.3549471645672983
diffusion_datasets/guided/1_fake/raxqxyzhrc.png,guided,1,0.8978424716599797
diffusion_datasets/guided/1_fake/mfmhhrlxuy.png,guided,1,0.8637169942929842
diffusion_datasets/guided/1_fake/bulfplvjow.png,guided,1,0.9993487075183947
diffusion_datasets/guided/1_fake/ybbbdeihcf.png,guided,1,0.13315928861581278
diffusion_datasets/guided/1_fake/qlhvuhhqol.png,guided,1,0.1441886267733909
diffusion_datasets/guided/1_fake/xdudczawtx.png,guided,1,0.1078726973083269
diffusion_datasets/guided/1_fake/vcbnrxukwp.png,guided,1,0.010395891339006607
diffusion_datasets/guided/1_fake/ifqwneltpg.png,guided,1,0.5911168774615216
diffusion_datasets/guided/1_fake/psosqfwlqc.png,guided,1,0.35168424391660386
diffusion_datasets/guided/1_fake/znwafizosm.png,guided,1,0.076741536561841
diffusion_datasets/guided/1_fake/qsndeimedb.png,guided,1,0.005477978497948227
diffusion_datasets/guided/1_fake/ajefhvvxek.png,guided,1,0.01307481125458228
diffusion_datasets/guided/1_fake/jgvhyrcgyx.png,guided,1,0.6058613315335751
diffusion_datasets/guided/1_fake/kbpanibqgu.png,guided,1,0.9971749407941756
diffusion_datasets/guided/1_fake/gzmbdszeyt.png,guided,1,0.035135834607157426
diffusion_datasets/guided/1_fake/dtoeuxdocm.png,guided,1,0.8815377870204824
diffusion_datasets/guided/1_fake/jckrxjozhx.png,guided,1,0.9475255717406141
diffusion_datasets/guided/1_fake/nyrfgpglht.png,guided,1,0.02613127357800393
diffusion_datasets/guided/1_fake/pvrfveosdy.png,guided,1,0.2683420862322051
diffusion_datasets/guided/1_fake/zatnelrcct.png,guided,1,0.07370740532086094
diffusion_datasets/guided/1_fake/nhmcszkgcq.png,guided,1,0.0003680368572613147
diffusion_datasets/guided/1_fake/yyrtmboyuo.png,guided,1,0.4193691266203846
diffusion_datasets/guided/1_fake/lsdusudljb.png,guided,1,0.5382506930409482
diffusion_datasets/guided/1_fake/bnhkqppcfl.png,guided,1,0.9094554555949953
diffusion_datasets/guided/1_fake/cspmbvyjpm.png,guided,1,0.03198707936907683
diffusion_datasets/guided/1_fake/wrxxltdsxi.png,guided,1,0.0017402625768498502
diffusion_datasets/guided/1_fake/efykeyysvi.png,guided,1,0.00046809400725270306
diffusion_datasets/guided/1_fake/usrafpawra.png,guided,1,0.34925458947845
diffusion_datasets/guided/1_fake/snkshpixle.png,guided,1,0.0016826812818866671
diffusion_datasets/guided/1_fake/izrfhzbwzc.png,guided,1,0.024856096824240993
diffusion_datasets/guided/1_fake/iedkqtkbtj.png,guided,1,0.14475483689061075
diffusion_datasets/guided/1_fake/rzrzcujvqg.png,guided,1,0.0011170146098306152
diffusion_datasets/guided/1_fake/klcsuijwqh.png,guided,1,0.9993371083466712
diffusion_datasets/guided/1_fake/bljmtryslc.png,guided,1,0.1829708660627598
diffusion_datasets/guided/1_fake/muszivpifs.png,guided,1,0.0004643576211221132
diffusion_datasets/guided/1_fake/myekqhvgnw.png,guided,1,0.7011526601926037
diffusion_datasets/guided/1_fake/umnlmiykjp.png,guided,1,0.5632496980521393
diffusion_datasets/guided/1_fake/vfhdjmajxv.png,guided,1,0.17265007498697763
diffusion_datasets/guided/1_fake/enmfgbxzpf.png,guided,1,0.41409806735606913
diffusion_datasets/guided/1_fake/wjvuvyodzv.png,guided,1,0.013220624377097779
diffusion_datasets/guided/1_fake/fksurkvzeg.png,guided,1,0.9788170540380682
diffusion_datasets/guided/1_fake/hypftiguck.png,guided,1,0.9312876497465515
diffusion_datasets/guided/1_fake/aofcqpcyfk.png,guided,1,0.8624558238803972
diffusion_datasets/guided/1_fake/bolqiuvdbo.png,guided,1,0.011602077201550895
diffusion_datasets/guided/1_fake/whqsatsqum.png,guided,1,0.16046531877674725
diffusion_datasets/guided/1_fake/bxmsmmxizq.png,guided,1,3.975472424090732e-05
diffusion_datasets/guided/1_fake/eowkckioii.png,guided,1,0.10138673949927628
diffusion_datasets/guided/1_fake/drpsdefmzh.png,guided,1,0.11593394031347673
diffusion_datasets/guided/1_fake/yjjufldsnq.png,guided,1,0.20970582708130414
diffusion_datasets/guided/1_fake/hmasnickhh.png,guided,1,0.00027017159371410586
diffusion_datasets/guided/1_fake/siheeokstl.png,guided,1,0.002199199118304972
diffusion_datasets/guided/1_fake/sgggkqzghg.png,guided,1,0.8818297569843961
diffusion_datasets/guided/1_fake/sjezxhpiwr.png,guided,1,0.9831792641963363
diffusion_datasets/guided/1_fake/ueehiquixb.png,guided,1,0.9985731536181242
diffusion_datasets/guided/1_fake/yldbjbxfzj.png,guided,1,0.23786078262482904
diffusion_datasets/guided/1_fake/czqsnkbvng.png,guided,1,0.2693600726015711
diffusion_datasets/guided/1_fake/snjzonvpow.png,guided,1,0.4187749075491402
diffusion_datasets/guided/1_fake/bjipeebzgu.png,guided,1,0.9163358487949093
diffusion_datasets/guided/1_fake/bqeilhkbun.png,guided,1,0.02855912053322528
diffusion_datasets/guided/1_fake/gkbjdvwiuz.png,guided,1,0.007356369971134856
diffusion_datasets/guided/1_fake/jsozceeudr.png,guided,1,0.011954447831932107
diffusion_datasets/guided/1_fake/vqrdytkinp.png,guided,1,0.026930656656499807
diffusion_datasets/guided/1_fake/tzirqivkgc.png,guided,1,0.10938286674262279
diffusion_datasets/guided/1_fake/zniuujlsax.png,guided,1,0.0017619086720382115
diffusion_datasets/guided/1_fake/oxkzwdrxay.png,guided,1,0.007016386579436034
diffusion_datasets/guided/1_fake/fvfgzexjcm.png,guided,1,0.9717678534711501
diffusion_datasets/guided/1_fake/msujwlrujo.png,guided,1,0.08439826161856268
diffusion_datasets/guided/1_fake/iwkrlrqsbn.png,guided,1,0.3982725050388356
diffusion_datasets/guided/1_fake/ommdrgxtbr.png,guided,1,0.0922785837119128
diffusion_datasets/guided/1_fake/aadlygmazf.png,guided,1,0.5184795160255926
diffusion_datasets/guided/1_fake/wzdhwjmvgy.png,guided,1,0.779207618168944
diffusion_datasets/guided/1_fake/lxlphyyeaw.png,guided,1,0.0015821240553687103
diffusion_datasets/guided/1_fake/enrmnsxepz.png,guided,1,0.3116158250263682
diffusion_datasets/guided/1_fake/jeyotfdecp.png,guided,1,0.050039088236193394
diffusion_datasets/guided/1_fake/ahnijblsap.png,guided,1,0.7992681378802456
diffusion_datasets/guided/1_fake/etiolecymt.png,guided,1,0.018165122163354468
diffusion_datasets/guided/1_fake/nrzbgujfll.png,guided,1,0.08869989837300682
diffusion_datasets/guided/1_fake/fjyemnydtk.png,guided,1,0.844912176193586
diffusion_datasets/guided/1_fake/zacjdmmloj.png,guided,1,0.0006604901366784055
diffusion_datasets/guided/1_fake/awjhtixyqd.png,guided,1,0.011143202412281158
diffusion_datasets/guided/1_fake/pwhjtzqmis.png,guided,1,0.9522102424596504
diffusion_datasets/guided/1_fake/fmlqvsmgwg.png,guided,1,0.8789432818270864
diffusion_datasets/guided/1_fake/vfjqbhhdhb.png,guided,1,0.4847269694792659
diffusion_datasets/guided/1_fake/ybpkzmxsoj.png,guided,1,0.11885571205505316
diffusion_datasets/guided/1_fake/hdtfurantf.png,guided,1,0.005649885379615912
diffusion_datasets/guided/1_fake/vitzpaholy.png,guided,1,0.1858549905302659
diffusion_datasets/guided/1_fake/gsjragxgrg.png,guided,1,0.7286640647889218
diffusion_datasets/guided/1_fake/npfhwxylge.png,guided,1,0.9643206532843851
diffusion_datasets/guided/1_fake/ynescstwdk.png,guided,1,0.0003525553104629453
diffusion_datasets/guided/1_fake/sevosnzutr.png,guided,1,0.15178999694971512
diffusion_datasets/guided/1_fake/bxoicyhddk.png,guided,1,0.9984342817978413
diffusion_datasets/guided/1_fake/opueqmfkcd.png,guided,1,0.9945596041946877
diffusion_datasets/guided/1_fake/jecdlrpjba.png,guided,1,0.011850014520573436
diffusion_datasets/guided/1_fake/surgjkswmj.png,guided,1,0.0020648926759129073
diffusion_datasets/guided/1_fake/ohycivlfdy.png,guided,1,0.08232928005666787
diffusion_datasets/guided/1_fake/ajaqvfgsih.png,guided,1,0.49193219763424645
diffusion_datasets/guided/1_fake/xuzzmcdpux.png,guided,1,0.19485656102134363
diffusion_datasets/guided/1_fake/msdsnlzcre.png,guided,1,0.013689470711967132
diffusion_datasets/guided/1_fake/jhnbcswvmq.png,guided,1,0.00890776099428278
diffusion_datasets/guided/1_fake/rakzbwxeme.png,guided,1,0.014708201025320056
diffusion_datasets/guided/1_fake/llaiteusmv.png,guided,1,0.7559969944087378
diffusion_datasets/guided/1_fake/ucxiudybpx.png,guided,1,0.9065370822973476
diffusion_datasets/guided/1_fake/ybpiflwjwj.png,guided,1,0.13227483532711312
diffusion_datasets/guided/1_fake/uzgkdnsvbt.png,guided,1,0.7755723969617941
diffusion_datasets/guided/1_fake/dpsfehmqme.png,guided,1,0.9185398119454994
diffusion_datasets/guided/1_fake/wxhrxapobk.png,guided,1,0.13768294369428963
diffusion_datasets/guided/1_fake/gufjiiwgrf.png,guided,1,0.5753434407076211
diffusion_datasets/guided/1_fake/eelzocmtws.png,guided,1,0.0003740926072003052
diffusion_datasets/guided/1_fake/gtjyzhcqoi.png,guided,1,0.5717302615827249
diffusion_datasets/guided/1_fake/ppufoaihkk.png,guided,1,0.633868049480339
diffusion_datasets/guided/1_fake/ponotiiits.png,guided,1,0.00020210994965512953
diffusion_datasets/guided/1_fake/tibxcunvom.png,guided,1,0.03904508811194435
diffusion_datasets/guided/1_fake/wdxoxbbogy.png,guided,1,0.1009911665445774
diffusion_datasets/guided/1_fake/xbftnrscst.png,guided,1,0.9792767360446563
diffusion_datasets/guided/1_fake/njfscemusa.png,guided,1,0.014297249690800614
diffusion_datasets/guided/1_fake/ujtxojadtt.png,guided,1,0.060268324673367527
diffusion_datasets/guided/1_fake/hnihvkmnje.png,guided,1,0.012072876735297205
diffusion_datasets/guided/1_fake/xqyjzhnfqu.png,guided,1,0.8072271219812915
diffusion_datasets/guided/1_fake/njnnphhwll.png,guided,1,0.0323768565786545
diffusion_datasets/guided/1_fake/gudkwzmgfo.png,guided,1,0.9359020591799754
diffusion_datasets/guided/1_fake/orgclftabd.png,guided,1,0.1432169435295582
diffusion_datasets/guided/1_fake/zwkapmobkx.png,guided,1,0.9958659537126378
diffusion_datasets/guided/1_fake/qqdphhznqg.png,guided,1,0.0050070045392214685
diffusion_datasets/guided/1_fake/pepkgtkonx.png,guided,1,0.8112637113106392
diffusion_datasets/guided/1_fake/stzvgskice.png,guided,1,0.07085397305597918
diffusion_datasets/guided/1_fake/irwxnqcndk.png,guided,1,0.9998558629325531
diffusion_datasets/guided/1_fake/nrglavnpuu.png,guided,1,0.13537167288971047
diffusion_datasets/guided/1_fake/tdegwqcdxk.png,guided,1,0.8590889252900311
diffusion_datasets/guided/1_fake/gbkfcdebke.png,guided,1,0.08856436305341166
diffusion_datasets/guided/1_fake/idvfzzxvyh.png,guided,1,0.14299945195088506
diffusion_datasets/guided/1_fake/gvvfxpftgt.png,guided,1,0.05745513600633238
diffusion_datasets/guided/1_fake/fjxuybiebs.png,guided,1,0.029912739105695443
diffusion_datasets/guided/1_fake/rjddhlzmqd.png,guided,1,0.9604045358548435
diffusion_datasets/guided/1_fake/pcudblgobu.png,guided,1,0.003282128732432181
diffusion_datasets/guided/1_fake/cpyrataump.png,guided,1,0.1448569843400773
diffusion_datasets/guided/1_fake/tfubqflahj.png,guided,1,0.054963723707690024
diffusion_datasets/guided/1_fake/ughldndbio.png,guided,1,0.00013438181573439934
diffusion_datasets/guided/1_fake/ukcwfevbtz.png,guided,1,0.0169269963893023
diffusion_datasets/guided/1_fake/lmbvfedfye.png,guided,1,0.7394519111933735
diffusion_datasets/guided/1_fake/zhkybzbekn.png,guided,1,0.018806179126873834
diffusion_datasets/guided/1_fake/gliascthpi.png,guided,1,0.964497303592806
diffusion_datasets/guided/1_fake/myypljgqkg.png,guided,1,0.9669402834816275
diffusion_datasets/guided/1_fake/jabklaioxf.png,guided,1,0.12588473035670514
diffusion_datasets/guided/1_fake/xjokdvoxpk.png,guided,1,0.0175577831567957
diffusion_datasets/guided/1_fake/yatxnhyhyw.png,guided,1,0.5784378425609633
diffusion_datasets/guided/1_fake/gacytxnrbg.png,guided,1,0.3867036750781978
diffusion_datasets/guided/1_fake/tzgkmgcgjt.png,guided,1,0.9964150132937659
diffusion_datasets/guided/1_fake/devyzpyxmr.png,guided,1,0.8266450124577697
diffusion_datasets/guided/1_fake/shkxdbeqpn.png,guided,1,0.9846526202686746
diffusion_datasets/guided/1_fake/mocygqjmlh.png,guided,1,0.46542604025665163
diffusion_datasets/guided/1_fake/jzpjgkemjx.png,guided,1,0.3225198368469556
diffusion_datasets/guided/1_fake/afwwethmvf.png,guided,1,0.4517121323824569
diffusion_datasets/guided/1_fake/gwfboomsuw.png,guided,1,0.23449914106906164
diffusion_datasets/guided/1_fake/viedszojsm.png,guided,1,0.0018341293708798979
diffusion_datasets/guided/1_fake/cciqgyfbnw.png,guided,1,0.44860667753345135
diffusion_datasets/guided/1_fake/vofhkesmtv.png,guided,1,0.7132791725620256
diffusion_datasets/guided/1_fake/gdomuubpmo.png,guided,1,0.9386768367091346
diffusion_datasets/guided/1_fake/figfzyfhkt.png,guided,1,0.07871276786025479
diffusion_datasets/guided/1_fake/ygqiosrden.png,guided,1,0.43955219648239013
diffusion_datasets/guided/1_fake/xqlumlknls.png,guided,1,0.9891080488896355
diffusion_datasets/guided/1_fake/lvtmqaadzz.png,guided,1,0.8097658145051855
diffusion_datasets/guided/1_fake/dwgrruvbsz.png,guided,1,0.0068868179514364036
diffusion_datasets/guided/1_fake/zcsnybxdqj.png,guided,1,0.1167210766227955
diffusion_datasets/guided/1_fake/tycynadkoj.png,guided,1,0.9969149678039362
diffusion_datasets/guided/1_fake/fizdknwdwf.png,guided,1,0.9767415827985028
diffusion_datasets/guided/1_fake/bthfwgfwqz.png,guided,1,0.014741274370702787
diffusion_datasets/guided/1_fake/qhhsiahqdz.png,guided,1,0.8369865910481549
diffusion_datasets/guided/1_fake/nejpnuzhor.png,guided,1,0.07886284003085885
diffusion_datasets/guided/1_fake/flislizwvd.png,guided,1,0.00693762503311528
diffusion_datasets/guided/1_fake/vuvkrfmrfw.png,guided,1,0.005929407269982362
diffusion_datasets/guided/1_fake/kgwpuybmdo.png,guided,1,0.13625331136494476
diffusion_datasets/guided/1_fake/uyfkdpzowl.png,guided,1,0.017979926527541008
diffusion_datasets/guided/1_fake/fvbwueqmmc.png,guided,1,0.13874887490187268
diffusion_datasets/guided/1_fake/ftampoyprn.png,guided,1,0.09777941721825038
diffusion_datasets/guided/1_fake/jtprghimeh.png,guided,1,0.30060885851025815
diffusion_datasets/guided/1_fake/gmjuidkgzm.png,guided,1,0.3750454163622806
diffusion_datasets/guided/1_fake/fwqtzyeait.png,guided,1,0.10246916635670125
diffusion_datasets/guided/1_fake/rrcbbbylog.png,guided,1,0.0023270771838885753
diffusion_datasets/guided/1_fake/wbcncldemw.png,guided,1,0.9947400970024387
diffusion_datasets/guided/1_fake/texcjvnjug.png,guided,1,0.9955242522109254
diffusion_datasets/guided/1_fake/flcafzqbyt.png,guided,1,0.11347091791549736
diffusion_datasets/guided/1_fake/cnthnmxcwh.png,guided,1,0.13026693749546173
diffusion_datasets/guided/1_fake/ceyagwkqcf.png,guided,1,0.8477957631627283
diffusion_datasets/guided/1_fake/wyyltkwttn.png,guided,1,0.1345340717448455
diffusion_datasets/guided/1_fake/drnfeijjlp.png,guided,1,0.1339504519898447
diffusion_datasets/guided/1_fake/usxygmfmlb.png,guided,1,0.7153898458503676
diffusion_datasets/guided/1_fake/nnuuhindgj.png,guided,1,0.10921040280253812
diffusion_datasets/guided/1_fake/nfysclasrr.png,guided,1,0.9807123682854548
diffusion_datasets/guided/1_fake/oucmaedfum.png,guided,1,0.7795633145511336
diffusion_datasets/guided/1_fake/oqgbxaotgn.png,guided,1,0.07169929787866407
diffusion_datasets/guided/1_fake/khmsldutff.png,guided,1,0.9943891594558858
diffusion_datasets/guided/1_fake/qwawgjhkcz.png,guided,1,0.46870297664282506
diffusion_datasets/guided/1_fake/kyrjicorfj.png,guided,1,0.03405888771917851
diffusion_datasets/guided/1_fake/pccthywpgs.png,guided,1,0.013018981092789324
diffusion_datasets/guided/1_fake/nmdxktenko.png,guided,1,0.991769768745958
diffusion_datasets/guided/1_fake/zxnpcvwbfb.png,guided,1,0.5306396222890515
diffusion_datasets/guided/1_fake/swhkqaywlh.png,guided,1,0.028359250518274037
diffusion_datasets/guided/1_fake/jzcptodnmr.png,guided,1,0.9272820563066745
diffusion_datasets/guided/1_fake/kpmxquicco.png,guided,1,0.00668198206324516
diffusion_datasets/guided/1_fake/nhlzsfyryf.png,guided,1,0.32277307058887744
diffusion_datasets/guided/1_fake/eayzvzrytx.png,guided,1,0.9707946220889317
diffusion_datasets/guided/1_fake/mqzlaxdcyf.png,guided,1,0.9907422162938141
diffusion_datasets/guided/1_fake/lxjrxqzveb.png,guided,1,0.267077076021403
diffusion_datasets/guided/1_fake/tgihtkfpyi.png,guided,1,0.1623140097918252
diffusion_datasets/guided/1_fake/rzvoxvfpaz.png,guided,1,0.047654794419356626
diffusion_datasets/guided/1_fake/kguycdreay.png,guided,1,0.7010208521170027
diffusion_datasets/guided/1_fake/ewspkgvjkv.png,guided,1,0.1896826337771082
diffusion_datasets/guided/1_fake/gckzbyionz.png,guided,1,0.9967170079337898
diffusion_datasets/guided/1_fake/zoxknkpgoh.png,guided,1,0.8300908679057294
diffusion_datasets/guided/1_fake/qjrpujocxn.png,guided,1,0.40831277893811696
diffusion_datasets/guided/1_fake/uzunqwixgv.png,guided,1,0.9248585461448623
diffusion_datasets/guided/1_fake/bqcltegxdf.png,guided,1,0.23594593844457715
diffusion_datasets/guided/1_fake/sinwhncecv.png,guided,1,0.22758749558926758
diffusion_datasets/guided/1_fake/xyhvtzywzh.png,guided,1,0.01687933588905494
diffusion_datasets/guided/1_fake/wsreukpzwe.png,guided,1,0.010177557886106635
diffusion_datasets/guided/1_fake/kvaphythne.png,guided,1,0.9934309443380451
diffusion_datasets/guided/1_fake/fzrimmsozw.png,guided,1,0.0016438060691215484
diffusion_datasets/guided/1_fake/flzalpsilp.png,guided,1,0.4315157489849958
diffusion_datasets/guided/1_fake/szebyvzlqt.png,guided,1,0.6022583763096715
diffusion_datasets/guided/1_fake/hwfugtliat.png,guided,1,0.05154497108398611
diffusion_datasets/guided/1_fake/qsuodtmksx.png,guided,1,0.0540651125450751
diffusion_datasets/guided/1_fake/xbwwtavscv.png,guided,1,0.08251246438227754
diffusion_datasets/guided/1_fake/ddeuvxknie.png,guided,1,0.0031074927055969232
diffusion_datasets/guided/1_fake/dexhjtncni.png,guided,1,0.9482230220643804
diffusion_datasets/guided/1_fake/lsvzbqhxgl.png,guided,1,0.017496324251838107
diffusion_datasets/guided/1_fake/ajdylzvnwn.png,guided,1,0.5511394492121239
diffusion_datasets/guided/1_fake/aoyyeorqer.png,guided,1,0.03884129546082088
diffusion_datasets/guided/1_fake/ahwxcijnxm.png,guided,1,0.9905071016026209
diffusion_datasets/guided/1_fake/kiimhjeatg.png,guided,1,0.022558901774712467
diffusion_datasets/guided/1_fake/bhlyixirpi.png,guided,1,0.6032144406311062
diffusion_datasets/guided/1_fake/gudshwhvvv.png,guided,1,0.0033172754037703775
diffusion_datasets/guided/1_fake/gbmtgdhzrx.png,guided,1,0.9862288481499262
diffusion_datasets/guided/1_fake/ypvdkreobg.png,guided,1,0.09898078572624355
diffusion_datasets/guided/1_fake/sssvouruij.png,guided,1,0.9189548277648916
diffusion_datasets/guided/1_fake/ascyfbgfmn.png,guided,1,0.4378201636825125
diffusion_datasets/guided/1_fake/zbnbosutcn.png,guided,1,0.8827463456431646
diffusion_datasets/guided/1_fake/uxbuickkha.png,guided,1,0.7251554189497048
diffusion_datasets/guided/1_fake/svpwqjhjbu.png,guided,1,0.9022267131955166
diffusion_datasets/guided/1_fake/uvwnmuvfio.png,guided,1,0.6077488678022596
diffusion_datasets/guided/1_fake/ykhbfkbqqc.png,guided,1,0.14070314614981563
diffusion_datasets/guided/1_fake/mijuwhirnm.png,guided,1,0.9314634493343226
diffusion_datasets/guided/1_fake/pbdegkyycl.png,guided,1,0.5919988770836705
diffusion_datasets/guided/1_fake/cxjsjqusph.png,guided,1,0.0019616047523173924
diffusion_datasets/guided/1_fake/gllomgthtj.png,guided,1,0.49906813875109085
diffusion_datasets/guided/1_fake/utlevcsfzc.png,guided,1,0.9997778956346054
diffusion_datasets/guided/1_fake/wfyfdsoqjb.png,guided,1,0.9877846495909208
diffusion_datasets/guided/1_fake/ywjlbpxbjz.png,guided,1,0.3055707335955774
diffusion_datasets/guided/1_fake/cjmyrxrisl.png,guided,1,0.2486350540234937
diffusion_datasets/guided/1_fake/onojezltok.png,guided,1,0.08791310627328205
diffusion_datasets/guided/1_fake/gxexzzlcld.png,guided,1,0.9736727374858611
diffusion_datasets/guided/1_fake/iwsairnpes.png,guided,1,0.0072551316301517794
diffusion_datasets/guided/1_fake/bobirihsmf.png,guided,1,0.2864862809793347
diffusion_datasets/guided/1_fake/wrplkwvjrk.png,guided,1,0.17701563494192565
diffusion_datasets/guided/1_fake/annkzxvqsz.png,guided,1,0.022282618151601114
diffusion_datasets/guided/1_fake/gcenmxpfnz.png,guided,1,0.009257234083621287
diffusion_datasets/guided/1_fake/jykjuscrhb.png,guided,1,0.9969070125240036
diffusion_datasets/guided/1_fake/lcyxnaodgl.png,guided,1,0.3022385249238769
diffusion_datasets/guided/1_fake/tigzfxjaeg.png,guided,1,0.4501192211956264
diffusion_datasets/guided/1_fake/oqlgvyltdu.png,guided,1,0.9500808456100936
diffusion_datasets/guided/1_fake/kqtezbdvua.png,guided,1,0.06511255793263149
diffusion_datasets/guided/1_fake/vumdsauhht.png,guided,1,0.43020371057003015
diffusion_datasets/guided/1_fake/nhlvajciai.png,guided,1,0.05673297441401171
diffusion_datasets/guided/1_fake/kysxvylzkk.png,guided,1,0.20560986677517878
diffusion_datasets/guided/1_fake/dawfktkzad.png,guided,1,0.5430296344877692
diffusion_datasets/guided/1_fake/zchftlmgnh.png,guided,1,0.2481848941787457
diffusion_datasets/guided/1_fake/dojapmtjlo.png,guided,1,0.424963190754137
diffusion_datasets/guided/1_fake/eqndltlggi.png,guided,1,0.3182100137836078
diffusion_datasets/guided/1_fake/mfoxhwrofa.png,guided,1,0.9812488537136667
diffusion_datasets/guided/1_fake/pieahxylhf.png,guided,1,0.27340219185326303
diffusion_datasets/guided/1_fake/rxsgddveyy.png,guided,1,0.950420889274397
diffusion_datasets/guided/1_fake/uvsazktssr.png,guided,1,0.8866651771101874
diffusion_datasets/guided/1_fake/pptvyzosrk.png,guided,1,0.0017390312588243817
diffusion_datasets/guided/1_fake/lzgwytfbdh.png,guided,1,0.9705256387953245
diffusion_datasets/guided/1_fake/truenadnmf.png,guided,1,0.5512868185399346
diffusion_datasets/guided/1_fake/tecfsxrdsg.png,guided,1,0.44982895076572654
diffusion_datasets/guided/1_fake/pwvremoaiz.png,guided,1,0.04005256960577931
diffusion_datasets/guided/1_fake/hkjmvhgmso.png,guided,1,0.004020723696928906
diffusion_datasets/guided/1_fake/dldztvvwrt.png,guided,1,0.05258049060144732
diffusion_datasets/guided/1_fake/uesrfqrmys.png,guided,1,0.8894230962050987
diffusion_datasets/guided/1_fake/phqxvaxgfc.png,guided,1,0.8750004053907781
diffusion_datasets/guided/1_fake/eecrzmaxjv.png,guided,1,0.02644270499393775
diffusion_datasets/guided/1_fake/auannvrmrm.png,guided,1,0.8143610076099729
diffusion_datasets/guided/1_fake/qvxgfrmtjl.png,guided,1,0.9700988173541523
diffusion_datasets/guided/1_fake/wxmydpmpup.png,guided,1,0.27347182282707505
diffusion_datasets/guided/1_fake/owymrcrmoo.png,guided,1,0.09224800708828229
diffusion_datasets/guided/1_fake/gwwprxqtre.png,guided,1,0.7671873972268296
diffusion_datasets/guided/1_fake/izmzwnwzxb.png,guided,1,0.9999777345386817
diffusion_datasets/guided/1_fake/mbtqfbwlry.png,guided,1,0.21222716372567973
diffusion_datasets/guided/1_fake/bfczagsxfw.png,guided,1,0.0004526396211788634
diffusion_datasets/guided/1_fake/fpjptmloys.png,guided,1,0.00013115843767157195
diffusion_datasets/guided/1_fake/rsekavebcp.png,guided,1,0.001065707553524387
diffusion_datasets/guided/1_fake/wsbyyiugsn.png,guided,1,0.4181755330781408
diffusion_datasets/guided/1_fake/aynkpajrmy.png,guided,1,0.29138201018440735
diffusion_datasets/guided/1_fake/hhmqvefsdm.png,guided,1,0.9933503710348219
diffusion_datasets/guided/1_fake/ypdjyjlopx.png,guided,1,0.4929937401989775
diffusion_datasets/guided/1_fake/ranqpkoerl.png,guided,1,0.04273608803074085
diffusion_datasets/guided/1_fake/olecerouzv.png,guided,1,0.014121780186949111
diffusion_datasets/guided/1_fake/xmppkkdynh.png,guided,1,0.011494276300948127
diffusion_datasets/guided/1_fake/csvtttfwut.png,guided,1,0.9942335925970401
diffusion_datasets/guided/1_fake/owbarkgfyc.png,guided,1,0.9524263290169696
diffusion_datasets/guided/1_fake/fuqmkbouip.png,guided,1,0.47331585108864943
diffusion_datasets/guided/1_fake/jpkbhfmhql.png,guided,1,0.10803961680661216
diffusion_datasets/guided/1_fake/txviitvyvk.png,guided,1,0.37468867748138135
diffusion_datasets/guided/1_fake/mgeezotzdw.png,guided,1,0.0010488803255237203
diffusion_datasets/guided/1_fake/cubsnkbrrm.png,guided,1,0.157449540724347
diffusion_datasets/guided/1_fake/pxefeippis.png,guided,1,0.5064476464526627
diffusion_datasets/guided/1_fake/edqamoutbf.png,guided,1,0.9302103903920961
diffusion_datasets/guided/1_fake/yfxdzkbfpk.png,guided,1,0.0009378310395200404
diffusion_datasets/guided/1_fake/dimuqznulw.png,guided,1,0.7843550232701311
diffusion_datasets/guided/1_fake/psvhorutyv.png,guided,1,0.009707680867729942
diffusion_datasets/guided/1_fake/albdpubxka.png,guided,1,0.4741082929770112
diffusion_datasets/guided/1_fake/oulguvnvpq.png,guided,1,0.615343001428703
diffusion_datasets/guided/1_fake/fnqlfrabai.png,guided,1,0.21662901341540225
diffusion_datasets/guided/1_fake/osigoexsbv.png,guided,1,0.001965063280059166
diffusion_datasets/guided/1_fake/dncoarxujc.png,guided,1,0.5511060625200079
diffusion_datasets/guided/1_fake/joshvzhgck.png,guided,1,0.5972476087275983
diffusion_datasets/guided/1_fake/wnjjxqinho.png,guided,1,0.7478262874934793
diffusion_datasets/guided/1_fake/nytqcbcfth.png,guided,1,0.9775710121305237
diffusion_datasets/guided/1_fake/iqruwytkxd.png,guided,1,4.089056503365469e-06
diffusion_datasets/guided/1_fake/toteczliil.png,guided,1,0.6886632359117558
diffusion_datasets/guided/1_fake/mobwrxioai.png,guided,1,0.9522927623652445
diffusion_datasets/guided/1_fake/dsxuevcdxk.png,guided,1,0.04256698556080418
diffusion_datasets/guided/1_fake/hxfciehznr.png,guided,1,0.972981925113204
diffusion_datasets/guided/1_fake/blaonzaskp.png,guided,1,0.09716877680632968
diffusion_datasets/guided/1_fake/bicflvshvw.png,guided,1,0.37186557055557523
diffusion_datasets/guided/1_fake/temvvnfwvq.png,guided,1,0.002792000079880817
diffusion_datasets/guided/1_fake/isrzfmrbjo.png,guided,1,0.9763759322318781
diffusion_datasets/guided/1_fake/wpptcqobpu.png,guided,1,0.2293341688828511
diffusion_datasets/guided/1_fake/vrffpjmuir.png,guided,1,0.13350150150993897
diffusion_datasets/guided/1_fake/vcsznknzhw.png,guided,1,0.9011870526252375
diffusion_datasets/guided/1_fake/mfzrfiyjrf.png,guided,1,0.09390686719542514
diffusion_datasets/guided/1_fake/sndlxnwwey.png,guided,1,0.011438748800377428
diffusion_datasets/guided/1_fake/uyrgewsxvy.png,guided,1,0.9982879472317812
diffusion_datasets/guided/1_fake/odhzcmznnr.png,guided,1,0.007792268045819801
diffusion_datasets/guided/1_fake/czkhjnfjgr.png,guided,1,0.9080714683910996
diffusion_datasets/guided/1_fake/splerbaidx.png,guided,1,0.8665414831839547
diffusion_datasets/guided/1_fake/yaaqlxnzhi.png,guided,1,0.18198060690350343
diffusion_datasets/guided/1_fake/kszghluqlw.png,guided,1,0.31035929811308677
diffusion_datasets/guided/1_fake/aakydlwfer.png,guided,1,0.7381441984125592
diffusion_datasets/guided/1_fake/vwrsjumkmz.png,guided,1,0.11429058569554598
diffusion_datasets/guided/1_fake/stnicrfcsk.png,guided,1,0.0007195617360536243
diffusion_datasets/guided/1_fake/niehixqsig.png,guided,1,0.43082521790788203
diffusion_datasets/guided/1_fake/wqvahtytps.png,guided,1,0.0010690967250243431
diffusion_datasets/guided/1_fake/fegqolkrls.png,guided,1,0.0010295708679828068
diffusion_datasets/guided/1_fake/bbmeviacjm.png,guided,1,0.7789296502492007
diffusion_datasets/guided/1_fake/hgcafbxres.png,guided,1,0.92146780482105
diffusion_datasets/guided/1_fake/spuypppvyh.png,guided,1,0.9982733400878948
diffusion_datasets/guided/1_fake/htqmkwgkwb.png,guided,1,0.008173713205210856
diffusion_datasets/guided/1_fake/jqnuoffbtb.png,guided,1,0.9858720909531675
diffusion_datasets/guided/1_fake/rpwhvvwxag.png,guided,1,0.01679001645725927
diffusion_datasets/guided/1_fake/uwzfugbfno.png,guided,1,0.6672647028438022
diffusion_datasets/guided/1_fake/sswokizojd.png,guided,1,0.3185021142857909
diffusion_datasets/guided/1_fake/nuhcuxjnpx.png,guided,1,0.9564029251508923
diffusion_datasets/guided/1_fake/ftobdflmuz.png,guided,1,0.38152560351414694
diffusion_datasets/guided/1_fake/tuptxvyplv.png,guided,1,0.360591110173203
diffusion_datasets/guided/1_fake/htpewtqebr.png,guided,1,0.9858372174461644
diffusion_datasets/guided/1_fake/kkxuptmzof.png,guided,1,0.8885090184283351
diffusion_datasets/guided/1_fake/echehlitmr.png,guided,1,0.5288295338894676
diffusion_datasets/guided/1_fake/gtidkpfxcc.png,guided,1,0.979844358661004
diffusion_datasets/guided/1_fake/ycojahdoqs.png,guided,1,0.4038760258304587
diffusion_datasets/guided/1_fake/attqnlwqgz.png,guided,1,0.9329061805590816
diffusion_datasets/guided/1_fake/ztytemyoxv.png,guided,1,0.10941559220762791
diffusion_datasets/guided/1_fake/pcwvbmjrea.png,guided,1,0.9991299354123724
diffusion_datasets/guided/1_fake/hzsujxzlcn.png,guided,1,0.017629894946317847
diffusion_datasets/guided/1_fake/kxwkjgbtdq.png,guided,1,0.9994446663208556
diffusion_datasets/guided/1_fake/mqbzprykrc.png,guided,1,0.49402853447239464
diffusion_datasets/guided/1_fake/wekyyrslyw.png,guided,1,0.8486546241015065
diffusion_datasets/guided/1_fake/sxbfuikltb.png,guided,1,0.04791761662531708
diffusion_datasets/guided/1_fake/hajmuavfdr.png,guided,1,0.046616323162438786
diffusion_datasets/guided/1_fake/qaafihkbbk.png,guided,1,0.7646653830838508
diffusion_datasets/guided/1_fake/hzfxwrmqch.png,guided,1,0.2552166676987413
diffusion_datasets/guided/1_fake/ftojusbwcq.png,guided,1,0.035458407283289306
diffusion_datasets/guided/1_fake/vsocilgayn.png,guided,1,0.9865754253718408
diffusion_datasets/guided/1_fake/npgjxoaxcz.png,guided,1,0.2133450027698851
diffusion_datasets/guided/1_fake/ikesdclcne.png,guided,1,0.9854004587359944
diffusion_datasets/guided/1_fake/ovjpkblzon.png,guided,1,0.2513844250666777
diffusion_datasets/guided/1_fake/rzkutenljp.png,guided,1,0.20703306683785141
diffusion_datasets/guided/1_fake/cubclpdlyb.png,guided,1,0.36666094367123886
diffusion_datasets/guided/1_fake/smmiazxocc.png,guided,1,0.14195107685495925
diffusion_datasets/guided/1_fake/kqmbpossfq.png,guided,1,0.0672828380317483
diffusion_datasets/guided/1_fake/yhwhnweccm.png,guided,1,0.5130543096808873
diffusion_datasets/guided/1_fake/ogjsxmnkxw.png,guided,1,0.21313438480763275
diffusion_datasets/guided/1_fake/xaetznfnpu.png,guided,1,0.19316538249276866
diffusion_datasets/guided/1_fake/olxtdigiux.png,guided,1,0.10576806313213184
diffusion_datasets/guided/1_fake/bvbspxdfxz.png,guided,1,0.0013128478010750331
diffusion_datasets/guided/1_fake/vwsjebonhl.png,guided,1,0.305410258187985
diffusion_datasets/guided/1_fake/tvdnjojlmh.png,guided,1,0.9986146448431139
diffusion_datasets/guided/1_fake/abzfomfxjd.png,guided,1,0.0014017080766585812
diffusion_datasets/guided/1_fake/cqxwvqbknx.png,guided,1,0.5467083178234463
diffusion_datasets/guided/1_fake/xhhbffrquk.png,guided,1,0.9814576247316759
diffusion_datasets/guided/1_fake/ccbrpvitlb.png,guided,1,0.9389522133269042
diffusion_datasets/guided/1_fake/mykongsfgc.png,guided,1,0.09947937302541934
diffusion_datasets/guided/1_fake/ybihqfczqf.png,guided,1,0.5342506935444749
diffusion_datasets/guided/1_fake/obmkmjnvet.png,guided,1,0.5442512411216263
diffusion_datasets/guided/1_fake/crqwxhlcfy.png,guided,1,0.1331805061826587
diffusion_datasets/guided/1_fake/vmrobijbmc.png,guided,1,0.0314223213388856
diffusion_datasets/guided/1_fake/mcsihazpje.png,guided,1,0.9990138864199153
diffusion_datasets/guided/1_fake/lsmostdlua.png,guided,1,0.9815828506222674
diffusion_datasets/guided/1_fake/qejahcqthz.png,guided,1,0.717119441405551
diffusion_datasets/guided/1_fake/wmgazqjjux.png,guided,1,0.13663798090498294
diffusion_datasets/guided/1_fake/oovxyyombs.png,guided,1,0.058304021939482746
diffusion_datasets/guided/1_fake/qgdbbafuhn.png,guided,1,0.4004928374919686
diffusion_datasets/guided/1_fake/jjplgayvlc.png,guided,1,0.16589046454426856
diffusion_datasets/guided/1_fake/xfhgbduucl.png,guided,1,0.043834084210909945
diffusion_datasets/guided/1_fake/vlwnndwtuh.png,guided,1,0.0015539995759065296
diffusion_datasets/guided/1_fake/dtvfjwtgbk.png,guided,1,0.26356096432550935
diffusion_datasets/guided/1_fake/rxrwofckks.png,guided,1,0.9576678654201821
diffusion_datasets/guided/1_fake/xdpqtpwyiz.png,guided,1,0.00513975565275339
diffusion_datasets/guided/1_fake/iojhamvzyv.png,guided,1,0.28717129694983046
diffusion_datasets/guided/1_fake/vsivgpmche.png,guided,1,0.9919629110079129
diffusion_datasets/guided/1_fake/lxdnodpvuz.png,guided,1,0.95459786164662
diffusion_datasets/guided/1_fake/jezexlfhiq.png,guided,1,0.20986210104223393
diffusion_datasets/guided/1_fake/utfokfmmbf.png,guided,1,0.014441286445108989
diffusion_datasets/guided/1_fake/ilaptngbkl.png,guided,1,0.021111312778687392
diffusion_datasets/guided/1_fake/tvhyjyjvbi.png,guided,1,0.8551163152536637
diffusion_datasets/guided/1_fake/ivswfntzwh.png,guided,1,0.33522198336028863
diffusion_datasets/guided/1_fake/mszjipjvvf.png,guided,1,0.9888875850889486
diffusion_datasets/guided/1_fake/osrdcrocjh.png,guided,1,0.9309362215861372
diffusion_datasets/guided/1_fake/pirwlvliku.png,guided,1,0.5250644755714198
diffusion_datasets/guided/1_fake/znxaufdjpv.png,guided,1,0.43324329809166034
diffusion_datasets/guided/1_fake/gnjefwyemy.png,guided,1,0.9171707185078121
diffusion_datasets/guided/1_fake/tptqwsoovh.png,guided,1,0.0010711940186911148
diffusion_datasets/guided/1_fake/qvldneoiwj.png,guided,1,0.7390610226780228
diffusion_datasets/guided/1_fake/mhaimbeqgl.png,guided,1,0.24224247747597485
diffusion_datasets/guided/1_fake/ftmhbluvwz.png,guided,1,0.20580964375190336
diffusion_datasets/guided/1_fake/oertmmpfuq.png,guided,1,0.6107423442699642
diffusion_datasets/guided/1_fake/cyencgbdne.png,guided,1,0.8511435349005823
diffusion_datasets/guided/1_fake/dbifuulczh.png,guided,1,0.5138659845299648
diffusion_datasets/guided/1_fake/apdgetedbs.png,guided,1,0.0010850175648959455
diffusion_datasets/guided/1_fake/yfbwcnyvch.png,guided,1,0.0020104848445414683
diffusion_datasets/guided/1_fake/viwuulrpyk.png,guided,1,0.9982186925850759
diffusion_datasets/guided/1_fake/effiwpkvcy.png,guided,1,0.02790827569906381
diffusion_datasets/guided/1_fake/fneghrqtsf.png,guided,1,0.3613520728098472
diffusion_datasets/guided/1_fake/jvfamsvrme.png,guided,1,0.016203580248233474
diffusion_datasets/guided/1_fake/xmyblzhwwh.png,guided,1,0.9981198180246804
diffusion_datasets/guided/1_fake/eqtzpzsbnp.png,guided,1,0.0027679424880024655
diffusion_datasets/guided/1_fake/hnzpgeledt.png,guided,1,0.0005325361912682716
diffusion_datasets/guided/1_fake/plszaygqda.png,guided,1,0.8152309508469435
diffusion_datasets/imagenet/0_real/kqhrtvmeux.JPEG,imagenet,0,0.17564496262543558
diffusion_datasets/imagenet/0_real/kqmbpossfq.JPEG,imagenet,0,0.0004744300818355964
diffusion_datasets/imagenet/0_real/gacytxnrbg.JPEG,imagenet,0,0.3086736229585392
diffusion_datasets/imagenet/0_real/vblsrmonrr.JPEG,imagenet,0,0.004337741568051787
diffusion_datasets/imagenet/0_real/qofcjlhwbv.JPEG,imagenet,0,0.0005082857224498524
diffusion_datasets/imagenet/0_real/khmsldutff.JPEG,imagenet,0,1.9681634637969896e-05
diffusion_datasets/imagenet/0_real/djumibnmaq.JPEG,imagenet,0,0.15279382635416128
diffusion_datasets/imagenet/0_real/lkwvbsljma.JPEG,imagenet,0,0.07352189291504617
diffusion_datasets/imagenet/0_real/sinwhncecv.JPEG,imagenet,0,0.000816566058097909
diffusion_datasets/imagenet/0_real/eowkckioii.JPEG,imagenet,0,0.07555861543926312
diffusion_datasets/imagenet/0_real/segiubdggo.JPEG,imagenet,0,0.010348063801671225
diffusion_datasets/imagenet/0_real/gqpoiykvcs.JPEG,imagenet,0,0.0652630619115209
diffusion_datasets/imagenet/0_real/aqfnjpltvb.JPEG,imagenet,0,0.0022039824178988077
diffusion_datasets/imagenet/0_real/clnogwmxno.JPEG,imagenet,0,0.0016052019738608317
diffusion_datasets/imagenet/0_real/lttnaabznd.JPEG,imagenet,0,0.9136636303022532
diffusion_datasets/imagenet/0_real/eelzocmtws.JPEG,imagenet,0,1.0962441869599081e-05
diffusion_datasets/imagenet/0_real/jsytpmwrvb.JPEG,imagenet,0,0.0005874423457620508
diffusion_datasets/imagenet/0_real/envczpiyds.JPEG,imagenet,0,0.9792505990862302
diffusion_datasets/imagenet/0_real/bqmyueubdu.JPEG,imagenet,0,0.039523313673916954
diffusion_datasets/imagenet/0_real/hwfugtliat.JPEG,imagenet,0,0.4446865867639422
diffusion_datasets/imagenet/0_real/iibymqusjk.JPEG,imagenet,0,0.18073772546267816
diffusion_datasets/imagenet/0_real/hnihvkmnje.JPEG,imagenet,0,0.0032487014923084975
diffusion_datasets/imagenet/0_real/jhcbtfuziq.JPEG,imagenet,0,0.0021456253918811464
diffusion_datasets/imagenet/0_real/ffduxyansq.JPEG,imagenet,0,0.000979884065318142
diffusion_datasets/imagenet/0_real/qyjvmgdrmq.JPEG,imagenet,0,0.012755433701309844
diffusion_datasets/imagenet/0_real/tinlvxgqxw.JPEG,imagenet,0,0.014208507365114928
diffusion_datasets/imagenet/0_real/niehixqsig.JPEG,imagenet,0,0.0057939023617329275
diffusion_datasets/imagenet/0_real/gayjhkcdkw.JPEG,imagenet,0,5.7108313811218774e-05
diffusion_datasets/imagenet/0_real/ahbiztymlj.JPEG,imagenet,0,0.0020283841590365346
diffusion_datasets/imagenet/0_real/bcdxmvfonp.JPEG,imagenet,0,0.0001158523718469019
diffusion_datasets/imagenet/0_real/myypljgqkg.JPEG,imagenet,0,2.4986359541180568e-05
diffusion_datasets/imagenet/0_real/lmbvfedfye.JPEG,imagenet,0,0.0001852261708135753
diffusion_datasets/imagenet/0_real/npgjxoaxcz.JPEG,imagenet,0,8.969444356907077e-05
diffusion_datasets/imagenet/0_real/wnjjxqinho.JPEG,imagenet,0,0.00012217611445726551
diffusion_datasets/imagenet/0_real/sneggiimdk.JPEG,imagenet,0,0.23139702262667428
diffusion_datasets/imagenet/0_real/tgihtkfpyi.JPEG,imagenet,0,0.0014988413698500509
diffusion_datasets/imagenet/0_real/arfbiucpar.JPEG,imagenet,0,3.085553917642359e-06
diffusion_datasets/imagenet/0_real/wrmxjiicmz.JPEG,imagenet,0,0.00013823844624047944
diffusion_datasets/imagenet/0_real/tvhyjyjvbi.JPEG,imagenet,0,0.04866651386757515
diffusion_datasets/imagenet/0_real/kpmxquicco.JPEG,imagenet,0,0.011016632581495501
diffusion_datasets/imagenet/0_real/nvsdiqcxdc.JPEG,imagenet,0,0.10199824224047972
diffusion_datasets/imagenet/0_real/wfyfdsoqjb.JPEG,imagenet,0,0.012690509596523427
diffusion_datasets/imagenet/0_real/ftojusbwcq.JPEG,imagenet,0,0.02783097301142582
diffusion_datasets/imagenet/0_real/wqvahtytps.JPEG,imagenet,0,0.48496406037623063
diffusion_datasets/imagenet/0_real/crqwxhlcfy.JPEG,imagenet,0,0.26752088818670994
diffusion_datasets/imagenet/0_real/fzmzemtxkr.JPEG,imagenet,0,2.7419515942086485e-05
diffusion_datasets/imagenet/0_real/viwuulrpyk.JPEG,imagenet,0,0.11027367260730409
diffusion_datasets/imagenet/0_real/uxbuickkha.JPEG,imagenet,0,0.0020640844829220824
diffusion_datasets/imagenet/0_real/yeysnhxrmp.JPEG,imagenet,0,0.0009984092371830397
diffusion_datasets/imagenet/0_real/oegsdqwgax.JPEG,imagenet,0,0.008308963280277049
diffusion_datasets/imagenet/0_real/dexbjiwpmb.JPEG,imagenet,0,0.015547584986156188
diffusion_datasets/imagenet/0_real/lnavxqqxfa.JPEG,imagenet,0,0.03662304165693394
diffusion_datasets/imagenet/0_real/psosqfwlqc.JPEG,imagenet,0,0.00935634799108506
diffusion_datasets/imagenet/0_real/yzkphttipt.JPEG,imagenet,0,0.0033259243809762523
diffusion_datasets/imagenet/0_real/qvxgfrmtjl.JPEG,imagenet,0,0.014818293239047547
diffusion_datasets/imagenet/0_real/xmppkkdynh.JPEG,imagenet,0,0.053696977540786686
diffusion_datasets/imagenet/0_real/vtswogmbhi.JPEG,imagenet,0,0.133259297795518
diffusion_datasets/imagenet/0_real/lavlfbgnkn.JPEG,imagenet,0,0.0539337644098633
diffusion_datasets/imagenet/0_real/ftmhbluvwz.JPEG,imagenet,0,0.12810846096852563
diffusion_datasets/imagenet/0_real/oqargxuywp.JPEG,imagenet,0,0.0003428041107854264
diffusion_datasets/imagenet/0_real/krqkilakxw.JPEG,imagenet,0,0.0004155437348036869
diffusion_datasets/imagenet/0_real/gcenmxpfnz.JPEG,imagenet,0,0.05735092871878754
diffusion_datasets/imagenet/0_real/nmgqcqjyhs.JPEG,imagenet,0,0.00032934582951864094
diffusion_datasets/imagenet/0_real/yytnnkmkun.JPEG,imagenet,0,0.15230017232099521
diffusion_datasets/imagenet/0_real/bsoomuiluf.JPEG,imagenet,0,0.004696984073317186
diffusion_datasets/imagenet/0_real/fgizsruyxb.JPEG,imagenet,0,0.08469080722991762
diffusion_datasets/imagenet/0_real/orgateeurw.JPEG,imagenet,0,8.11838939620681e-05
diffusion_datasets/imagenet/0_real/iqiospmdok.JPEG,imagenet,0,0.00037270712630518735
diffusion_datasets/imagenet/0_real/yptdaozbuw.JPEG,imagenet,0,0.00015310132086389077
diffusion_datasets/imagenet/0_real/zdqmadvhbl.JPEG,imagenet,0,0.037016663821874886
diffusion_datasets/imagenet/0_real/dtoeuxdocm.JPEG,imagenet,0,0.008720880194019745
diffusion_datasets/imagenet/0_real/tuptxvyplv.JPEG,imagenet,0,0.12346205472037958
diffusion_datasets/imagenet/0_real/rsiiuivgsv.JPEG,imagenet,0,5.8090242203747185e-05
diffusion_datasets/imagenet/0_real/msujwlrujo.JPEG,imagenet,0,7.24989183912199e-05
diffusion_datasets/imagenet/0_real/rlzfziqqrd.JPEG,imagenet,0,0.028117510395836154
diffusion_datasets/imagenet/0_real/oovxyyombs.JPEG,imagenet,0,3.149847233487038e-05
diffusion_datasets/imagenet/0_real/usipjcyjoy.JPEG,imagenet,0,4.0893451782602685e-05
diffusion_datasets/imagenet/0_real/wynbrdoyde.JPEG,imagenet,0,0.00022346400306654093
diffusion_datasets/imagenet/0_real/marjmzmnja.JPEG,imagenet,0,0.29924096327095034
diffusion_datasets/imagenet/0_real/otvbonovtr.JPEG,imagenet,0,0.0007223265282290699
diffusion_datasets/imagenet/0_real/bvbspxdfxz.JPEG,imagenet,0,0.02178316432676141
diffusion_datasets/imagenet/0_real/annkzxvqsz.JPEG,imagenet,0,0.0033720552695317295
diffusion_datasets/imagenet/0_real/yqqmbglayb.JPEG,imagenet,0,0.003168153603743522
diffusion_datasets/imagenet/0_real/drnfeijjlp.JPEG,imagenet,0,0.0037455300100123867
diffusion_datasets/imagenet/0_real/qyaknxvzwp.JPEG,imagenet,0,4.870979840044511e-06
diffusion_datasets/imagenet/0_real/gzmbdszeyt.JPEG,imagenet,0,0.723310908141725
diffusion_datasets/imagenet/0_real/ofgvdkgdnd.JPEG,imagenet,0,3.020406670537107e-05
diffusion_datasets/imagenet/0_real/lcaexbqxar.JPEG,imagenet,0,0.0009176130162767307
diffusion_datasets/imagenet/0_real/rxrwofckks.JPEG,imagenet,0,0.0011689994400344826
diffusion_datasets/imagenet/0_real/gkbjdvwiuz.JPEG,imagenet,0,0.001496010337075347
diffusion_datasets/imagenet/0_real/fksurkvzeg.JPEG,imagenet,0,0.0042195444225426966
diffusion_datasets/imagenet/0_real/rlarzjlvnd.JPEG,imagenet,0,0.0004748763642268676
diffusion_datasets/imagenet/0_real/sjigynomsm.JPEG,imagenet,0,0.03911091253461128
diffusion_datasets/imagenet/0_real/xdudczawtx.JPEG,imagenet,0,0.0007668907219215779
diffusion_datasets/imagenet/0_real/xbgkvftfss.JPEG,imagenet,0,0.000789360725355577
diffusion_datasets/imagenet/0_real/whqsatsqum.JPEG,imagenet,0,0.004218287773895593
diffusion_datasets/imagenet/0_real/qlqolbjcgb.JPEG,imagenet,0,0.0006245591097473586
diffusion_datasets/imagenet/0_real/llmwutwhbl.JPEG,imagenet,0,0.00017151254678537717
diffusion_datasets/imagenet/0_real/sqtxlhaqbh.JPEG,imagenet,0,0.0009623067745116572
diffusion_datasets/imagenet/0_real/dexhjtncni.JPEG,imagenet,0,0.01111558065092709
diffusion_datasets/imagenet/0_real/pcvfvfsxek.JPEG,imagenet,0,0.36812848672676585
diffusion_datasets/imagenet/0_real/mykongsfgc.JPEG,imagenet,0,0.17571723238495646
diffusion_datasets/imagenet/0_real/qngsmynlht.JPEG,imagenet,0,0.00023296116062752762
diffusion_datasets/imagenet/0_real/qjrpujocxn.JPEG,imagenet,0,0.5656252133966497
diffusion_datasets/imagenet/0_real/pepkgtkonx.JPEG,imagenet,0,0.24945516504478243
diffusion_datasets/imagenet/0_real/rdtvftkyww.JPEG,imagenet,0,0.02450143401569896
diffusion_datasets/imagenet/0_real/hcnhiyscgm.JPEG,imagenet,0,0.16182443005465513
diffusion_datasets/imagenet/0_real/vrffpjmuir.JPEG,imagenet,0,0.017550288373043815
diffusion_datasets/imagenet/0_real/qhnjseyjbw.JPEG,imagenet,0,1.0636829079454191e-05
diffusion_datasets/imagenet/0_real/ondtlaugas.JPEG,imagenet,0,0.0013273556516283727
diffusion_datasets/imagenet/0_real/ugrxyyeknx.JPEG,imagenet,0,0.00550408099665711
diffusion_datasets/imagenet/0_real/zzrnxnjzyx.JPEG,imagenet,0,1.5758000049646763e-05
diffusion_datasets/imagenet/0_real/leadpebgwn.JPEG,imagenet,0,0.0011486881140211234
diffusion_datasets/imagenet/0_real/mltvjsqnjm.JPEG,imagenet,0,3.5701785730102654e-05
diffusion_datasets/imagenet/0_real/wdxoxbbogy.JPEG,imagenet,0,0.0010071657822066584
diffusion_datasets/imagenet/0_real/ixykpgtooh.JPEG,imagenet,0,0.03324805964636211
diffusion_datasets/imagenet/0_real/sltdkynkrd.JPEG,imagenet,0,0.0009169733764567692
diffusion_datasets/imagenet/0_real/pirwlvliku.JPEG,imagenet,0,0.005888790024114886
diffusion_datasets/imagenet/0_real/xnesojheqr.JPEG,imagenet,0,0.0021148219176120114
diffusion_datasets/imagenet/0_real/onojezltok.JPEG,imagenet,0,0.0015831027669784938
diffusion_datasets/imagenet/0_real/cubsnkbrrm.JPEG,imagenet,0,0.00019890605956408947
diffusion_datasets/imagenet/0_real/gudshwhvvv.JPEG,imagenet,0,0.0034184532227894767
diffusion_datasets/imagenet/0_real/touiowfclv.JPEG,imagenet,0,2.82403415548207e-05
diffusion_datasets/imagenet/0_real/fjjzjquuqt.JPEG,imagenet,0,0.011297920067341852
diffusion_datasets/imagenet/0_real/jnifdomopt.JPEG,imagenet,0,0.011418517368406043
diffusion_datasets/imagenet/0_real/hnfbzeaoqb.JPEG,imagenet,0,0.005129314533651569
diffusion_datasets/imagenet/0_real/snkshpixle.JPEG,imagenet,0,3.788104948136458e-05
diffusion_datasets/imagenet/0_real/cvohxivzjd.JPEG,imagenet,0,0.0008234510031947886
diffusion_datasets/imagenet/0_real/cpyrataump.JPEG,imagenet,0,0.06706044770096141
diffusion_datasets/imagenet/0_real/uzslfnchhd.JPEG,imagenet,0,6.202620705240401e-05
diffusion_datasets/imagenet/0_real/aynkpajrmy.JPEG,imagenet,0,0.028846554967691233
diffusion_datasets/imagenet/0_real/cubclpdlyb.JPEG,imagenet,0,0.002131529555947163
diffusion_datasets/imagenet/0_real/uvweqxeurs.JPEG,imagenet,0,0.1860426609524662
diffusion_datasets/imagenet/0_real/wpptcqobpu.JPEG,imagenet,0,0.1994381967536745
diffusion_datasets/imagenet/0_real/qgxnqynxwh.JPEG,imagenet,0,0.00024211934350113073
diffusion_datasets/imagenet/0_real/arnnhazyia.JPEG,imagenet,0,0.0001579076696487876
diffusion_datasets/imagenet/0_real/sxbfuikltb.JPEG,imagenet,0,0.04971193540822258
diffusion_datasets/imagenet/0_real/nypkpjmzri.JPEG,imagenet,0,0.26281792066772136
diffusion_datasets/imagenet/0_real/vwsjebonhl.JPEG,imagenet,0,0.0029771679033955604
diffusion_datasets/imagenet/0_real/mfmhhrlxuy.JPEG,imagenet,0,8.932108685498887e-05
diffusion_datasets/imagenet/0_real/yhxjifarjw.JPEG,imagenet,0,0.0015153016421846658
diffusion_datasets/imagenet/0_real/afwwethmvf.JPEG,imagenet,0,0.011976987832330055
diffusion_datasets/imagenet/0_real/bkyusgjzud.JPEG,imagenet,0,0.007232856069223492
diffusion_datasets/imagenet/0_real/hnzpgeledt.JPEG,imagenet,0,0.06222473495071836
diffusion_datasets/imagenet/0_real/uxbgzfafqm.JPEG,imagenet,0,0.00010777111482496153
diffusion_datasets/imagenet/0_real/bfczagsxfw.JPEG,imagenet,0,0.00016427745229564468
diffusion_datasets/imagenet/0_real/slrtleyncm.JPEG,imagenet,0,6.849608637042687e-05
diffusion_datasets/imagenet/0_real/llaiteusmv.JPEG,imagenet,0,0.8844442577288227
diffusion_datasets/imagenet/0_real/rzrzcujvqg.JPEG,imagenet,0,0.0024748339719725555
diffusion_datasets/imagenet/0_real/devyzpyxmr.JPEG,imagenet,0,0.04157605651488518
diffusion_datasets/imagenet/0_real/bxfbgvlfqu.JPEG,imagenet,0,0.00041168313767506984
diffusion_datasets/imagenet/0_real/pyydtwntke.JPEG,imagenet,0,3.160937892035314e-05
diffusion_datasets/imagenet/0_real/wdjkwiwroa.JPEG,imagenet,0,0.004666623954216686
diffusion_datasets/imagenet/0_real/gwfboomsuw.JPEG,imagenet,0,0.00044470926241835246
diffusion_datasets/imagenet/0_real/jhnbcswvmq.JPEG,imagenet,0,2.8320802796449634e-05
diffusion_datasets/imagenet/0_real/jecdlrpjba.JPEG,imagenet,0,0.0033631449489174266
diffusion_datasets/imagenet/0_real/stnicrfcsk.JPEG,imagenet,0,0.08648321967010517
diffusion_datasets/imagenet/0_real/czkhjnfjgr.JPEG,imagenet,0,0.09608061035417194
diffusion_datasets/imagenet/0_real/ilaptngbkl.JPEG,imagenet,0,4.4892015294247385e-05
diffusion_datasets/imagenet/0_real/kwqbkshqjn.JPEG,imagenet,0,0.004913940051901428
diffusion_datasets/imagenet/0_real/utfokfmmbf.JPEG,imagenet,0,0.08139739825852468
diffusion_datasets/imagenet/0_real/fvbwueqmmc.JPEG,imagenet,0,0.0010893488582211677
diffusion_datasets/imagenet/0_real/slmgcnpjiz.JPEG,imagenet,0,0.029484424781581812
diffusion_datasets/imagenet/0_real/ygqiosrden.JPEG,imagenet,0,0.023307602299202323
diffusion_datasets/imagenet/0_real/lxdnodpvuz.JPEG,imagenet,0,0.004612202176695979
diffusion_datasets/imagenet/0_real/fuahrcqbgk.JPEG,imagenet,0,0.016437524464833816
diffusion_datasets/imagenet/0_real/wedprdqjkr.JPEG,imagenet,0,4.0866809563615706e-06
diffusion_datasets/imagenet/0_real/smlabsrifo.JPEG,imagenet,0,2.295175172170056e-06
diffusion_datasets/imagenet/0_real/enrmnsxepz.JPEG,imagenet,0,0.016589766287092814
diffusion_datasets/imagenet/0_real/ybbbdeihcf.JPEG,imagenet,0,0.004589529837480349
diffusion_datasets/imagenet/0_real/asxtxajrfc.JPEG,imagenet,0,0.005615185882783204
diffusion_datasets/imagenet/0_real/eqndltlggi.JPEG,imagenet,0,0.22682373269036804
diffusion_datasets/imagenet/0_real/wotrziuyhj.JPEG,imagenet,0,0.007007242401037019
diffusion_datasets/imagenet/0_real/xnidvmnavp.JPEG,imagenet,0,0.09109177934447474
diffusion_datasets/imagenet/0_real/qpjsgmteke.JPEG,imagenet,0,0.04744776499171037
diffusion_datasets/imagenet/0_real/mfcceezfwn.JPEG,imagenet,0,0.0037941282401985003
diffusion_datasets/imagenet/0_real/bbdiioaqyn.JPEG,imagenet,0,0.1821916500018366
diffusion_datasets/imagenet/0_real/yvwtaordyd.JPEG,imagenet,0,1.6760160718663525e-05
diffusion_datasets/imagenet/0_real/dbmufhmuzs.JPEG,imagenet,0,0.014258184948772318
diffusion_datasets/imagenet/0_real/odyhbcgchi.JPEG,imagenet,0,0.010645184793538737
diffusion_datasets/imagenet/0_real/shkxdbeqpn.JPEG,imagenet,0,0.006870491341430322
diffusion_datasets/imagenet/0_real/xdpqtpwyiz.JPEG,imagenet,0,0.004260121219907012
diffusion_datasets/imagenet/0_real/vmlzuywhlr.JPEG,imagenet,0,0.20698875825044133
diffusion_datasets/imagenet/0_real/ivvevnakub.JPEG,imagenet,0,1.612724636832305e-05
diffusion_datasets/imagenet/0_real/hzsujxzlcn.JPEG,imagenet,0,2.914112520719098e-05
diffusion_datasets/imagenet/0_real/ybpiflwjwj.JPEG,imagenet,0,0.022366309264370412
diffusion_datasets/imagenet/0_real/sgnnltafbd.JPEG,imagenet,0,0.14331905320022362
diffusion_datasets/imagenet/0_real/fuqmkbouip.JPEG,imagenet,0,0.00031823124103656634
diffusion_datasets/imagenet/0_real/owavsapwhv.JPEG,imagenet,0,0.092464727869311
diffusion_datasets/imagenet/0_real/gliascthpi.JPEG,imagenet,0,0.02904116470211584
diffusion_datasets/imagenet/0_real/phqxvaxgfc.JPEG,imagenet,0,0.002851693094406487
diffusion_datasets/imagenet/0_real/owymrcrmoo.JPEG,imagenet,0,0.2747207483545907
diffusion_datasets/imagenet/0_real/qvizqxsbvw.JPEG,imagenet,0,3.559677021347358e-05
diffusion_datasets/imagenet/0_real/vthfgmonzr.JPEG,imagenet,0,0.002686199675345168
diffusion_datasets/imagenet/0_real/lmrswyanpv.JPEG,imagenet,0,3.6692669032330255e-05
diffusion_datasets/imagenet/0_real/fiejjmdcwg.JPEG,imagenet,0,0.36688386007887275
diffusion_datasets/imagenet/0_real/oqgbxaotgn.JPEG,imagenet,0,0.0002723944567533672
diffusion_datasets/imagenet/0_real/imcwvnqwdv.JPEG,imagenet,0,0.366737659777772
diffusion_datasets/imagenet/0_real/psvmrypqai.JPEG,imagenet,0,0.009264668272000818
diffusion_datasets/imagenet/0_real/okuolqaypa.JPEG,imagenet,0,0.19996945944684513
diffusion_datasets/imagenet/0_real/cbmykoukdb.JPEG,imagenet,0,0.006550789555647011
diffusion_datasets/imagenet/0_real/mzuykzukvb.JPEG,imagenet,0,0.003635985458165092
diffusion_datasets/imagenet/0_real/edqamoutbf.JPEG,imagenet,0,0.0009778197527689522
diffusion_datasets/imagenet/0_real/temvvnfwvq.JPEG,imagenet,0,0.0004975662113660185
diffusion_datasets/imagenet/0_real/vapzubzcvf.JPEG,imagenet,0,0.02383048891211259
diffusion_datasets/imagenet/0_real/dhepjncjkt.JPEG,imagenet,0,0.0553175313344068
diffusion_datasets/imagenet/0_real/lpvhehbmzv.JPEG,imagenet,0,0.8021968573451189
diffusion_datasets/imagenet/0_real/sbuowwvzjw.JPEG,imagenet,0,0.0823857572771477
diffusion_datasets/imagenet/0_real/eaesoxacae.JPEG,imagenet,0,0.0002905271440674121
diffusion_datasets/imagenet/0_real/wsbyyiugsn.JPEG,imagenet,0,0.0002533740839168476
diffusion_datasets/imagenet/0_real/vqrdytkinp.JPEG,imagenet,0,0.43101712186689844
diffusion_datasets/imagenet/0_real/lqrkxsvuvt.JPEG,imagenet,0,0.00014879518581760532
diffusion_datasets/imagenet/0_real/bwvinmojcw.JPEG,imagenet,0,0.0015929183855111194
diffusion_datasets/imagenet/0_real/zhkktdnkhl.JPEG,imagenet,0,0.0039073542122594436
diffusion_datasets/imagenet/0_real/fegqolkrls.JPEG,imagenet,0,0.46922542742285017
diffusion_datasets/imagenet/0_real/jykjuscrhb.JPEG,imagenet,0,0.045073247778848774
diffusion_datasets/imagenet/0_real/iwbpqeobxw.JPEG,imagenet,0,2.4651298915273733e-05
diffusion_datasets/imagenet/0_real/ijeyjgrtgr.JPEG,imagenet,0,0.1250152927333096
diffusion_datasets/imagenet/0_real/hsvrfsodig.JPEG,imagenet,0,0.0745427766466111
diffusion_datasets/imagenet/0_real/mgeezotzdw.JPEG,imagenet,0,0.0010276883579299998
diffusion_datasets/imagenet/0_real/dhjedfczru.JPEG,imagenet,0,0.0023364090661038813
diffusion_datasets/imagenet/0_real/kgmqyotoqo.JPEG,imagenet,0,0.09669715208375822
diffusion_datasets/imagenet/0_real/zwkapmobkx.JPEG,imagenet,0,8.982991389981088e-06
diffusion_datasets/imagenet/0_real/jhnzthaool.JPEG,imagenet,0,0.0014819194139494972
diffusion_datasets/imagenet/0_real/pwhjtzqmis.JPEG,imagenet,0,0.039208473442494875
diffusion_datasets/imagenet/0_real/jcbooxfwcy.JPEG,imagenet,0,9.445495462818234e-05
diffusion_datasets/imagenet/0_real/zzrybysskm.JPEG,imagenet,0,4.6622073289010485e-07
diffusion_datasets/imagenet/0_real/hpmppyffov.JPEG,imagenet,0,0.019833467580436373
diffusion_datasets/imagenet/0_real/fneghrqtsf.JPEG,imagenet,0,0.09225327827049426
diffusion_datasets/imagenet/0_real/iqijagswok.JPEG,imagenet,0,0.0015070884716719304
diffusion_datasets/imagenet/0_real/aieykhstre.JPEG,imagenet,0,0.0024169441116131457
diffusion_datasets/imagenet/0_real/fihznganle.JPEG,imagenet,0,5.221200977087833e-06
diffusion_datasets/imagenet/0_real/jxacexpmcn.JPEG,imagenet,0,0.005225886767038581
diffusion_datasets/imagenet/0_real/gtjyzhcqoi.JPEG,imagenet,0,0.002450580832342083
diffusion_datasets/imagenet/0_real/pfvgbusewt.JPEG,imagenet,0,0.03881986944825699
diffusion_datasets/imagenet/0_real/onkjvikzsj.JPEG,imagenet,0,0.0006067103350275522
diffusion_datasets/imagenet/0_real/kkqnltzvmr.JPEG,imagenet,0,0.0016087042981415883
diffusion_datasets/imagenet/0_real/cyencgbdne.JPEG,imagenet,0,0.00010802189244733415
diffusion_datasets/imagenet/0_real/qdnqcoyzar.JPEG,imagenet,0,0.0017121207623360093
diffusion_datasets/imagenet/0_real/ppufoaihkk.JPEG,imagenet,0,0.8791467427769228
diffusion_datasets/imagenet/0_real/jirfxpsjiz.JPEG,imagenet,0,0.3504662119250784
diffusion_datasets/imagenet/0_real/utlevcsfzc.JPEG,imagenet,0,5.848358970292639e-05
diffusion_datasets/imagenet/0_real/fmlqvsmgwg.JPEG,imagenet,0,0.1889786705721689
diffusion_datasets/imagenet/0_real/guljtnkdnj.JPEG,imagenet,0,0.6290422795459819
diffusion_datasets/imagenet/0_real/ouirlfwsyx.JPEG,imagenet,0,0.0002883600973475548
diffusion_datasets/imagenet/0_real/ybihqfczqf.JPEG,imagenet,0,0.0003090506543009902
diffusion_datasets/imagenet/0_real/surgjkswmj.JPEG,imagenet,0,0.3558862471013188
diffusion_datasets/imagenet/0_real/jqcakwrejy.JPEG,imagenet,0,0.00034802287343171185
diffusion_datasets/imagenet/0_real/vispixnoqk.JPEG,imagenet,0,0.8428906580168686
diffusion_datasets/imagenet/0_real/yfnrrhachx.JPEG,imagenet,0,0.0014978386032368067
diffusion_datasets/imagenet/0_real/vftoepxxkj.JPEG,imagenet,0,0.0005011939136248567
diffusion_datasets/imagenet/0_real/wgmfkffpbs.JPEG,imagenet,0,0.9331858489165423
diffusion_datasets/imagenet/0_real/jhcimomcij.JPEG,imagenet,0,5.935206607938339e-05
diffusion_datasets/imagenet/0_real/vvdfxbwxxd.JPEG,imagenet,0,6.561845071654774e-05
diffusion_datasets/imagenet/0_real/aesvfgnjye.JPEG,imagenet,0,0.00027341870510609394
diffusion_datasets/imagenet/0_real/vmouwpueqp.JPEG,imagenet,0,0.07527812203443271
diffusion_datasets/imagenet/0_real/imkvcjrnck.JPEG,imagenet,0,0.7157445729069265
diffusion_datasets/imagenet/0_real/ynescstwdk.JPEG,imagenet,0,0.001872936232212738
diffusion_datasets/imagenet/0_real/lzletadhdl.JPEG,imagenet,0,0.009343194742195008
diffusion_datasets/imagenet/0_real/rpeighzltg.JPEG,imagenet,0,0.005352927593155219
diffusion_datasets/imagenet/0_real/nwpodhovep.JPEG,imagenet,0,0.0037857891914542365
diffusion_datasets/imagenet/0_real/djtbqkzsak.JPEG,imagenet,0,0.0007242289455157595
diffusion_datasets/imagenet/0_real/olxhrrlaut.JPEG,imagenet,0,0.0946609098537611
diffusion_datasets/imagenet/0_real/vrwfguctin.JPEG,imagenet,0,0.011115099091039183
diffusion_datasets/imagenet/0_real/tbxpyvxjym.JPEG,imagenet,0,0.029312578301636336
diffusion_datasets/imagenet/0_real/szkmirkryb.JPEG,imagenet,0,0.0005465208188755635
diffusion_datasets/imagenet/0_real/lvndezxcir.JPEG,imagenet,0,0.04528142318047121
diffusion_datasets/imagenet/0_real/ltwpiurdob.JPEG,imagenet,0,0.00011665359697824608
diffusion_datasets/imagenet/0_real/ypvdkreobg.JPEG,imagenet,0,0.0005074937814799492
diffusion_datasets/imagenet/0_real/ueoeojrsyj.JPEG,imagenet,0,0.08480920076827143
diffusion_datasets/imagenet/0_real/txviitvyvk.JPEG,imagenet,0,0.13577864720330513
diffusion_datasets/imagenet/0_real/ykhbfkbqqc.JPEG,imagenet,0,0.010113050084745799
diffusion_datasets/imagenet/0_real/mfoxhwrofa.JPEG,imagenet,0,0.010827235462646575
diffusion_datasets/imagenet/0_real/wsbgevekgf.JPEG,imagenet,0,6.53615613345813e-05
diffusion_datasets/imagenet/0_real/ewspkgvjkv.JPEG,imagenet,0,0.04065910020878515
diffusion_datasets/imagenet/0_real/dpsfehmqme.JPEG,imagenet,0,5.46322100127282e-05
diffusion_datasets/imagenet/0_real/nyrfgpglht.JPEG,imagenet,0,0.014452557654907168
diffusion_datasets/imagenet/0_real/ywjlbpxbjz.JPEG,imagenet,0,4.583820947893288e-05
diffusion_datasets/imagenet/0_real/wtzwjbopzy.JPEG,imagenet,0,0.025880709378169005
diffusion_datasets/imagenet/0_real/cxjsjqusph.JPEG,imagenet,0,0.04407001023283164
diffusion_datasets/imagenet/0_real/sevosnzutr.JPEG,imagenet,0,0.02681232787912206
diffusion_datasets/imagenet/0_real/gaezkwugoh.JPEG,imagenet,0,0.00014065337862916513
diffusion_datasets/imagenet/0_real/tigzfxjaeg.JPEG,imagenet,0,0.006794470859694401
diffusion_datasets/imagenet/0_real/tqgzodmdpm.JPEG,imagenet,0,0.005245972671697259
diffusion_datasets/imagenet/0_real/nejpnuzhor.JPEG,imagenet,0,0.47786455632895986
diffusion_datasets/imagenet/0_real/vsoitgrurd.JPEG,imagenet,0,0.012755725407322473
diffusion_datasets/imagenet/0_real/jroisduzzw.JPEG,imagenet,0,3.5573618717835124e-05
diffusion_datasets/imagenet/0_real/jvfamsvrme.JPEG,imagenet,0,0.0030295240901789624
diffusion_datasets/imagenet/0_real/wcuupgwotu.JPEG,imagenet,0,0.3413958488305667
diffusion_datasets/imagenet/0_real/auannvrmrm.JPEG,imagenet,0,0.010256940384738622
diffusion_datasets/imagenet/0_real/qwawgjhkcz.JPEG,imagenet,0,0.06832576936535338
diffusion_datasets/imagenet/0_real/jrkctxyekx.JPEG,imagenet,0,0.030522275662776925
diffusion_datasets/imagenet/0_real/fpjptmloys.JPEG,imagenet,0,0.00209989891802921
diffusion_datasets/imagenet/0_real/tibxcunvom.JPEG,imagenet,0,3.8694556736086424e-05
diffusion_datasets/imagenet/0_real/clutkoqhvu.JPEG,imagenet,0,0.01141109592314975
diffusion_datasets/imagenet/0_real/hhhwzgcieg.JPEG,imagenet,0,0.5786561568741558
diffusion_datasets/imagenet/0_real/wrxxltdsxi.JPEG,imagenet,0,0.6571625728260101
diffusion_datasets/imagenet/0_real/aaksjqrtil.JPEG,imagenet,0,0.0008666057287314923
diffusion_datasets/imagenet/0_real/hypftiguck.JPEG,imagenet,0,0.00016106886452820952
diffusion_datasets/imagenet/0_real/ywhajfzors.JPEG,imagenet,0,6.659460739634299e-06
diffusion_datasets/imagenet/0_real/fjxuybiebs.JPEG,imagenet,0,0.00041200964999230175
diffusion_datasets/imagenet/0_real/yrantjwhqk.JPEG,imagenet,0,0.00022727781742493686
diffusion_datasets/imagenet/0_real/hzfxwrmqch.JPEG,imagenet,0,0.004943933779805315
diffusion_datasets/imagenet/0_real/znxaufdjpv.JPEG,imagenet,0,0.02685121010736872
diffusion_datasets/imagenet/0_real/aahxgrlfqt.JPEG,imagenet,0,0.34112427222526853
diffusion_datasets/imagenet/0_real/uydofqnwdz.JPEG,imagenet,0,4.867355827358688e-06
diffusion_datasets/imagenet/0_real/eoacigirrk.JPEG,imagenet,0,0.005821685037404327
diffusion_datasets/imagenet/0_real/ohycivlfdy.JPEG,imagenet,0,0.0019770934037135995
diffusion_datasets/imagenet/0_real/bolqiuvdbo.JPEG,imagenet,0,0.0016109980606787372
diffusion_datasets/imagenet/0_real/bulfplvjow.JPEG,imagenet,0,0.014716902439910497
diffusion_datasets/imagenet/0_real/osigoexsbv.JPEG,imagenet,0,0.00040404150619916635
diffusion_datasets/imagenet/0_real/sjezxhpiwr.JPEG,imagenet,0,0.033208636543402455
diffusion_datasets/imagenet/0_real/xfhgbduucl.JPEG,imagenet,0,0.0009395231071336226
diffusion_datasets/imagenet/0_real/ndjgpgfppo.JPEG,imagenet,0,0.39282654638367726
diffusion_datasets/imagenet/0_real/tknxjephgy.JPEG,imagenet,0,0.0001748460202067161
diffusion_datasets/imagenet/0_real/irwxnqcndk.JPEG,imagenet,0,0.0002271212235307852
diffusion_datasets/imagenet/0_real/wzdhwjmvgy.JPEG,imagenet,0,2.6906056059781294e-05
diffusion_datasets/imagenet/0_real/olxtdigiux.JPEG,imagenet,0,0.015064735000260624
diffusion_datasets/imagenet/0_real/lxjrxqzveb.JPEG,imagenet,0,0.015538207596183615
diffusion_datasets/imagenet/0_real/mubozyqcgp.JPEG,imagenet,0,0.00017254064112022277
diffusion_datasets/imagenet/0_real/sxwaupvkta.JPEG,imagenet,0,0.006490150363772865
diffusion_datasets/imagenet/0_real/zcaqqmomfv.JPEG,imagenet,0,0.0003248293136377755
diffusion_datasets/imagenet/0_real/hsweljupee.JPEG,imagenet,0,0.07243813458330652
diffusion_datasets/imagenet/0_real/bnhkqppcfl.JPEG,imagenet,0,0.19369640424341053
diffusion_datasets/imagenet/0_real/bljmtryslc.JPEG,imagenet,0,0.0009067306249225565
diffusion_datasets/imagenet/0_real/dojapmtjlo.JPEG,imagenet,0,0.05901014896420741
diffusion_datasets/imagenet/0_real/qvldneoiwj.JPEG,imagenet,0,0.007251139411771862
diffusion_datasets/imagenet/0_real/pcwvbmjrea.JPEG,imagenet,0,3.533534950827598e-05
diffusion_datasets/imagenet/0_real/aakydlwfer.JPEG,imagenet,0,0.004857483032821441
diffusion_datasets/imagenet/0_real/zhkybzbekn.JPEG,imagenet,0,4.870450602344015e-05
diffusion_datasets/imagenet/0_real/jgyprvacek.JPEG,imagenet,0,0.05474895278305249
diffusion_datasets/imagenet/0_real/frrzmsczog.JPEG,imagenet,0,0.000328629379920554
diffusion_datasets/imagenet/0_real/ahwxcijnxm.JPEG,imagenet,0,0.00806752954196075
diffusion_datasets/imagenet/0_real/xuzzmcdpux.JPEG,imagenet,0,0.14432874706157717
diffusion_datasets/imagenet/0_real/ucxiudybpx.JPEG,imagenet,0,0.12863371583512662
diffusion_datasets/imagenet/0_real/dncoarxujc.JPEG,imagenet,0,0.0026570341146932804
diffusion_datasets/imagenet/0_real/mqzlaxdcyf.JPEG,imagenet,0,7.467620084619825e-05
diffusion_datasets/imagenet/0_real/drpsdefmzh.JPEG,imagenet,0,0.07161166663903616
diffusion_datasets/imagenet/0_real/tfdqevjhtk.JPEG,imagenet,0,0.00031888055923673294
diffusion_datasets/imagenet/0_real/mtclcgxdyh.JPEG,imagenet,0,0.08349359290275908
diffusion_datasets/imagenet/0_real/xvwgzjvahe.JPEG,imagenet,0,0.0003595003111862519
diffusion_datasets/imagenet/0_real/ffubnjdhop.JPEG,imagenet,0,0.0011449956581699458
diffusion_datasets/imagenet/0_real/bicflvshvw.JPEG,imagenet,0,0.00010648753385896128
diffusion_datasets/imagenet/0_real/flcafzqbyt.JPEG,imagenet,0,0.007838607201047714
diffusion_datasets/imagenet/0_real/zatnelrcct.JPEG,imagenet,0,0.2460839957704205
diffusion_datasets/imagenet/0_real/qsndeimedb.JPEG,imagenet,0,2.921714883939304e-05
diffusion_datasets/imagenet/0_real/kbpanibqgu.JPEG,imagenet,0,5.298677052999161e-05
diffusion_datasets/imagenet/0_real/wjvuvyodzv.JPEG,imagenet,0,0.00010384613351940416
diffusion_datasets/imagenet/0_real/agjsmczzat.JPEG,imagenet,0,3.785263815059467e-05
diffusion_datasets/imagenet/0_real/jckrxjozhx.JPEG,imagenet,0,0.002670716613554218
diffusion_datasets/imagenet/0_real/mbtqfbwlry.JPEG,imagenet,0,0.030108046310529164
diffusion_datasets/imagenet/0_real/dsxuevcdxk.JPEG,imagenet,0,0.05202688270528218
diffusion_datasets/imagenet/0_real/jnrpfsvjdm.JPEG,imagenet,0,0.004547865192313167
diffusion_datasets/imagenet/0_real/gsjragxgrg.JPEG,imagenet,0,0.015108811678475609
diffusion_datasets/imagenet/0_real/kyrjicorfj.JPEG,imagenet,0,0.027276643054596334
diffusion_datasets/imagenet/0_real/newahshtuc.JPEG,imagenet,0,9.370223332990781e-05
diffusion_datasets/imagenet/0_real/hxayxhqfnz.JPEG,imagenet,0,0.0001121071672363235
diffusion_datasets/imagenet/0_real/tbganwxklb.JPEG,imagenet,0,9.45107903055407e-06
diffusion_datasets/imagenet/0_real/rtiaijvnif.JPEG,imagenet,0,0.0011668652253625908
diffusion_datasets/imagenet/0_real/dsxzmqgrfv.JPEG,imagenet,0,0.015284534676100702
diffusion_datasets/imagenet/0_real/owwrkfwvmg.JPEG,imagenet,0,0.00208138657852887
diffusion_datasets/imagenet/0_real/pukjffussu.JPEG,imagenet,0,0.21128449844441574
diffusion_datasets/imagenet/0_real/lvtmqaadzz.JPEG,imagenet,0,0.153814298091956
diffusion_datasets/imagenet/0_real/qgdbbafuhn.JPEG,imagenet,0,0.6834014435206556
diffusion_datasets/imagenet/0_real/mqbzprykrc.JPEG,imagenet,0,0.011242988867546422
diffusion_datasets/imagenet/0_real/ceyagwkqcf.JPEG,imagenet,0,0.10615027051674027
diffusion_datasets/imagenet/0_real/wekyyrslyw.JPEG,imagenet,0,0.0004954941676399533
diffusion_datasets/imagenet/0_real/vpokhpnoyy.JPEG,imagenet,0,0.0002031630146281734
diffusion_datasets/imagenet/0_real/yxdmgabgrh.JPEG,imagenet,0,0.9936436386787916
diffusion_datasets/imagenet/0_real/zoxknkpgoh.JPEG,imagenet,0,0.13911575174362875
diffusion_datasets/imagenet/0_real/ydufoinjbm.JPEG,imagenet,0,0.02827455671547204
diffusion_datasets/imagenet/0_real/kzaxlmhpyk.JPEG,imagenet,0,0.03820215002099906
diffusion_datasets/imagenet/0_real/ewldxwaqfh.JPEG,imagenet,0,0.014421904760752743
diffusion_datasets/imagenet/0_real/ybpkzmxsoj.JPEG,imagenet,0,0.17261885898158494
diffusion_datasets/imagenet/0_real/uzjbonpwla.JPEG,imagenet,0,0.6175357127746322
diffusion_datasets/imagenet/0_real/hjshyxnjca.JPEG,imagenet,0,0.03234703698349384
diffusion_datasets/imagenet/0_real/ttfwqkviia.JPEG,imagenet,0,0.0005128764484709352
diffusion_datasets/imagenet/0_real/shyyqqechu.JPEG,imagenet,0,4.65925231526652e-05
diffusion_datasets/imagenet/0_real/jabklaioxf.JPEG,imagenet,0,0.001480102363366244
diffusion_datasets/imagenet/0_real/xnyhohvpna.JPEG,imagenet,0,0.6162720524807119
diffusion_datasets/imagenet/0_real/ikesdclcne.JPEG,imagenet,0,0.03285894270474805
diffusion_datasets/imagenet/0_real/njrelhtzux.JPEG,imagenet,0,0.0013374609470013783
diffusion_datasets/imagenet/0_real/lizvdcrrbp.JPEG,imagenet,0,9.619756432237904e-05
diffusion_datasets/imagenet/0_real/albdpubxka.JPEG,imagenet,0,2.8698308990241927e-05
diffusion_datasets/imagenet/0_real/gfdekurnbz.JPEG,imagenet,0,0.7006720173856603
diffusion_datasets/imagenet/0_real/pzvgfnoiln.JPEG,imagenet,0,0.2755501037626966
diffusion_datasets/imagenet/0_real/zchftlmgnh.JPEG,imagenet,0,0.019619704965291817
diffusion_datasets/imagenet/0_real/fwhacyybom.JPEG,imagenet,0,0.0003879233432161067
diffusion_datasets/imagenet/0_real/dbcoycuiyt.JPEG,imagenet,0,0.00016339135644378644
diffusion_datasets/imagenet/0_real/qsuodtmksx.JPEG,imagenet,0,0.0013832792674235333
diffusion_datasets/imagenet/0_real/zbnbosutcn.JPEG,imagenet,0,0.03931563399801004
diffusion_datasets/imagenet/0_real/muszivpifs.JPEG,imagenet,0,0.00017044114077975191
diffusion_datasets/imagenet/0_real/hlwefvuprq.JPEG,imagenet,0,0.006854741376720784
diffusion_datasets/imagenet/0_real/nnylgyqsxs.JPEG,imagenet,0,0.010148829196215053
diffusion_datasets/imagenet/0_real/qitcgxcdmj.JPEG,imagenet,0,0.35603182359690544
diffusion_datasets/imagenet/0_real/jgvhyrcgyx.JPEG,imagenet,0,0.016863703802506413
diffusion_datasets/imagenet/0_real/ulpnibnvvc.JPEG,imagenet,0,0.19794509322254566
diffusion_datasets/imagenet/0_real/figfzyfhkt.JPEG,imagenet,0,0.012009621740139764
diffusion_datasets/imagenet/0_real/oyxvwvxuzr.JPEG,imagenet,0,0.00021738405828545252
diffusion_datasets/imagenet/0_real/effiwpkvcy.JPEG,imagenet,0,0.013895838098984538
diffusion_datasets/imagenet/0_real/wipphellrw.JPEG,imagenet,0,0.002165142982373284
diffusion_datasets/imagenet/0_real/vipmyyceny.JPEG,imagenet,0,0.6916417892148937
diffusion_datasets/imagenet/0_real/ftobdflmuz.JPEG,imagenet,0,0.006908297768822526
diffusion_datasets/imagenet/0_real/dldztvvwrt.JPEG,imagenet,0,0.012418239489736742
diffusion_datasets/imagenet/0_real/nmdxktenko.JPEG,imagenet,0,5.834893203920192e-07
diffusion_datasets/imagenet/0_real/yldbjbxfzj.JPEG,imagenet,0,0.0024628947374656157
diffusion_datasets/imagenet/0_real/oaepibbwpe.JPEG,imagenet,0,0.009582646275886824
diffusion_datasets/imagenet/0_real/jdoqiuxxvj.JPEG,imagenet,0,0.000364229103272001
diffusion_datasets/imagenet/0_real/vlwnndwtuh.JPEG,imagenet,0,0.009346495324190948
diffusion_datasets/imagenet/0_real/gufjiiwgrf.JPEG,imagenet,0,0.0005170600224365614
diffusion_datasets/imagenet/0_real/werhusireg.JPEG,imagenet,0,0.00011880666029811516
diffusion_datasets/imagenet/0_real/nytqcbcfth.JPEG,imagenet,0,0.0011394496749767245
diffusion_datasets/imagenet/0_real/tvdnjojlmh.JPEG,imagenet,0,0.001459182787779023
diffusion_datasets/imagenet/0_real/mfzrfiyjrf.JPEG,imagenet,0,0.0026527606137745044
diffusion_datasets/imagenet/0_real/znwafizosm.JPEG,imagenet,0,0.0033802765278034322
diffusion_datasets/imagenet/0_real/ughldndbio.JPEG,imagenet,0,1.7032285663620765e-05
diffusion_datasets/imagenet/0_real/zkioiunenq.JPEG,imagenet,0,0.07245370046244429
diffusion_datasets/imagenet/0_real/echehlitmr.JPEG,imagenet,0,0.0005376793898060333
diffusion_datasets/imagenet/0_real/hvuyhhryut.JPEG,imagenet,0,0.00021523019404142698
diffusion_datasets/imagenet/0_real/qhuylytsyy.JPEG,imagenet,0,0.0006801574779616012
diffusion_datasets/imagenet/0_real/dbifuulczh.JPEG,imagenet,0,0.00011005233632484365
diffusion_datasets/imagenet/0_real/vsivgpmche.JPEG,imagenet,0,0.11343374092483559
diffusion_datasets/imagenet/0_real/jhuyduptth.JPEG,imagenet,0,0.06029248598556038
diffusion_datasets/imagenet/0_real/likeehktbp.JPEG,imagenet,0,3.0432000273402827e-05
diffusion_datasets/imagenet/0_real/ddeuvxknie.JPEG,imagenet,0,0.002392040511102321
diffusion_datasets/imagenet/0_real/vwkbynfcdl.JPEG,imagenet,0,0.0006769078183617826
diffusion_datasets/imagenet/0_real/gropzgdcno.JPEG,imagenet,0,0.0013148988064351427
diffusion_datasets/imagenet/0_real/myjibkfcjw.JPEG,imagenet,0,0.0490511452396399
diffusion_datasets/imagenet/0_real/ixyzaufrnr.JPEG,imagenet,0,0.016007299221863048
diffusion_datasets/imagenet/0_real/rakzbwxeme.JPEG,imagenet,0,0.0020159706398904555
diffusion_datasets/imagenet/0_real/xoxubdjnhe.JPEG,imagenet,0,9.626714624211836e-05
diffusion_datasets/imagenet/0_real/htqmkwgkwb.JPEG,imagenet,0,8.532717329340852e-05
diffusion_datasets/imagenet/0_real/yfbwcnyvch.JPEG,imagenet,0,1.4441404329330297e-05
diffusion_datasets/imagenet/0_real/nvwywbybsj.JPEG,imagenet,0,0.004394082375522475
diffusion_datasets/imagenet/0_real/heasqjcmsg.JPEG,imagenet,0,0.2368830915734211
diffusion_datasets/imagenet/0_real/pieahxylhf.JPEG,imagenet,0,0.06508862127529942
diffusion_datasets/imagenet/0_real/trssloofom.JPEG,imagenet,0,0.0035532878559506004
diffusion_datasets/imagenet/0_real/dawfktkzad.JPEG,imagenet,0,1.1605487333237457e-07
diffusion_datasets/imagenet/0_real/pptvyzosrk.JPEG,imagenet,0,0.29210215836209
diffusion_datasets/imagenet/0_real/aujwkgbadp.JPEG,imagenet,0,3.3427103983916524e-08
diffusion_datasets/imagenet/0_real/jlmbbubxmr.JPEG,imagenet,0,0.02081117457214617
diffusion_datasets/imagenet/0_real/aadlygmazf.JPEG,imagenet,0,0.001481443340042418
diffusion_datasets/imagenet/0_real/uesrfqrmys.JPEG,imagenet,0,1.0667264558514811e-05
diffusion_datasets/imagenet/0_real/hkjmvhgmso.JPEG,imagenet,0,0.0033536773539104394
diffusion_datasets/imagenet/0_real/xsmkmdlmux.JPEG,imagenet,0,9.85134950919582e-05
diffusion_datasets/imagenet/0_real/pjvqcnpfqy.JPEG,imagenet,0,0.2832593985535986
diffusion_datasets/imagenet/0_real/nuhcuxjnpx.JPEG,imagenet,0,0.00448076318712043
diffusion_datasets/imagenet/0_real/oertmmpfuq.JPEG,imagenet,0,0.05566567272909715
diffusion_datasets/imagenet/0_real/xfblvcbesb.JPEG,imagenet,0,0.013583590225851892
diffusion_datasets/imagenet/0_real/nrglavnpuu.JPEG,imagenet,0,0.3398593495742244
diffusion_datasets/imagenet/0_real/rxsgddveyy.JPEG,imagenet,0,0.00019281690843469385
diffusion_datasets/imagenet/0_real/ajldduomvc.JPEG,imagenet,0,0.019241687288379147
diffusion_datasets/imagenet/0_real/umhgkshvea.JPEG,imagenet,0,0.37190391725326283
diffusion_datasets/imagenet/0_real/sepihwqglu.JPEG,imagenet,0,0.023199734228498938
diffusion_datasets/imagenet/0_real/eufbtfldxd.JPEG,imagenet,0,0.7304005196509591
diffusion_datasets/imagenet/0_real/yinujujzud.JPEG,imagenet,0,0.03662702166589582
diffusion_datasets/imagenet/0_real/cdjghtyvsn.JPEG,imagenet,0,0.10367584989172249
diffusion_datasets/imagenet/0_real/gwwimiekeh.JPEG,imagenet,0,0.0031553169030353206
diffusion_datasets/imagenet/0_real/ajaqvfgsih.JPEG,imagenet,0,0.060069133201891174
diffusion_datasets/imagenet/0_real/aoyyeorqer.JPEG,imagenet,0,0.0022322885139196887
diffusion_datasets/imagenet/0_real/gudkwzmgfo.JPEG,imagenet,0,0.024921940113622944
diffusion_datasets/imagenet/0_real/smdvfqmevj.JPEG,imagenet,0,0.0008352060386382994
diffusion_datasets/imagenet/0_real/rhwouyajcq.JPEG,imagenet,0,0.09008762055408248
diffusion_datasets/imagenet/0_real/njnnphhwll.JPEG,imagenet,0,0.0017232537724432982
diffusion_datasets/imagenet/0_real/tgkezflbjz.JPEG,imagenet,0,0.015836627593913032
diffusion_datasets/imagenet/0_real/kszghluqlw.JPEG,imagenet,0,0.07129888260037
diffusion_datasets/imagenet/0_real/orgclftabd.JPEG,imagenet,0,0.0020396466460252194
diffusion_datasets/imagenet/0_real/vuvkrfmrfw.JPEG,imagenet,0,0.06865548034723973
diffusion_datasets/imagenet/0_real/cspmbvyjpm.JPEG,imagenet,0,8.847231582914265e-05
diffusion_datasets/imagenet/0_real/jkdydiqkym.JPEG,imagenet,0,0.08467706752346349
diffusion_datasets/imagenet/0_real/rtbrwgwkho.JPEG,imagenet,0,0.026455710728143428
diffusion_datasets/imagenet/0_real/jgcuwqiqsa.JPEG,imagenet,0,0.05850461696237091
diffusion_datasets/imagenet/0_real/pcaodmknyo.JPEG,imagenet,0,0.0005579548056559738
diffusion_datasets/imagenet/0_real/rprdsmygod.JPEG,imagenet,0,0.21194391572369187
diffusion_datasets/imagenet/0_real/ztytemyoxv.JPEG,imagenet,0,0.0022041684723776004
diffusion_datasets/imagenet/0_real/xjsfnrjtst.JPEG,imagenet,0,0.0014811357240735938
diffusion_datasets/imagenet/0_real/xahepmkkki.JPEG,imagenet,0,0.0621837849599816
diffusion_datasets/imagenet/0_real/hptzommwzk.JPEG,imagenet,0,0.271362419741115
diffusion_datasets/imagenet/0_real/acpwmtyztu.JPEG,imagenet,0,0.0001794696863984548
diffusion_datasets/imagenet/0_real/kkxuptmzof.JPEG,imagenet,0,0.4577719756015642
diffusion_datasets/imagenet/0_real/csvtttfwut.JPEG,imagenet,0,0.8136921257816
diffusion_datasets/imagenet/0_real/mocygqjmlh.JPEG,imagenet,0,0.0007577814945941816
diffusion_datasets/imagenet/0_real/nipnhttkcg.JPEG,imagenet,0,0.13039182157601367
diffusion_datasets/imagenet/0_real/ajdylzvnwn.JPEG,imagenet,0,0.00015505938319606107
diffusion_datasets/imagenet/0_real/vmrobijbmc.JPEG,imagenet,0,0.0641961449414949
diffusion_datasets/imagenet/0_real/sdbpzpettf.JPEG,imagenet,0,4.991173228897921e-05
diffusion_datasets/imagenet/0_real/vitzpaholy.JPEG,imagenet,0,0.004847046547571149
diffusion_datasets/imagenet/0_real/hnsubaglth.JPEG,imagenet,0,0.051554548612705114
diffusion_datasets/imagenet/0_real/lqdjvtnjqn.JPEG,imagenet,0,0.0021541045539670996
diffusion_datasets/imagenet/0_real/szebyvzlqt.JPEG,imagenet,0,0.0018542574811421695
diffusion_datasets/imagenet/0_real/iqruwytkxd.JPEG,imagenet,0,0.005172706224169612
diffusion_datasets/imagenet/0_real/xbwwtavscv.JPEG,imagenet,0,0.3979918319570516
diffusion_datasets/imagenet/0_real/vueczavslq.JPEG,imagenet,0,0.2894527545366598
diffusion_datasets/imagenet/0_real/mijuwhirnm.JPEG,imagenet,0,0.04426234722511024
diffusion_datasets/imagenet/0_real/hhmqvefsdm.JPEG,imagenet,0,2.5295665332440527e-05
diffusion_datasets/imagenet/0_real/gtqyrcambg.JPEG,imagenet,0,0.0259358269616875
diffusion_datasets/imagenet/0_real/danyxpbnqf.JPEG,imagenet,0,0.0003122905411462315
diffusion_datasets/imagenet/0_real/zynieagnms.JPEG,imagenet,0,7.071321359712648e-05
diffusion_datasets/imagenet/0_real/rgnjmqxait.JPEG,imagenet,0,0.1343412847003413
diffusion_datasets/imagenet/0_real/wkkhoodytf.JPEG,imagenet,0,0.11078037279440703
diffusion_datasets/laion/0_real/xvulqfblsf.jpg,laion,0,0.9782585113483188
diffusion_datasets/laion/0_real/bqeilhkbun.jpg,laion,0,0.2049778324960583
diffusion_datasets/laion/0_real/kguycdreay.jpg,laion,0,0.0769627546311717
diffusion_datasets/laion/0_real/bxfbgvlfqu.jpg,laion,0,0.002818974258774507
diffusion_datasets/laion/0_real/qdnqcoyzar.jpg,laion,0,0.810135872316794
diffusion_datasets/laion/0_real/idvfzzxvyh.jpg,laion,0,0.018646478756397886
diffusion_datasets/laion/0_real/lvtmqaadzz.jpg,laion,0,0.13702743473481613
diffusion_datasets/laion/0_real/bghliglwng.jpg,laion,0,0.06048786300632018
diffusion_datasets/laion/0_real/jqnuoffbtb.jpg,laion,0,0.014539864791773422
diffusion_datasets/laion/0_real/tvdnjojlmh.jpg,laion,0,0.967534885492742
diffusion_datasets/laion/0_real/jkdydiqkym.jpg,laion,0,0.2630628812977095
diffusion_datasets/laion/0_real/oqlgvyltdu.jpg,laion,0,0.3477415977171146
diffusion_datasets/laion/0_real/yecvsijdsn.jpg,laion,0,0.09034487027247826
diffusion_datasets/laion/0_real/vfjqbhhdhb.jpg,laion,0,0.992027737166041
diffusion_datasets/laion/0_real/rpeighzltg.jpg,laion,0,0.0135143743049693
diffusion_datasets/laion/0_real/nytqcbcfth.jpg,laion,0,0.8358717100468692
diffusion_datasets/laion/0_real/mtuopsldka.jpg,laion,0,0.9565318335443652
diffusion_datasets/laion/0_real/ayibbogxvl.jpg,laion,0,0.4029460948588721
diffusion_datasets/laion/0_real/kkxuptmzof.jpg,laion,0,0.7396067250343115
diffusion_datasets/laion/0_real/whqsatsqum.jpg,laion,0,0.059161915699328035
diffusion_datasets/laion/0_real/bolqiuvdbo.jpg,laion,0,0.0001798065023311662
diffusion_datasets/laion/0_real/lqrkxsvuvt.jpg,laion,0,0.6183617439501515
diffusion_datasets/laion/0_real/csvtttfwut.jpg,laion,0,0.049159014456471736
diffusion_datasets/laion/0_real/wketmynlnj.jpg,laion,0,0.6104539059515788
diffusion_datasets/laion/0_real/mubozyqcgp.jpg,laion,0,0.004381391437616173
diffusion_datasets/laion/0_real/mfcceezfwn.jpg,laion,0,0.9773654800252354
diffusion_datasets/laion/0_real/gayjhkcdkw.jpg,laion,0,0.008023538560607254
diffusion_datasets/laion/0_real/cnthnmxcwh.jpg,laion,0,0.9839749079269898
diffusion_datasets/laion/0_real/nvwywbybsj.jpg,laion,0,0.9362128707166282
diffusion_datasets/laion/0_real/zmqpqnavds.jpg,laion,0,0.0336369587903811
diffusion_datasets/laion/0_real/sneggiimdk.jpg,laion,0,0.03983637801262133
diffusion_datasets/laion/0_real/wsbyyiugsn.jpg,laion,0,0.9988302718151766
diffusion_datasets/laion/0_real/fzmzemtxkr.jpg,laion,0,0.10941711339009103
diffusion_datasets/laion/0_real/tgkezflbjz.jpg,laion,0,6.545489154387527e-06
diffusion_datasets/laion/0_real/ncyvrxsbym.jpg,laion,0,0.7109976698751576
diffusion_datasets/laion/0_real/osrdcrocjh.jpg,laion,0,0.0002588076581342521
diffusion_datasets/laion/0_real/vmjmkqeggv.jpg,laion,0,0.9636832477715193
diffusion_datasets/laion/0_real/gwhfxugran.jpg,laion,0,0.8592365060812427
diffusion_datasets/laion/0_real/lpofppxlqt.jpg,laion,0,0.009053487654331432
diffusion_datasets/laion/0_real/vispixnoqk.jpg,laion,0,2.5462137531823786e-06
diffusion_datasets/laion/0_real/wrmxjiicmz.jpg,laion,0,0.8760711368140812
diffusion_datasets/laion/0_real/kzflnrbcwz.jpg,laion,0,0.9870903189033093
diffusion_datasets/laion/0_real/wedprdqjkr.jpg,laion,0,0.035505541691889866
diffusion_datasets/laion/0_real/utlevcsfzc.jpg,laion,0,0.38557138254470363
diffusion_datasets/laion/0_real/bbdiioaqyn.jpg,laion,0,0.012952102228361259
diffusion_datasets/laion/0_real/lqdjvtnjqn.jpg,laion,0,0.032827431061827395
diffusion_datasets/laion/0_real/yaaqlxnzhi.jpg,laion,0,0.5886390760620551
diffusion_datasets/laion/0_real/idrkdekvux.jpg,laion,0,0.005535513533037373
diffusion_datasets/laion/0_real/tmuzzrstsf.jpg,laion,0,0.3262981100596816
diffusion_datasets/laion/0_real/jqihknjmkf.jpg,laion,0,3.9069495271349094e-05
diffusion_datasets/laion/0_real/fuahrcqbgk.jpg,laion,0,0.035100999194251636
diffusion_datasets/laion/0_real/mrdnzxhmlr.jpg,laion,0,0.8182190113661219
diffusion_datasets/laion/0_real/fwqtzyeait.jpg,laion,0,1.3305898301702885e-05
diffusion_datasets/laion/0_real/ugrxyyeknx.jpg,laion,0,0.2998375051813866
diffusion_datasets/laion/0_real/oertmmpfuq.jpg,laion,0,0.04147500076677901
diffusion_datasets/laion/0_real/bcqofpsyca.jpg,laion,0,0.9094329777740584
diffusion_datasets/laion/0_real/nypkpjmzri.jpg,laion,0,0.38739539943849033
diffusion_datasets/laion/0_real/ybpkzmxsoj.jpg,laion,0,0.7172646824368881
diffusion_datasets/laion/0_real/surgjkswmj.jpg,laion,0,0.660296996135455
diffusion_datasets/laion/0_real/nzfqdevtuu.jpg,laion,0,0.6438866604114379
diffusion_datasets/laion/0_real/plszaygqda.jpg,laion,0,0.021663738899002152
diffusion_datasets/laion/0_real/smdvfqmevj.jpg,laion,0,0.02927819551209743
diffusion_datasets/laion/0_real/gudkwzmgfo.jpg,laion,0,0.2769060255737071
diffusion_datasets/laion/0_real/sinwhncecv.jpg,laion,0,0.0021352730904079195
diffusion_datasets/laion/0_real/rtiaijvnif.jpg,laion,0,0.2176723725777556
diffusion_datasets/laion/0_real/hwfugtliat.jpg,laion,0,0.7147897608896202
diffusion_datasets/laion/0_real/fzzunuvfgl.jpg,laion,0,0.0013121798007782342
diffusion_datasets/laion/0_real/buiozdnamh.jpg,laion,0,0.3450249791541359
diffusion_datasets/laion/0_real/ygsthmtuoh.jpg,laion,0,0.014681639092741722
diffusion_datasets/laion/0_real/bqcltegxdf.jpg,laion,0,0.00021676613594684785
diffusion_datasets/laion/0_real/enrmnsxepz.jpg,laion,0,0.010260529730241948
diffusion_datasets/laion/0_real/xbwwtavscv.jpg,laion,0,0.0003639076505983262
diffusion_datasets/laion/0_real/auannvrmrm.jpg,laion,0,0.9626068065897143
diffusion_datasets/laion/0_real/nvglpmddru.jpg,laion,0,0.32160066450735403
diffusion_datasets/laion/0_real/yxyqoryjpu.jpg,laion,0,0.03364088754966981
diffusion_datasets/laion/0_real/wsbgevekgf.jpg,laion,0,0.003923521753272385
diffusion_datasets/laion/0_real/szebyvzlqt.jpg,laion,0,0.0004167580620086825
diffusion_datasets/laion/0_real/adizyjvxam.jpg,laion,0,0.03808010901381446
diffusion_datasets/laion/0_real/dawfktkzad.jpg,laion,0,0.6359874301734195
diffusion_datasets/laion/0_real/eayzvzrytx.jpg,laion,0,0.06506446305797049
diffusion_datasets/laion/0_real/gzzhkwcczo.jpg,laion,0,0.0072482653503107555
diffusion_datasets/laion/0_real/ycojahdoqs.jpg,laion,0,0.8663454525471925
diffusion_datasets/laion/0_real/bdwbeyarpc.jpg,laion,0,0.000149818624332853
diffusion_datasets/laion/0_real/uzunqwixgv.jpg,laion,0,0.7652235004723619
diffusion_datasets/laion/0_real/ftobdflmuz.jpg,laion,0,0.0016785573630399018
diffusion_datasets/laion/0_real/lcyxnaodgl.jpg,laion,0,0.9945504032157553
diffusion_datasets/laion/0_real/wqvahtytps.jpg,laion,0,0.0005566085226801823
diffusion_datasets/laion/0_real/elpsbyigve.jpg,laion,0,0.6472821792794151
diffusion_datasets/laion/0_real/kvaphythne.jpg,laion,0,0.00382273432631162
diffusion_datasets/laion/0_real/ypvdkreobg.jpg,laion,0,0.44230031168210926
diffusion_datasets/laion/0_real/mqbzprykrc.jpg,laion,0,0.001485929999612258
diffusion_datasets/laion/0_real/sltdkynkrd.jpg,laion,0,0.008234050707311496
diffusion_datasets/laion/0_real/fcgojsqxhw.jpg,laion,0,0.02348359944156618
diffusion_datasets/laion/0_real/jykjuscrhb.jpg,laion,0,0.14953313637669313
diffusion_datasets/laion/0_real/kvomczokut.jpg,laion,0,0.3502220823036017
diffusion_datasets/laion/0_real/yfnrrhachx.jpg,laion,0,7.81635045828772e-05
diffusion_datasets/laion/0_real/owavsapwhv.jpg,laion,0,0.0067413525585192395
diffusion_datasets/laion/0_real/bfuqjvwwlk.jpg,laion,0,0.217214536745913
diffusion_datasets/laion/0_real/gvvfxpftgt.jpg,laion,0,0.06880397166918129
diffusion_datasets/laion/0_real/owymrcrmoo.jpg,laion,0,0.8748964909552794
diffusion_datasets/laion/0_real/mnbrpiakwa.jpg,laion,0,0.6973452260290534
diffusion_datasets/laion/0_real/rjdnzhbvwc.jpg,laion,0,0.794123594757298
diffusion_datasets/laion/0_real/jvctzionai.jpg,laion,0,0.013951426122947272
diffusion_datasets/laion/0_real/smmiazxocc.jpg,laion,0,0.9513209647298603
diffusion_datasets/laion/0_real/pcvfvfsxek.jpg,laion,0,0.0016213433486328898
diffusion_datasets/laion/0_real/uvwnmuvfio.jpg,laion,0,0.0020821868830687546
diffusion_datasets/laion/0_real/uxbuickkha.jpg,laion,0,0.4995837967921792
diffusion_datasets/laion/0_real/ikptlvvios.jpg,laion,0,0.8945900441165285
diffusion_datasets/laion/0_real/yutcusvily.jpg,laion,0,0.9923385655515425
diffusion_datasets/laion/0_real/qtpttlawjz.jpg,laion,0,0.6324310119026841
diffusion_datasets/laion/0_real/aynkpajrmy.jpg,laion,0,0.03527979421404512
diffusion_datasets/laion/0_real/iwkrlrqsbn.jpg,laion,0,0.9848192781588272
diffusion_datasets/laion/0_real/aahxgrlfqt.jpg,laion,0,0.002492711542770119
diffusion_datasets/laion/0_real/pbblbgdzjz.jpg,laion,0,5.3010041738362714e-05
diffusion_datasets/laion/0_real/lcaexbqxar.jpg,laion,0,0.005265043382483347
diffusion_datasets/laion/0_real/qafswzymfy.jpg,laion,0,0.010022386212959316
diffusion_datasets/laion/0_real/frrzmsczog.jpg,laion,0,0.8732481862391206
diffusion_datasets/laion/0_real/yqqmbglayb.jpg,laion,0,9.488741033895861e-05
diffusion_datasets/laion/0_real/sxwaupvkta.jpg,laion,0,0.9541173527153662
diffusion_datasets/laion/0_real/dxvmhjeycz.jpg,laion,0,0.46092237862273233
diffusion_datasets/laion/0_real/yoqkeajskn.jpg,laion,0,0.9867863178235375
diffusion_datasets/laion/0_real/hjovhnpjdf.jpg,laion,0,0.0007574707911533548
diffusion_datasets/laion/0_real/amcjhcqbxr.jpg,laion,0,0.0022509125691921135
diffusion_datasets/laion/0_real/ftampoyprn.jpg,laion,0,0.004920977587961413
diffusion_datasets/laion/0_real/yfxdzkbfpk.jpg,laion,0,0.5626209120520458
diffusion_datasets/laion/0_real/uydofqnwdz.jpg,laion,0,3.0043130554679525e-06
diffusion_datasets/laion/0_real/oxkzwdrxay.jpg,laion,0,0.993850203088937
diffusion_datasets/laion/0_real/vcuznpgkuo.jpg,laion,0,0.2915211510565583
diffusion_datasets/laion/0_real/yvwtaordyd.jpg,laion,0,0.067231723741301
diffusion_datasets/laion/0_real/bvbspxdfxz.jpg,laion,0,0.009678214064466817
diffusion_datasets/laion/0_real/rhwouyajcq.jpg,laion,0,0.0023042640712150927
diffusion_datasets/laion/0_real/rzkutenljp.jpg,laion,0,0.1083642106776132
diffusion_datasets/laion/0_real/gxkmzinhug.jpg,laion,0,0.007257496806195694
diffusion_datasets/laion/0_real/rgiwpyxekm.jpg,laion,0,0.00045647518328935865
diffusion_datasets/laion/0_real/uesrfqrmys.jpg,laion,0,0.021794273132334344
diffusion_datasets/laion/0_real/wotrziuyhj.jpg,laion,0,0.019804061676933337
diffusion_datasets/laion/0_real/ajdylzvnwn.jpg,laion,0,0.0035933429730152797
diffusion_datasets/laion/0_real/xrkvaduave.jpg,laion,0,0.9890690273176004
diffusion_datasets/laion/0_real/ueoeojrsyj.jpg,laion,0,0.0702089761844933
diffusion_datasets/laion/0_real/ouirlfwsyx.jpg,laion,0,0.09590048618895432
diffusion_datasets/laion/0_real/viedszojsm.jpg,laion,0,0.08960582326377739
diffusion_datasets/laion/0_real/irwxnqcndk.jpg,laion,0,0.39398055085721984
diffusion_datasets/laion/0_real/zdqmadvhbl.jpg,laion,0,0.18726646562439256
diffusion_datasets/laion/0_real/tbxpyvxjym.jpg,laion,0,0.9971984820788231
diffusion_datasets/laion/0_real/fvbwueqmmc.jpg,laion,0,0.03421297297458514
diffusion_datasets/laion/0_real/umhgkshvea.jpg,laion,0,0.0027176081896040133
diffusion_datasets/laion/0_real/tecfsxrdsg.jpg,laion,0,0.5852890804691329
diffusion_datasets/laion/0_real/oaepibbwpe.jpg,laion,0,0.005011459575006297
diffusion_datasets/laion/0_real/lkbpelvrth.jpg,laion,0,0.024160051330952923
diffusion_datasets/laion/0_real/fgbgiwekim.jpg,laion,0,0.004097660514251206
diffusion_datasets/laion/0_real/jqcakwrejy.jpg,laion,0,0.18704713647088533
diffusion_datasets/laion/0_real/ohycivlfdy.jpg,laion,0,0.002835781402757198
diffusion_datasets/laion/0_real/xvpiclvxzd.jpg,laion,0,0.0003636260172562798
diffusion_datasets/laion/0_real/bwvinmojcw.jpg,laion,0,0.07785510996540233
diffusion_datasets/laion/0_real/onkjvikzsj.jpg,laion,0,0.012488580608517917
diffusion_datasets/laion/0_real/kgmqyotoqo.jpg,laion,0,0.9991410175426438
diffusion_datasets/laion/0_real/ltwpiurdob.jpg,laion,0,0.9919085142541353
diffusion_datasets/laion/0_real/gtidkpfxcc.jpg,laion,0,0.10621679896857791
diffusion_datasets/laion/0_real/xlwfiidgib.jpg,laion,0,0.9979633810581476
diffusion_datasets/laion/0_real/ilaptngbkl.jpg,laion,0,0.020066199606812773
diffusion_datasets/laion/0_real/hkhpikinqs.jpg,laion,0,0.019195508851157266
diffusion_datasets/laion/0_real/ettedwuoqe.jpg,laion,0,0.024889929156859187
diffusion_datasets/laion/0_real/nhmoimaaqz.jpg,laion,0,0.02871669940522063
diffusion_datasets/laion/0_real/flcafzqbyt.jpg,laion,0,0.13309048200886966
diffusion_datasets/laion/0_real/pcwvbmjrea.jpg,laion,0,0.054728394548157686
diffusion_datasets/laion/0_real/sepihwqglu.jpg,laion,0,0.49032894870137067
diffusion_datasets/laion/0_real/vuvkrfmrfw.jpg,laion,0,0.290758437383214
diffusion_datasets/laion/0_real/effiwpkvcy.jpg,laion,0,0.799188787824759
diffusion_datasets/laion/0_real/huksdpnufs.jpg,laion,0,0.013846751985550713
diffusion_datasets/laion/0_real/cpyrataump.jpg,laion,0,0.02728399263392754
diffusion_datasets/laion/0_real/fxxzogdrnu.jpg,laion,0,0.1451310447508509
diffusion_datasets/laion/0_real/jfqdxkbnuz.jpg,laion,0,0.003347268946864227
diffusion_datasets/laion/0_real/psvmrypqai.jpg,laion,0,0.6043776790726338
diffusion_datasets/laion/0_real/odhzcmznnr.jpg,laion,0,1.3120951197680988e-05
diffusion_datasets/laion/0_real/fwhacyybom.jpg,laion,0,0.0016201072498076541
diffusion_datasets/laion/0_real/ccbrpvitlb.jpg,laion,0,0.0026591273639384695
diffusion_datasets/laion/0_real/tknxjephgy.jpg,laion,0,0.24129792436104394
diffusion_datasets/laion/0_real/hypftiguck.jpg,laion,0,0.002648156124155853
diffusion_datasets/laion/0_real/jgvhyrcgyx.jpg,laion,0,0.004661494950554017
diffusion_datasets/laion/0_real/xnyhohvpna.jpg,laion,0,0.00015971539806694567
diffusion_datasets/laion/0_real/tuptxvyplv.jpg,laion,0,0.46784545887670403
diffusion_datasets/laion/0_real/itvslvcuiy.jpg,laion,0,0.9661162121631516
diffusion_datasets/laion/0_real/ynescstwdk.jpg,laion,0,0.012096696400660982
diffusion_datasets/laion/0_real/gdomuubpmo.jpg,laion,0,0.43095302808304453
diffusion_datasets/laion/0_real/hlwefvuprq.jpg,laion,0,0.06984985135487107
diffusion_datasets/laion/0_real/efykeyysvi.jpg,laion,0,0.006167741996001766
diffusion_datasets/laion/0_real/uyfkdpzowl.jpg,laion,0,0.9995916446774568
diffusion_datasets/laion/0_real/hgcafbxres.jpg,laion,0,0.6192091765970477
diffusion_datasets/laion/0_real/lkealtdsyd.jpg,laion,0,0.9992473332216836
diffusion_datasets/laion/0_real/ybbbdeihcf.jpg,laion,0,0.6887885743498043
diffusion_datasets/laion/0_real/cqxwvqbknx.jpg,laion,0,0.15335213515650506
diffusion_datasets/laion/0_real/ddeuvxknie.jpg,laion,0,0.0019055753805469484
diffusion_datasets/laion/0_real/zwkapmobkx.jpg,laion,0,1.1447355087261846e-05
diffusion_datasets/laion/0_real/zxnpcvwbfb.jpg,laion,0,0.7222824683354004
diffusion_datasets/laion/0_real/mcsihazpje.jpg,laion,0,0.10408086194550112
diffusion_datasets/laion/0_real/xqlumlknls.jpg,laion,0,0.004080299471620987
diffusion_datasets/laion/0_real/rpggiliowp.jpg,laion,0,0.00036479756217682607
diffusion_datasets/laion/0_real/tivixbdipm.jpg,laion,0,0.47875935566828404
diffusion_datasets/laion/0_real/wcuupgwotu.jpg,laion,0,0.8209328095348605
diffusion_datasets/laion/0_real/cdjghtyvsn.jpg,laion,0,9.163956648473834e-05
diffusion_datasets/laion/0_real/aqfnjpltvb.jpg,laion,0,0.009536397726119413
diffusion_datasets/laion/0_real/mqzlaxdcyf.jpg,laion,0,0.9907782196875712
diffusion_datasets/laion/0_real/yatxnhyhyw.jpg,laion,0,0.03108566039065803
diffusion_datasets/laion/0_real/zzrnxnjzyx.jpg,laion,0,0.06417175088925452
diffusion_datasets/laion/0_real/vpwnxqxbks.jpg,laion,0,0.5652413804390896
diffusion_datasets/laion/0_real/ranqpkoerl.jpg,laion,0,0.3072539616404393
diffusion_datasets/laion/0_real/vyjvqkrjmv.jpg,laion,0,0.0001568572531693465
diffusion_datasets/laion/0_real/skkprfujmw.jpg,laion,0,0.9967953532156802
diffusion_datasets/laion/0_real/njfscemusa.jpg,laion,0,0.0372916749865704
diffusion_datasets/laion/0_real/djfymdweky.jpg,laion,0,0.054845744454581416
diffusion_datasets/laion/0_real/czqsnkbvng.jpg,laion,0,0.8413735624683175
diffusion_datasets/laion/0_real/lakovwneny.jpg,laion,0,0.9900211586326347
diffusion_datasets/laion/0_real/xmppkkdynh.jpg,laion,0,0.7158296021709786
diffusion_datasets/laion/0_real/xnidvmnavp.jpg,laion,0,0.9866002932107693
diffusion_datasets/laion/0_real/cjmyrxrisl.jpg,laion,0,0.9528174754443458
diffusion_datasets/laion/0_real/wgmfkffpbs.jpg,laion,0,0.0009438756064921538
diffusion_datasets/laion/0_real/sbuowwvzjw.jpg,laion,0,0.11442910912959102
diffusion_datasets/laion/0_real/qsndeimedb.jpg,laion,0,0.8002383912691302
diffusion_datasets/laion/0_real/jecdlrpjba.jpg,laion,0,0.9954563048786491
diffusion_datasets/laion/0_real/owbarkgfyc.jpg,laion,0,0.02218725611429104
diffusion_datasets/laion/0_real/hcnhiyscgm.jpg,laion,0,0.010285684851188238
diffusion_datasets/laion/0_real/ppufoaihkk.jpg,laion,0,0.027917341628790008
diffusion_datasets/laion/0_real/mltvjsqnjm.jpg,laion,0,0.033668073596464
diffusion_datasets/laion/0_real/bqmyueubdu.jpg,laion,0,0.6769002463185249
diffusion_datasets/laion/0_real/wdjkwiwroa.jpg,laion,0,0.06077080722540787
diffusion_datasets/laion/0_real/zhkktdnkhl.jpg,laion,0,0.05729725283164663
diffusion_datasets/laion/0_real/eelzocmtws.jpg,laion,0,0.0033546958188931013
diffusion_datasets/laion/0_real/ocmzcjegeg.jpg,laion,0,0.9980365794153445
diffusion_datasets/laion/0_real/nkdchwutlw.jpg,laion,0,0.7789366740385366
diffusion_datasets/laion/0_real/pcaodmknyo.jpg,laion,0,0.0026500134663143297
diffusion_datasets/laion/0_real/aowpbzokmp.jpg,laion,0,0.398662614078829
diffusion_datasets/laion/0_real/hcyfeanpao.jpg,laion,0,0.0004737173309942235
diffusion_datasets/laion/0_real/lpvhehbmzv.jpg,laion,0,0.9772009603664777
diffusion_datasets/laion/0_real/fneghrqtsf.jpg,laion,0,0.01880173797491993
diffusion_datasets/laion/0_real/pyydtwntke.jpg,laion,0,0.017389349127476594
diffusion_datasets/laion/0_real/jnrpfsvjdm.jpg,laion,0,0.45212423738707663
diffusion_datasets/laion/0_real/jhcbtfuziq.jpg,laion,0,0.7699170947194011
diffusion_datasets/laion/0_real/tflsufulfn.jpg,laion,0,0.788442473986364
diffusion_datasets/laion/0_real/htpewtqebr.jpg,laion,0,0.0013163636885261158
diffusion_datasets/laion/0_real/jxacexpmcn.jpg,laion,0,0.28433893460667753
diffusion_datasets/laion/0_real/gwwprxqtre.jpg,laion,0,0.8695211903647295
diffusion_datasets/laion/0_real/mlxvdfndsh.jpg,laion,0,0.2504273487876996
diffusion_datasets/laion/0_real/hisyohahzi.jpg,laion,0,0.0003723249621257676
diffusion_datasets/laion/0_real/guljtnkdnj.jpg,laion,0,1.0509219339290124e-05
diffusion_datasets/laion/0_real/lxdnodpvuz.jpg,laion,0,0.9111165138700771
diffusion_datasets/laion/0_real/ygqiosrden.jpg,laion,0,0.00037158537618194433
diffusion_datasets/laion/0_real/tzirqivkgc.jpg,laion,0,0.002811689289225532
diffusion_datasets/laion/0_real/pzvgfnoiln.jpg,laion,0,0.806517347594402
diffusion_datasets/laion/0_real/gaephzrdih.jpg,laion,0,0.0018606247655018461
diffusion_datasets/laion/0_real/gdnoweboab.jpg,laion,0,0.006483276720650413
diffusion_datasets/laion/0_real/oyxvwvxuzr.jpg,laion,0,9.933016638636921e-05
diffusion_datasets/laion/0_real/cswedhbgpd.jpg,laion,0,0.9966509632774936
diffusion_datasets/laion/0_real/mcrhlmdumo.jpg,laion,0,0.08253659919329233
diffusion_datasets/laion/0_real/fegqolkrls.jpg,laion,0,1.9076687232934976e-05
diffusion_datasets/laion/0_real/jjmznfxyeg.jpg,laion,0,0.5390637325463549
diffusion_datasets/laion/0_real/xaetznfnpu.jpg,laion,0,0.935132412625059
diffusion_datasets/laion/0_real/acpwmtyztu.jpg,laion,0,0.014077917009035133
diffusion_datasets/laion/0_real/ljluvxkeau.jpg,laion,0,0.0036300338868842886
diffusion_datasets/laion/0_real/dbcoycuiyt.jpg,laion,0,6.809133446180792e-05
diffusion_datasets/laion/0_real/aakydlwfer.jpg,laion,0,0.09322315197992949
diffusion_datasets/laion/0_real/tnxiofobrb.jpg,laion,0,0.7518933673235538
diffusion_datasets/laion/0_real/lfpytrxtnd.jpg,laion,0,0.7441518350176676
diffusion_datasets/laion/0_real/pvrfveosdy.jpg,laion,0,0.0037448141471117043
diffusion_datasets/laion/0_real/pfvgbusewt.jpg,laion,0,0.33106001769201543
diffusion_datasets/laion/0_real/njslnjximf.jpg,laion,0,0.15621655202931833
diffusion_datasets/laion/0_real/kqtezbdvua.jpg,laion,0,0.21623855970695002
diffusion_datasets/laion/0_real/fzrimmsozw.jpg,laion,0,0.5338364197229433
diffusion_datasets/laion/0_real/qmqkkwwggi.jpg,laion,0,0.9240110662600669
diffusion_datasets/laion/0_real/zcsnybxdqj.jpg,laion,0,0.007561722725367682
diffusion_datasets/laion/0_real/agjsmczzat.jpg,laion,0,0.004986544584688357
diffusion_datasets/laion/0_real/lnavxqqxfa.jpg,laion,0,0.9973182310521226
diffusion_datasets/laion/0_real/rsiiuivgsv.jpg,laion,0,0.00012055540209426213
diffusion_datasets/laion/0_real/vrffpjmuir.jpg,laion,0,0.945301452748923
diffusion_datasets/laion/0_real/nrzbgujfll.jpg,laion,0,0.00047796591921755137
diffusion_datasets/laion/0_real/xiubxgyhcs.jpg,laion,0,0.000996409192008
diffusion_datasets/laion/0_real/xqyjzhnfqu.jpg,laion,0,0.0032184120286808896
diffusion_datasets/laion/0_real/jcbooxfwcy.jpg,laion,0,0.7106467659390582
diffusion_datasets/laion/0_real/mobwrxioai.jpg,laion,0,0.3982355768961301
diffusion_datasets/laion/0_real/kobditubhr.jpg,laion,0,0.21695058903608289
diffusion_datasets/laion/0_real/txviitvyvk.jpg,laion,0,0.10935863482633615
diffusion_datasets/laion/0_real/isrzfmrbjo.jpg,laion,0,0.8179432175213465
diffusion_datasets/laion/0_real/tgzykjsqqa.jpg,laion,0,0.004914728072896618
diffusion_datasets/laion/0_real/nwpodhovep.jpg,laion,0,0.029599950849226047
diffusion_datasets/laion/0_real/yhxjifarjw.jpg,laion,0,0.9546822506139784
diffusion_datasets/laion/0_real/wpptcqobpu.jpg,laion,0,0.0277486065871526
diffusion_datasets/laion/0_real/jgmtkjqepx.jpg,laion,0,0.9031890856391248
diffusion_datasets/laion/0_real/qhhsiahqdz.jpg,laion,0,0.4009110065882676
diffusion_datasets/laion/0_real/rgnjmqxait.jpg,laion,0,0.8556606180763862
diffusion_datasets/laion/0_real/wdxoxbbogy.jpg,laion,0,0.00017650959617774773
diffusion_datasets/laion/0_real/tunmixwvbf.jpg,laion,0,0.6726475995700686
diffusion_datasets/laion/0_real/crzzjqmtan.jpg,laion,0,0.0015749795252552746
diffusion_datasets/laion/0_real/flzalpsilp.jpg,laion,0,0.18515765603639625
diffusion_datasets/laion/0_real/lsmostdlua.jpg,laion,0,0.23068300218613244
diffusion_datasets/laion/0_real/qnqvwdpmam.jpg,laion,0,0.14255058285200903
diffusion_datasets/laion/0_real/dncoarxujc.jpg,laion,0,0.96954678206679
diffusion_datasets/laion/0_real/mgeezotzdw.jpg,laion,0,0.392615294371628
diffusion_datasets/laion/0_real/spnummyudf.jpg,laion,0,0.0456091187811934
diffusion_datasets/laion/0_real/kjacqcuxqc.jpg,laion,0,0.03332131512043399
diffusion_datasets/laion/0_real/gchslncruv.jpg,laion,0,0.04402588403639386
diffusion_datasets/laion/0_real/eufbtfldxd.jpg,laion,0,4.8809783232248616e-05
diffusion_datasets/laion/0_real/wyyltkwttn.jpg,laion,0,0.4574210096979682
diffusion_datasets/laion/0_real/iqjkwjvday.jpg,laion,0,0.1432190444495123
diffusion_datasets/laion/0_real/gckzbyionz.jpg,laion,0,0.010061007084154135
diffusion_datasets/laion/0_real/gsjragxgrg.jpg,laion,0,0.9968022370899738
diffusion_datasets/laion/0_real/jezexlfhiq.jpg,laion,0,0.41383809785207126
diffusion_datasets/laion/0_real/tvhyjyjvbi.jpg,laion,0,0.6541590827363196
diffusion_datasets/laion/0_real/apfyxprqpm.jpg,laion,0,0.9567761492734544
diffusion_datasets/laion/0_real/gbzvqfsaud.jpg,laion,0,0.014011587772106253
diffusion_datasets/laion/0_real/zdteumqsqf.jpg,laion,0,0.0029824685325891506
diffusion_datasets/laion/0_real/olxtdigiux.jpg,laion,0,0.009030268512769649
diffusion_datasets/laion/0_real/xoxubdjnhe.jpg,laion,0,9.065771531270072e-06
diffusion_datasets/laion/0_real/jckrxjozhx.jpg,laion,0,0.06353846109999027
diffusion_datasets/laion/0_real/vcbnrxukwp.jpg,laion,0,0.5798699514589365
diffusion_datasets/laion/0_real/xxxlutdoia.jpg,laion,0,0.0017521128038582008
diffusion_datasets/laion/0_real/ztytemyoxv.jpg,laion,0,0.9927381335868509
diffusion_datasets/laion/0_real/igjyxqgebm.jpg,laion,0,0.47335376273697294
diffusion_datasets/laion/0_real/khmsldutff.jpg,laion,0,2.2552939292553696e-05
diffusion_datasets/laion/0_real/ahwxcijnxm.jpg,laion,0,0.9796004995661456
diffusion_datasets/laion/0_real/crwemtqnoq.jpg,laion,0,0.9981753300338975
diffusion_datasets/laion/0_real/gllomgthtj.jpg,laion,0,0.47840863205038736
diffusion_datasets/laion/0_real/bebadtkmes.jpg,laion,0,0.9756802627870377
diffusion_datasets/laion/0_real/etiolecymt.jpg,laion,0,0.0045855998607391086
diffusion_datasets/laion/0_real/qyaknxvzwp.jpg,laion,0,0.9375650967139525
diffusion_datasets/laion/0_real/kpmxquicco.jpg,laion,0,0.7156787927642269
diffusion_datasets/laion/0_real/zbnbosutcn.jpg,laion,0,0.3849159200867648
diffusion_datasets/laion/0_real/olxnaenbde.jpg,laion,0,0.14361174851014938
diffusion_datasets/laion/0_real/xctsfejxfy.jpg,laion,0,0.9977637397034534
diffusion_datasets/laion/0_real/lzgwytfbdh.jpg,laion,0,0.8070340433464543
diffusion_datasets/laion/0_real/ybihqfczqf.jpg,laion,0,0.8272992074642117
diffusion_datasets/laion/0_real/mrxqbknovu.jpg,laion,0,0.0003231113282447417
diffusion_datasets/laion/0_real/qvizqxsbvw.jpg,laion,0,0.3733119763746604
diffusion_datasets/laion/0_real/xpdelxvksw.jpg,laion,0,0.5885453034462255
diffusion_datasets/laion/0_real/gwwimiekeh.jpg,laion,0,0.07996561815623458
diffusion_datasets/laion/0_real/ixykpgtooh.jpg,laion,0,0.0680522940269229
diffusion_datasets/laion/0_real/jnifdomopt.jpg,laion,0,0.6833277852879571
diffusion_datasets/laion/0_real/mijuwhirnm.jpg,laion,0,0.7710117746323287
diffusion_datasets/laion/0_real/fiejjmdcwg.jpg,laion,0,0.013989731794217442
diffusion_datasets/laion/0_real/ttfwqkviia.jpg,laion,0,0.8915872211177833
diffusion_datasets/laion/0_real/yinujujzud.jpg,laion,0,0.9957556464380236
diffusion_datasets/laion/0_real/izmzwnwzxb.jpg,laion,0,0.06128969184341684
diffusion_datasets/laion/0_real/dexhjtncni.jpg,laion,0,0.2317670295407289
diffusion_datasets/laion/0_real/texcjvnjug.jpg,laion,0,0.1373306371700684
diffusion_datasets/laion/0_real/gbkfcdebke.jpg,laion,0,0.02031163425419925
diffusion_datasets/laion/0_real/iqruwytkxd.jpg,laion,0,0.45002836002363433
diffusion_datasets/laion/0_real/znwafizosm.jpg,laion,0,0.003638374284558147
diffusion_datasets/laion/0_real/tfubqflahj.jpg,laion,0,0.96998921521257
diffusion_datasets/laion/0_real/lkwvbsljma.jpg,laion,0,0.00029302997055556164
diffusion_datasets/laion/0_real/jpkbhfmhql.jpg,laion,0,0.2758174785261413
diffusion_datasets/laion/0_real/tfdqevjhtk.jpg,laion,0,0.41974144499293864
diffusion_datasets/laion/0_real/orgateeurw.jpg,laion,0,0.501392502372255
diffusion_datasets/laion/0_real/kqhrtvmeux.jpg,laion,0,0.922846893337865
diffusion_datasets/laion/0_real/ciwgbjibcd.jpg,laion,0,0.7285353108548163
diffusion_datasets/laion/0_real/fuqmkbouip.jpg,laion,0,0.7214913574091958
diffusion_datasets/laion/0_real/fnjmysjhqo.jpg,laion,0,0.021156999469403987
diffusion_datasets/laion/0_real/ewspkgvjkv.jpg,laion,0,0.997488248969697
diffusion_datasets/laion/0_real/sgggkqzghg.jpg,laion,0,0.0041423888785015565
diffusion_datasets/laion/0_real/qaafihkbbk.jpg,laion,0,0.003107835921737698
diffusion_datasets/laion/0_real/kgwpuybmdo.jpg,laion,0,0.3770253327164634
diffusion_datasets/laion/0_real/hiqkigzfrk.jpg,laion,0,0.6159751292419783
diffusion_datasets/laion/0_real/xjsfnrjtst.jpg,laion,0,0.9101980328060094
diffusion_datasets/laion/0_real/apdgetedbs.jpg,laion,0,0.9835989906445731
diffusion_datasets/laion/0_real/gczswsnqpp.jpg,laion,0,0.6174676787187898
diffusion_datasets/laion/0_real/rlzfziqqrd.jpg,laion,0,0.000490841497856027
diffusion_datasets/laion/0_real/bhlyixirpi.jpg,laion,0,0.003686290046780058
diffusion_datasets/laion/0_real/yytnnkmkun.jpg,laion,0,0.9999387052904157
diffusion_datasets/laion/0_real/cyencgbdne.jpg,laion,0,0.0074069898296808545
diffusion_datasets/laion/0_real/fjyemnydtk.jpg,laion,0,0.04029750147504421
diffusion_datasets/laion/0_real/bobirihsmf.jpg,laion,0,0.6850341529322364
diffusion_datasets/laion/0_real/clutkoqhvu.jpg,laion,0,0.003806940404290926
diffusion_datasets/laion/0_real/msdsnlzcre.jpg,laion,0,0.9584810242048833
diffusion_datasets/laion/0_real/aieykhstre.jpg,laion,0,0.4709289339366898
diffusion_datasets/laion/0_real/zrifjlbkwb.jpg,laion,0,0.0031651985307584824
diffusion_datasets/laion/0_real/yldbjbxfzj.jpg,laion,0,0.9756874550064673
diffusion_datasets/laion/0_real/iwsairnpes.jpg,laion,0,0.0005049354695534695
diffusion_datasets/laion/0_real/utfokfmmbf.jpg,laion,0,0.06422216671324435
diffusion_datasets/laion/0_real/dpsfehmqme.jpg,laion,0,0.12003927571734758
diffusion_datasets/laion/0_real/hhmqvefsdm.jpg,laion,0,0.013902505399472864
diffusion_datasets/laion/0_real/awjhtixyqd.jpg,laion,0,0.8295279732424555
diffusion_datasets/laion/0_real/annkzxvqsz.jpg,laion,0,0.17079207354440282
diffusion_datasets/laion/0_real/gxexzzlcld.jpg,laion,0,0.15679417385384392
diffusion_datasets/laion/0_real/llbqajpkux.jpg,laion,0,0.16113990485022284
diffusion_datasets/laion/0_real/bnhkqppcfl.jpg,laion,0,0.9991434490507305
diffusion_datasets/laion/0_real/uxbgzfafqm.jpg,laion,0,0.6764528278130718
diffusion_datasets/laion/0_real/sxbarbxbis.jpg,laion,0,0.00023722778367324095
diffusion_datasets/laion/0_real/qbannzwxnv.jpg,laion,0,0.9985592226803007
diffusion_datasets/laion/0_real/kkamuhddsi.jpg,laion,0,0.06017809235727962
diffusion_datasets/laion/0_real/pccthywpgs.jpg,laion,0,0.9640409297146393
diffusion_datasets/laion/0_real/yimxruvwud.jpg,laion,0,0.01562187559936135
diffusion_datasets/laion/0_real/ducatuyxdz.jpg,laion,0,0.4723106783350891
diffusion_datasets/laion/0_real/ewldxwaqfh.jpg,laion,0,0.853654952722238
diffusion_datasets/laion/0_real/djtbqkzsak.jpg,laion,0,0.003140838246485665
diffusion_datasets/laion/0_real/gmeufzjqxw.jpg,laion,0,0.986733052779244
diffusion_datasets/laion/0_real/svpwqjhjbu.jpg,laion,0,2.1525267747771543e-05
diffusion_datasets/laion/0_real/hmasnickhh.jpg,laion,0,0.47519070332882996
diffusion_datasets/laion/0_real/kysxvylzkk.jpg,laion,0,0.916674418421597
diffusion_datasets/laion/0_real/lzletadhdl.jpg,laion,0,0.8425498580421583
diffusion_datasets/laion/0_real/afwwethmvf.jpg,laion,0,0.7929781763030442
diffusion_datasets/laion/0_real/znxaufdjpv.jpg,laion,0,0.0015156026261306992
diffusion_datasets/laion/0_real/slrtleyncm.jpg,laion,0,0.2678351926062043
diffusion_datasets/laion/0_real/hnihvkmnje.jpg,laion,0,0.002603186656171405
diffusion_datasets/laion/0_real/qhnjseyjbw.jpg,laion,0,0.5274573783485761
diffusion_datasets/laion/0_real/gufjiiwgrf.jpg,laion,0,0.05486938649232321
diffusion_datasets/laion/0_real/hnsubaglth.jpg,laion,0,0.1697239818388282
diffusion_datasets/laion/0_real/ivvevnakub.jpg,laion,0,0.018546041346272753
diffusion_datasets/laion/0_real/aaksjqrtil.jpg,laion,0,0.880567596445672
diffusion_datasets/laion/0_real/nhmcszkgcq.jpg,laion,0,0.031941868378072565
diffusion_datasets/laion/0_real/attqnlwqgz.jpg,laion,0,0.8394179630050572
diffusion_datasets/laion/0_real/tbganwxklb.jpg,laion,0,0.191908694537724
diffusion_datasets/laion/0_real/kpzyfbuxhi.jpg,laion,0,0.401435796379701
diffusion_datasets/laion/0_real/snjzonvpow.jpg,laion,0,0.18715206496035605
diffusion_datasets/laion/0_real/vkjmgldjai.jpg,laion,0,0.009230590826957596
diffusion_datasets/laion/0_real/osigoexsbv.jpg,laion,0,0.620031919131843
diffusion_datasets/laion/0_real/ascyfbgfmn.jpg,laion,0,0.14859048016273455
diffusion_datasets/laion/0_real/hxayxhqfnz.jpg,laion,0,0.20194876321403904
diffusion_datasets/laion/0_real/vmouwpueqp.jpg,laion,0,0.9724195764790182
diffusion_datasets/laion/0_real/ajldduomvc.jpg,laion,0,0.022270345019707045
diffusion_datasets/laion/0_real/cmuzaenxtt.jpg,laion,0,0.4485628316719492
diffusion_datasets/laion/0_real/mszjipjvvf.jpg,laion,0,0.00167834641183243
diffusion_datasets/laion/0_real/qhuylytsyy.jpg,laion,0,0.004666093026612923
diffusion_datasets/laion/0_real/omsyxrsufp.jpg,laion,0,0.9408385608052364
diffusion_datasets/laion/0_real/jgyprvacek.jpg,laion,0,0.9856015538287051
diffusion_datasets/laion/0_real/pirwlvliku.jpg,laion,0,0.9938220942716663
diffusion_datasets/laion/0_real/eltlpjgnai.jpg,laion,0,7.356535547007753e-05
diffusion_datasets/laion/0_real/xphjlaxygh.jpg,laion,0,0.9993263232743194
diffusion_datasets/laion/0_real/vsoitgrurd.jpg,laion,0,0.7409790986080745
diffusion_datasets/laion/0_real/hdtfurantf.jpg,laion,0,0.010766830889690195
diffusion_datasets/laion/0_real/jtprghimeh.jpg,laion,0,0.02573936620931052
diffusion_datasets/laion/0_real/iuwybjqiha.jpg,laion,0,0.03550694717112289
diffusion_datasets/laion/0_real/iojhamvzyv.jpg,laion,0,0.10785932253447936
diffusion_datasets/laion/0_real/vipmyyceny.jpg,laion,0,0.0016745664404456443
diffusion_datasets/laion/0_real/hhlwjuqsbz.jpg,laion,0,0.4385016135434039
diffusion_datasets/laion/0_real/sxbfuikltb.jpg,laion,0,0.005976764684226206
diffusion_datasets/laion/0_real/xjokdvoxpk.jpg,laion,0,0.06757815949340647
diffusion_datasets/laion/0_real/yxdmgabgrh.jpg,laion,0,0.8897471755381612
diffusion_datasets/laion/0_real/nnuuhindgj.jpg,laion,0,0.7614555164612955
diffusion_datasets/laion/0_real/temvvnfwvq.jpg,laion,0,0.04637563279883357
diffusion_datasets/laion/0_real/tzgkmgcgjt.jpg,laion,0,0.8594749696325871
diffusion_datasets/laion/0_real/ovuipynpix.jpg,laion,0,0.4013817100652696
diffusion_datasets/laion/0_real/nvsdiqcxdc.jpg,laion,0,0.9714389653934864
diffusion_datasets/laion/0_real/cubclpdlyb.jpg,laion,0,0.08412533312908134
diffusion_datasets/laion/0_real/dbifuulczh.jpg,laion,0,0.0018730548516228092
diffusion_datasets/laion/0_real/ikesdclcne.jpg,laion,0,0.001208841433430324
diffusion_datasets/laion/0_real/devyzpyxmr.jpg,laion,0,0.9672864863703021
diffusion_datasets/laion/0_real/paozbcurkw.jpg,laion,0,0.07097047498058687
diffusion_datasets/laion/0_real/vitzpaholy.jpg,laion,0,0.3776498071841479
diffusion_datasets/laion/0_real/nrqrcqxudf.jpg,laion,0,0.7827388803193397
diffusion_datasets/laion/0_real/gpwdhgxzbq.jpg,laion,0,0.9293299493067105
diffusion_datasets/laion/0_real/vwrsjumkmz.jpg,laion,0,0.0008465884514013781
diffusion_datasets/laion/0_real/tgihtkfpyi.jpg,laion,0,0.0010266357992574503
diffusion_datasets/laion/0_real/hajmuavfdr.jpg,laion,0,0.819383559896155
diffusion_datasets/laion/0_real/cciqgyfbnw.jpg,laion,0,0.003443177295918006
diffusion_datasets/laion/0_real/gbmtgdhzrx.jpg,laion,0,0.003120454997687685
diffusion_datasets/laion/0_real/wkkhoodytf.jpg,laion,0,0.546606483405575
diffusion_datasets/laion/0_real/uqgovdwcrr.jpg,laion,0,0.025370174424428665
diffusion_datasets/laion/0_real/stnicrfcsk.jpg,laion,0,2.5440526303470525e-05
diffusion_datasets/laion/0_real/hbdtraluzp.jpg,laion,0,0.0006788143442110879
diffusion_datasets/laion/0_real/zchftlmgnh.jpg,laion,0,0.02958559817328882
diffusion_datasets/laion/0_real/jsytpmwrvb.jpg,laion,0,0.20818871224171234
diffusion_datasets/laion/0_real/gcenmxpfnz.jpg,laion,0,0.03657158778620956
diffusion_datasets/laion/0_real/mfoxhwrofa.jpg,laion,0,0.9492252195641847
diffusion_datasets/laion/0_real/xfblvcbesb.jpg,laion,0,0.9835326023702736
diffusion_datasets/laion/0_real/izuqfuuvtc.jpg,laion,0,0.4830940647221734
diffusion_datasets/laion/0_real/arfbiucpar.jpg,laion,0,0.9604811401731356
diffusion_datasets/laion/0_real/figfzyfhkt.jpg,laion,0,0.6930833537538473
diffusion_datasets/laion/0_real/jsozceeudr.jpg,laion,0,0.08691010036519639
diffusion_datasets/laion/0_real/jvfamsvrme.jpg,laion,0,0.15839161623411108
diffusion_datasets/laion/0_real/hxyxqnzbzd.jpg,laion,0,0.9568572545172509
diffusion_datasets/laion/0_real/psvhorutyv.jpg,laion,0,0.024287663025126128
diffusion_datasets/laion/0_real/owwrkfwvmg.jpg,laion,0,0.015300603394795881
diffusion_datasets/laion/0_real/bbmeviacjm.jpg,laion,0,0.33066100572466994
diffusion_datasets/laion/0_real/hsweljupee.jpg,laion,0,0.9644247406577199
diffusion_datasets/laion/0_real/ywhajfzors.jpg,laion,0,0.06504685135572369
diffusion_datasets/laion/0_real/hjshyxnjca.jpg,laion,0,0.9733884256260961
diffusion_datasets/laion/0_real/vofhkesmtv.jpg,laion,0,0.9330213880033383
diffusion_datasets/laion/0_real/bfczagsxfw.jpg,laion,0,0.34892104151633324
diffusion_datasets/laion/0_real/touiowfclv.jpg,laion,0,0.007781008621351311
diffusion_datasets/laion/0_real/asxtxajrfc.jpg,laion,0,0.003468083045173843
diffusion_datasets/laion/0_real/wynbrdoyde.jpg,laion,0,0.06341451099808204
diffusion_datasets/laion/0_real/jhnbcswvmq.jpg,laion,0,0.5149876401674695
diffusion_datasets/laion/0_real/gzmbdszeyt.jpg,laion,0,0.8864038989084598
diffusion_datasets/laion/0_real/qpjsgmteke.jpg,laion,0,0.023655350828110662
diffusion_datasets/laion/0_real/qvxgfrmtjl.jpg,laion,0,0.5440586275593072
diffusion_datasets/laion/0_real/lmbvfedfye.jpg,laion,0,0.175337039492447
diffusion_datasets/laion/0_real/arjjdokwee.jpg,laion,0,7.819940729815687e-05
diffusion_datasets/laion/0_real/wbcncldemw.jpg,laion,0,0.917270282006112
diffusion_datasets/laion/0_real/mizxozzqsb.jpg,laion,0,0.992877243830211
diffusion_datasets/laion/0_real/rzvoxvfpaz.jpg,laion,0,1.955805805470452e-05
diffusion_datasets/laion/0_real/jrdflpqmct.jpg,laion,0,0.8802033885222081
diffusion_datasets/laion/0_real/qlhvuhhqol.jpg,laion,0,0.8100100494397356
diffusion_datasets/laion/0_real/eaesoxacae.jpg,laion,0,0.036862776692640625
diffusion_datasets/laion/0_real/gxvvzagtkn.jpg,laion,0,0.9386808367936096
diffusion_datasets/laion/0_real/bjipeebzgu.jpg,laion,0,2.2378540627190535e-05
diffusion_datasets/laion/0_real/wrplkwvjrk.jpg,laion,0,0.9646204916339101
diffusion_datasets/laion/0_real/hzrxscnjew.jpg,laion,0,0.0011245945308364892
diffusion_datasets/laion/0_real/clnogwmxno.jpg,laion,0,0.9394389060243092
diffusion_datasets/laion/0_real/jbsbxfrewb.jpg,laion,0,0.8557436894874185
diffusion_datasets/laion/0_real/aujwkgbadp.jpg,laion,0,0.9550547299983723
diffusion_datasets/laion/0_real/nfysclasrr.jpg,laion,0,0.008414700221058178
diffusion_datasets/laion/0_real/iqijagswok.jpg,laion,0,0.90791690734216
diffusion_datasets/laion/0_real/qtwdrpnjgz.jpg,laion,0,0.00027335649496819435
diffusion_datasets/ldm_200/1_fake/kszghluqlw.png,ldm_200,1,0.1817406960122395
diffusion_datasets/ldm_200/1_fake/pirwlvliku.png,ldm_200,1,0.2910784903027578
diffusion_datasets/ldm_200/1_fake/bxfbgvlfqu.png,ldm_200,1,0.793723760780711
diffusion_datasets/ldm_200/1_fake/ywjlbpxbjz.png,ldm_200,1,0.9898971733093723
diffusion_datasets/ldm_200/1_fake/yvwtaordyd.png,ldm_200,1,0.9894980309842584
diffusion_datasets/ldm_200/1_fake/ofgvdkgdnd.png,ldm_200,1,0.8608720050324206
diffusion_datasets/ldm_200/1_fake/vqrdytkinp.png,ldm_200,1,0.05897422754262268
diffusion_datasets/ldm_200/1_fake/vutxbsgjsz.png,ldm_200,1,0.15663166069374276
diffusion_datasets/ldm_200/1_fake/wzdhwjmvgy.png,ldm_200,1,0.9998076895645731
diffusion_datasets/ldm_200/1_fake/rprdsmygod.png,ldm_200,1,0.012267886979030793
diffusion_datasets/ldm_200/1_fake/rzrzcujvqg.png,ldm_200,1,0.8332728776084651
diffusion_datasets/ldm_200/1_fake/vmouwpueqp.png,ldm_200,1,0.1432910473624416
diffusion_datasets/ldm_200/1_fake/eelzocmtws.png,ldm_200,1,0.9999462017298311
diffusion_datasets/ldm_200/1_fake/jhcimomcij.png,ldm_200,1,0.0005708142641010348
diffusion_datasets/ldm_200/1_fake/alzrdyourf.png,ldm_200,1,0.12038988236807407
diffusion_datasets/ldm_200/1_fake/bicflvshvw.png,ldm_200,1,0.8793151775451099
diffusion_datasets/ldm_200/1_fake/hptzommwzk.png,ldm_200,1,0.9689145519507764
diffusion_datasets/ldm_200/1_fake/ivvevnakub.png,ldm_200,1,0.7717322798136378
diffusion_datasets/ldm_200/1_fake/fjjzjquuqt.png,ldm_200,1,0.9925461848510838
diffusion_datasets/ldm_200/1_fake/smmiazxocc.png,ldm_200,1,0.8611883498198254
diffusion_datasets/ldm_200/1_fake/cubsnkbrrm.png,ldm_200,1,0.36712695767293935
diffusion_datasets/ldm_200/1_fake/tnxiofobrb.png,ldm_200,1,0.9268071513880568
diffusion_datasets/ldm_200/1_fake/vmrobijbmc.png,ldm_200,1,0.16974129737013852
diffusion_datasets/ldm_200/1_fake/iqiospmdok.png,ldm_200,1,0.23060570765908678
diffusion_datasets/ldm_200/1_fake/gayjhkcdkw.png,ldm_200,1,0.14311100395227563
diffusion_datasets/ldm_200/1_fake/rpwhvvwxag.png,ldm_200,1,0.40375709465699094
diffusion_datasets/ldm_200/1_fake/wketmynlnj.png,ldm_200,1,0.7863421278484539
diffusion_datasets/ldm_200/1_fake/vsivgpmche.png,ldm_200,1,0.17985774550799793
diffusion_datasets/ldm_200/1_fake/oqgbxaotgn.png,ldm_200,1,0.004315657295780328
diffusion_datasets/ldm_200/1_fake/orgateeurw.png,ldm_200,1,0.7566235618177619
diffusion_datasets/ldm_200/1_fake/fgizsruyxb.png,ldm_200,1,0.9655246583103275
diffusion_datasets/ldm_200/1_fake/ftmhbluvwz.png,ldm_200,1,0.7162567698784595
diffusion_datasets/ldm_200/1_fake/temvvnfwvq.png,ldm_200,1,0.9970322565939925
diffusion_datasets/ldm_200/1_fake/kzaxlmhpyk.png,ldm_200,1,0.9128377291805042
diffusion_datasets/ldm_200/1_fake/mtftroydhh.png,ldm_200,1,0.9966413418638663
diffusion_datasets/ldm_200/1_fake/yaaqlxnzhi.png,ldm_200,1,0.23277698697701302
diffusion_datasets/ldm_200/1_fake/cyencgbdne.png,ldm_200,1,0.0771248579219105
diffusion_datasets/ldm_200/1_fake/crwemtqnoq.png,ldm_200,1,0.8088155197770784
diffusion_datasets/ldm_200/1_fake/bbupregfhp.png,ldm_200,1,0.0060846126370918035
diffusion_datasets/ldm_200/1_fake/uqyyhogjkx.png,ldm_200,1,0.7629124837555207
diffusion_datasets/ldm_200/1_fake/pekxwkfhua.png,ldm_200,1,0.5885650584203478
diffusion_datasets/ldm_200/1_fake/dwgrruvbsz.png,ldm_200,1,0.9996244248923074
diffusion_datasets/ldm_200/1_fake/pjvqcnpfqy.png,ldm_200,1,0.8784664589112127
diffusion_datasets/ldm_200/1_fake/xiubxgyhcs.png,ldm_200,1,0.8798013750787921
diffusion_datasets/ldm_200/1_fake/ouirlfwsyx.png,ldm_200,1,0.8982161754299574
diffusion_datasets/ldm_200/1_fake/vpruwhsipu.png,ldm_200,1,0.2539723977086445
diffusion_datasets/ldm_200/1_fake/imkvcjrnck.png,ldm_200,1,0.7506155402555661
diffusion_datasets/ldm_200/1_fake/newahshtuc.png,ldm_200,1,0.0008101665490822601
diffusion_datasets/ldm_200/1_fake/aociqzuesd.png,ldm_200,1,0.8702012686690466
diffusion_datasets/ldm_200/1_fake/hhhwzgcieg.png,ldm_200,1,0.9672397015513715
diffusion_datasets/ldm_200/1_fake/utfokfmmbf.png,ldm_200,1,0.4887718264795717
diffusion_datasets/ldm_200/1_fake/shkxdbeqpn.png,ldm_200,1,0.9692284848392123
diffusion_datasets/ldm_200/1_fake/titltoewou.png,ldm_200,1,0.015198499472000318
diffusion_datasets/ldm_200/1_fake/kxyebvmqsl.png,ldm_200,1,0.9992804802653144
diffusion_datasets/ldm_200/1_fake/eoacigirrk.png,ldm_200,1,0.91789301273265
diffusion_datasets/ldm_200/1_fake/bxoicyhddk.png,ldm_200,1,0.8278673602693722
diffusion_datasets/ldm_200/1_fake/xoxubdjnhe.png,ldm_200,1,0.1552447373409248
diffusion_datasets/ldm_200/1_fake/pfvgbusewt.png,ldm_200,1,0.9588939501093868
diffusion_datasets/ldm_200/1_fake/cxjsjqusph.png,ldm_200,1,0.6915358839279353
diffusion_datasets/ldm_200/1_fake/hpmppyffov.png,ldm_200,1,0.7598506534427083
diffusion_datasets/ldm_200/1_fake/mkkaiicgks.png,ldm_200,1,0.6799250064080713
diffusion_datasets/ldm_200/1_fake/ftojusbwcq.png,ldm_200,1,0.6403259690949558
diffusion_datasets/ldm_200/1_fake/uzjbonpwla.png,ldm_200,1,0.8589426794906121
diffusion_datasets/ldm_200/1_fake/clnogwmxno.png,ldm_200,1,0.6378611428315981
diffusion_datasets/ldm_200/1_fake/ynescstwdk.png,ldm_200,1,0.8314205375589826
diffusion_datasets/ldm_200/1_fake/vwsjebonhl.png,ldm_200,1,0.8878931609198821
diffusion_datasets/ldm_200/1_fake/sbuowwvzjw.png,ldm_200,1,0.9706144454465016
diffusion_datasets/ldm_200/1_fake/hectwezedz.png,ldm_200,1,0.9615176256318448
diffusion_datasets/ldm_200/1_fake/dimuqznulw.png,ldm_200,1,0.9243610071241123
diffusion_datasets/ldm_200/1_fake/myjibkfcjw.png,ldm_200,1,0.04297047010615851
diffusion_datasets/ldm_200/1_fake/vwkbynfcdl.png,ldm_200,1,0.9974057633720298
diffusion_datasets/ldm_200/1_fake/bjipeebzgu.png,ldm_200,1,0.24042154080723338
diffusion_datasets/ldm_200/1_fake/gsjragxgrg.png,ldm_200,1,0.9974851963939861
diffusion_datasets/ldm_200/1_fake/yfnrrhachx.png,ldm_200,1,0.9198363566693992
diffusion_datasets/ldm_200/1_fake/fuqmkbouip.png,ldm_200,1,0.9995320105915886
diffusion_datasets/ldm_200/1_fake/usrafpawra.png,ldm_200,1,0.9993136497831061
diffusion_datasets/ldm_200/1_fake/llaiteusmv.png,ldm_200,1,0.8026449042101059
diffusion_datasets/ldm_200/1_fake/zdteumqsqf.png,ldm_200,1,0.8627053331216059
diffusion_datasets/ldm_200/1_fake/wipphellrw.png,ldm_200,1,0.9914333433950685
diffusion_datasets/ldm_200/1_fake/aadlygmazf.png,ldm_200,1,0.93669813676952
diffusion_datasets/ldm_200/1_fake/cspmbvyjpm.png,ldm_200,1,0.5766468354334471
diffusion_datasets/ldm_200/1_fake/kwqbkshqjn.png,ldm_200,1,0.9811939045026455
diffusion_datasets/ldm_200/1_fake/kiimhjeatg.png,ldm_200,1,0.9917496197392746
diffusion_datasets/ldm_200/1_fake/kkqnltzvmr.png,ldm_200,1,0.04262182635263742
diffusion_datasets/ldm_200/1_fake/bzuoezatge.png,ldm_200,1,0.7851245227612592
diffusion_datasets/ldm_200/1_fake/dpsfehmqme.png,ldm_200,1,0.9722806691956627
diffusion_datasets/ldm_200/1_fake/ppufoaihkk.png,ldm_200,1,0.09535419130095966
diffusion_datasets/ldm_200/1_fake/xdpqtpwyiz.png,ldm_200,1,0.9487333935088701
diffusion_datasets/ldm_200/1_fake/nhmoimaaqz.png,ldm_200,1,0.17507681007935974
diffusion_datasets/ldm_200/1_fake/ccbrpvitlb.png,ldm_200,1,0.9013666365718744
diffusion_datasets/ldm_200/1_fake/rsekavebcp.png,ldm_200,1,0.9507818827005023
diffusion_datasets/ldm_200/1_fake/mbkwfjqeay.png,ldm_200,1,0.55559704345766
diffusion_datasets/ldm_200/1_fake/hisyohahzi.png,ldm_200,1,0.9754350201608748
diffusion_datasets/ldm_200/1_fake/xvrgnnvmdu.png,ldm_200,1,0.9696570901408434
diffusion_datasets/ldm_200/1_fake/figfzyfhkt.png,ldm_200,1,0.9966316117585667
diffusion_datasets/ldm_200/1_fake/drnfeijjlp.png,ldm_200,1,0.9274309822704356
diffusion_datasets/ldm_200/1_fake/gropzgdcno.png,ldm_200,1,0.9983650391839448
diffusion_datasets/ldm_200/1_fake/ywhajfzors.png,ldm_200,1,0.5219042492447599
diffusion_datasets/ldm_200/1_fake/qtwdrpnjgz.png,ldm_200,1,0.08345221601964162
diffusion_datasets/ldm_200/1_fake/ajefhvvxek.png,ldm_200,1,0.05703751564830493
diffusion_datasets/ldm_200/1_fake/bqeilhkbun.png,ldm_200,1,0.9699335192970963
diffusion_datasets/ldm_200/1_fake/qyjvmgdrmq.png,ldm_200,1,0.9632732893338122
diffusion_datasets/ldm_200/1_fake/bbsnktsonl.png,ldm_200,1,0.26397961041251544
diffusion_datasets/ldm_200/1_fake/sevosnzutr.png,ldm_200,1,0.9861656748685163
diffusion_datasets/ldm_200/1_fake/npgjxoaxcz.png,ldm_200,1,0.9994618024029244
diffusion_datasets/ldm_200/1_fake/jnifdomopt.png,ldm_200,1,0.99108459795673
diffusion_datasets/ldm_200/1_fake/jgyprvacek.png,ldm_200,1,0.6640552685278125
diffusion_datasets/ldm_200/1_fake/jzcptodnmr.png,ldm_200,1,0.9783604754409365
diffusion_datasets/ldm_200/1_fake/vwklacfxmw.png,ldm_200,1,0.01921608349769463
diffusion_datasets/ldm_200/1_fake/bbdiioaqyn.png,ldm_200,1,6.564766592975476e-05
diffusion_datasets/ldm_200/1_fake/nejpnuzhor.png,ldm_200,1,0.3374877802116284
diffusion_datasets/ldm_200/1_fake/umnlmiykjp.png,ldm_200,1,0.7306028602007923
diffusion_datasets/ldm_200/1_fake/cpyrataump.png,ldm_200,1,0.026543652583657897
diffusion_datasets/ldm_200/1_fake/awjhtixyqd.png,ldm_200,1,0.8985499295461195
diffusion_datasets/ldm_200/1_fake/qsndeimedb.png,ldm_200,1,0.016837858389852366
diffusion_datasets/ldm_200/1_fake/sltdkynkrd.png,ldm_200,1,0.9998063386047149
diffusion_datasets/ldm_200/1_fake/kysxvylzkk.png,ldm_200,1,0.9684129189983333
diffusion_datasets/ldm_200/1_fake/jmqnijkden.png,ldm_200,1,0.5945023107138054
diffusion_datasets/ldm_200/1_fake/bxmsmmxizq.png,ldm_200,1,0.1248019429770591
diffusion_datasets/ldm_200/1_fake/iibymqusjk.png,ldm_200,1,0.05477859132484975
diffusion_datasets/ldm_200/1_fake/xhhbffrquk.png,ldm_200,1,0.10500955914419152
diffusion_datasets/ldm_200/1_fake/jezlovnknx.png,ldm_200,1,0.9942404309044659
diffusion_datasets/ldm_200/1_fake/siheeokstl.png,ldm_200,1,0.9860140187117082
diffusion_datasets/ldm_200/1_fake/ygbcaqrvep.png,ldm_200,1,0.9861110329597307
diffusion_datasets/ldm_200/1_fake/yxdmgabgrh.png,ldm_200,1,0.39189009005148356
diffusion_datasets/ldm_200/1_fake/bvbspxdfxz.png,ldm_200,1,0.16412580289696363
diffusion_datasets/ldm_200/1_fake/qsuodtmksx.png,ldm_200,1,0.9968986133372278
diffusion_datasets/ldm_200/1_fake/jdoqiuxxvj.png,ldm_200,1,0.005327791597504157
diffusion_datasets/ldm_200/1_fake/lakovwneny.png,ldm_200,1,0.9917278438550658
diffusion_datasets/ldm_200/1_fake/rdudakwwfl.png,ldm_200,1,0.8660593619958543
diffusion_datasets/ldm_200/1_fake/sxbarbxbis.png,ldm_200,1,0.8593934504665804
diffusion_datasets/ldm_200/1_fake/qwawgjhkcz.png,ldm_200,1,0.7992363037134202
diffusion_datasets/ldm_200/1_fake/nhlvajciai.png,ldm_200,1,0.9917657395624468
diffusion_datasets/ldm_200/1_fake/nhcqvlreou.png,ldm_200,1,0.9271454351896512
diffusion_datasets/ldm_200/1_fake/wsbyyiugsn.png,ldm_200,1,0.7648545431790205
diffusion_datasets/ldm_200/1_fake/eayzvzrytx.png,ldm_200,1,0.5921704874482107
diffusion_datasets/ldm_200/1_fake/vjkzbfozoo.png,ldm_200,1,0.9148459375087861
diffusion_datasets/ldm_200/1_fake/hjovhnpjdf.png,ldm_200,1,0.8876863787286527
diffusion_datasets/ldm_200/1_fake/fcgojsqxhw.png,ldm_200,1,0.9282967302451909
diffusion_datasets/ldm_200/1_fake/panagqebev.png,ldm_200,1,0.9057048530682462
diffusion_datasets/ldm_200/1_fake/vfhdjmajxv.png,ldm_200,1,0.6526678795228306
diffusion_datasets/ldm_200/1_fake/ivswfntzwh.png,ldm_200,1,0.5326913494458895
diffusion_datasets/ldm_200/1_fake/cmuzaenxtt.png,ldm_200,1,0.9632453803101202
diffusion_datasets/ldm_200/1_fake/gczswsnqpp.png,ldm_200,1,0.19008187876849222
diffusion_datasets/ldm_200/1_fake/oertmmpfuq.png,ldm_200,1,0.7915883953370152
diffusion_datasets/ldm_200/1_fake/sxbfuikltb.png,ldm_200,1,0.9977929767290695
diffusion_datasets/ldm_200/1_fake/pbblbgdzjz.png,ldm_200,1,0.9682320393867492
diffusion_datasets/ldm_200/1_fake/qtlexhtorg.png,ldm_200,1,0.9911277613230529
diffusion_datasets/ldm_200/1_fake/hxyxqnzbzd.png,ldm_200,1,0.28817771963977845
diffusion_datasets/ldm_200/1_fake/jezexlfhiq.png,ldm_200,1,0.9574027838523294
diffusion_datasets/ldm_200/1_fake/oxkzwdrxay.png,ldm_200,1,0.0063271069481055
diffusion_datasets/ldm_200/1_fake/fxxzogdrnu.png,ldm_200,1,0.002506222146583058
diffusion_datasets/ldm_200/1_fake/tgzykjsqqa.png,ldm_200,1,0.9996763576467461
diffusion_datasets/ldm_200/1_fake/pcwvbmjrea.png,ldm_200,1,0.021842975629406607
diffusion_datasets/ldm_200/1_fake/owymrcrmoo.png,ldm_200,1,0.8018043080717316
diffusion_datasets/ldm_200/1_fake/aowpbzokmp.png,ldm_200,1,0.6605439827691589
diffusion_datasets/ldm_200/1_fake/wrplkwvjrk.png,ldm_200,1,0.9939607986706698
diffusion_datasets/ldm_200/1_fake/mtclcgxdyh.png,ldm_200,1,0.7688451532193447
diffusion_datasets/ldm_200/1_fake/xnesojheqr.png,ldm_200,1,0.21760480595627704
diffusion_datasets/ldm_200/1_fake/yxyqoryjpu.png,ldm_200,1,0.982833317755037
diffusion_datasets/ldm_200/1_fake/yecvsijdsn.png,ldm_200,1,0.87856438120152
diffusion_datasets/ldm_200/1_fake/xvulqfblsf.png,ldm_200,1,0.9908711350661628
diffusion_datasets/ldm_200/1_fake/annkzxvqsz.png,ldm_200,1,0.9666643915710056
diffusion_datasets/ldm_200/1_fake/niehixqsig.png,ldm_200,1,0.9969749685595795
diffusion_datasets/ldm_200/1_fake/tptqwsoovh.png,ldm_200,1,0.0030007205399128624
diffusion_datasets/ldm_200/1_fake/zxaydtvcbx.png,ldm_200,1,0.018227503422663095
diffusion_datasets/ldm_200/1_fake/iuwybjqiha.png,ldm_200,1,0.7141706190325229
diffusion_datasets/ldm_200/1_fake/qaafihkbbk.png,ldm_200,1,0.8655351006191483
diffusion_datasets/ldm_200/1_fake/vocoamkcza.png,ldm_200,1,0.3451645099117347
diffusion_datasets/ldm_200/1_fake/likeehktbp.png,ldm_200,1,0.6915182668955292
diffusion_datasets/ldm_200/1_fake/eqtzpzsbnp.png,ldm_200,1,0.991702373518568
diffusion_datasets/ldm_200/1_fake/iqruwytkxd.png,ldm_200,1,0.17577369345329882
diffusion_datasets/ldm_200/1_fake/sgnnltafbd.png,ldm_200,1,0.943732586299717
diffusion_datasets/ldm_200/1_fake/qtpttlawjz.png,ldm_200,1,0.40170481159337235
diffusion_datasets/ldm_200/1_fake/xfhgbduucl.png,ldm_200,1,0.9930237900821264
diffusion_datasets/ldm_200/1_fake/mfoxhwrofa.png,ldm_200,1,0.9963040245486514
diffusion_datasets/ldm_200/1_fake/mbtqfbwlry.png,ldm_200,1,0.9730172745030368
diffusion_datasets/ldm_200/1_fake/ftobdflmuz.png,ldm_200,1,0.019563869862603077
diffusion_datasets/ldm_200/1_fake/mfmhhrlxuy.png,ldm_200,1,0.9752743408340705
diffusion_datasets/ldm_200/1_fake/xqyjzhnfqu.png,ldm_200,1,0.9973703275481063
diffusion_datasets/ldm_200/1_fake/qpjsgmteke.png,ldm_200,1,0.04380296326875282
diffusion_datasets/ldm_200/1_fake/txviitvyvk.png,ldm_200,1,0.6624510786194725
diffusion_datasets/ldm_200/1_fake/sinwhncecv.png,ldm_200,1,0.8795446706990181
diffusion_datasets/ldm_200/1_fake/qgxnqynxwh.png,ldm_200,1,0.9935392179742915
diffusion_datasets/ldm_200/1_fake/njslnjximf.png,ldm_200,1,0.9490071189918304
diffusion_datasets/ldm_200/1_fake/ewspkgvjkv.png,ldm_200,1,0.24230460018321948
diffusion_datasets/ldm_200/1_fake/ciwgbjibcd.png,ldm_200,1,0.46507135794243126
diffusion_datasets/ldm_200/1_fake/smdvfqmevj.png,ldm_200,1,0.9811180983743779
diffusion_datasets/ldm_200/1_fake/spuypppvyh.png,ldm_200,1,0.9937299500239781
diffusion_datasets/ldm_200/1_fake/yatxnhyhyw.png,ldm_200,1,0.9031663628902247
diffusion_datasets/ldm_200/1_fake/llmwutwhbl.png,ldm_200,1,0.9968893170485962
diffusion_datasets/ldm_200/1_fake/vrwfguctin.png,ldm_200,1,0.9946602502448356
diffusion_datasets/ldm_200/1_fake/uesrfqrmys.png,ldm_200,1,0.8015566746305939
diffusion_datasets/ldm_200/1_fake/muszivpifs.png,ldm_200,1,0.9249433323044771
diffusion_datasets/ldm_200/1_fake/zdqmadvhbl.png,ldm_200,1,0.8291666298771135
diffusion_datasets/ldm_200/1_fake/mzwodmlccu.png,ldm_200,1,0.8589561018198872
diffusion_datasets/ldm_200/1_fake/ikesdclcne.png,ldm_200,1,0.08425967651936181
diffusion_datasets/ldm_200/1_fake/wcuupgwotu.png,ldm_200,1,0.8846682568286774
diffusion_datasets/ldm_200/1_fake/kgmqyotoqo.png,ldm_200,1,0.998968165364632
diffusion_datasets/ldm_200/1_fake/ixykpgtooh.png,ldm_200,1,0.29908998110389934
diffusion_datasets/ldm_200/1_fake/tgkezflbjz.png,ldm_200,1,0.7849494640540253
diffusion_datasets/ldm_200/1_fake/lmbvfedfye.png,ldm_200,1,0.9990215902545211
diffusion_datasets/ldm_200/1_fake/gfdekurnbz.png,ldm_200,1,0.9392543665998342
diffusion_datasets/ldm_200/1_fake/rtbrwgwkho.png,ldm_200,1,0.5894064519461507
diffusion_datasets/ldm_200/1_fake/splerbaidx.png,ldm_200,1,0.051346046363669844
diffusion_datasets/ldm_200/1_fake/wekyyrslyw.png,ldm_200,1,0.7638811690619939
diffusion_datasets/ldm_200/1_fake/kqmbpossfq.png,ldm_200,1,0.018457808958839892
diffusion_datasets/ldm_200/1_fake/fwqtzyeait.png,ldm_200,1,0.9978196817290378
diffusion_datasets/ldm_200/1_fake/rlarzjlvnd.png,ldm_200,1,0.3746887954671307
diffusion_datasets/ldm_200/1_fake/adizyjvxam.png,ldm_200,1,0.06160293178881169
diffusion_datasets/ldm_200/1_fake/jbteyioohc.png,ldm_200,1,0.4290475826766192
diffusion_datasets/ldm_200/1_fake/fihznganle.png,ldm_200,1,0.985230548001404
diffusion_datasets/ldm_200/1_fake/krqkilakxw.png,ldm_200,1,0.9192562271135764
diffusion_datasets/ldm_200/1_fake/ascyfbgfmn.png,ldm_200,1,0.9934719998977484
diffusion_datasets/ldm_200/1_fake/wtzwjbopzy.png,ldm_200,1,0.3557266169155322
diffusion_datasets/ldm_200/1_fake/izuqfuuvtc.png,ldm_200,1,0.9960948011413353
diffusion_datasets/ldm_200/1_fake/crzzjqmtan.png,ldm_200,1,0.46445153195299194
diffusion_datasets/ldm_200/1_fake/kobditubhr.png,ldm_200,1,0.9026481768587907
diffusion_datasets/ldm_200/1_fake/nypkpjmzri.png,ldm_200,1,0.9961165779627089
diffusion_datasets/ldm_200/1_fake/nrzbgujfll.png,ldm_200,1,0.10860329412089913
diffusion_datasets/ldm_200/1_fake/pptvyzosrk.png,ldm_200,1,0.6836556898452458
diffusion_datasets/ldm_200/1_fake/gwwimiekeh.png,ldm_200,1,0.9978802839484912
diffusion_datasets/ldm_200/1_fake/gxvvzagtkn.png,ldm_200,1,0.880055480766579
diffusion_datasets/ldm_200/1_fake/jrzuxwwxsh.png,ldm_200,1,0.9809780688514775
diffusion_datasets/ldm_200/1_fake/llbqajpkux.png,ldm_200,1,0.9978456876127714
diffusion_datasets/ldm_200/1_fake/psosqfwlqc.png,ldm_200,1,0.9637897926488485
diffusion_datasets/ldm_200/1_fake/ddeuvxknie.png,ldm_200,1,0.20208254569836562
diffusion_datasets/ldm_200/1_fake/fegqolkrls.png,ldm_200,1,0.37139072294352093
diffusion_datasets/ldm_200/1_fake/vcuznpgkuo.png,ldm_200,1,0.9994149910952541
diffusion_datasets/ldm_200/1_fake/hjshyxnjca.png,ldm_200,1,0.9880105036238325
diffusion_datasets/ldm_200/1_fake/iwkrlrqsbn.png,ldm_200,1,0.8033158570115678
diffusion_datasets/ldm_200/1_fake/vpokhpnoyy.png,ldm_200,1,0.0027116328507148513
diffusion_datasets/ldm_200/1_fake/spnummyudf.png,ldm_200,1,0.9869213543475961
diffusion_datasets/ldm_200/1_fake/nipnhttkcg.png,ldm_200,1,0.985737298795297
diffusion_datasets/ldm_200/1_fake/fvbwueqmmc.png,ldm_200,1,0.6999850706182567
diffusion_datasets/ldm_200/1_fake/psvhorutyv.png,ldm_200,1,0.7816724423972448
diffusion_datasets/ldm_200/1_fake/oyxvwvxuzr.png,ldm_200,1,0.9625465087867581
diffusion_datasets/ldm_200/1_fake/vftoepxxkj.png,ldm_200,1,0.9808865173203377
diffusion_datasets/ldm_200/1_fake/rigaxqbjbr.png,ldm_200,1,0.9935558631839414
diffusion_datasets/ldm_200/1_fake/eltlpjgnai.png,ldm_200,1,0.07158386707721986
diffusion_datasets/ldm_200/1_fake/umhgkshvea.png,ldm_200,1,0.94198562418054
diffusion_datasets/ldm_200/1_fake/fksurkvzeg.png,ldm_200,1,0.585200827521807
diffusion_datasets/ldm_200/1_fake/njrelhtzux.png,ldm_200,1,0.828334163626111
diffusion_datasets/ldm_200/1_fake/cmgdpkxuef.png,ldm_200,1,0.07771585283558222
diffusion_datasets/ldm_200/1_fake/omsyxrsufp.png,ldm_200,1,0.8247614555896216
diffusion_datasets/ldm_200/1_fake/dbmufhmuzs.png,ldm_200,1,0.9540479487774818
diffusion_datasets/ldm_200/1_fake/qbhxmjxsev.png,ldm_200,1,0.048705755479517485
diffusion_datasets/ldm_200/1_fake/nyrfgpglht.png,ldm_200,1,0.005120705402079254
diffusion_datasets/ldm_200/1_fake/bsoomuiluf.png,ldm_200,1,0.9816224639380605
diffusion_datasets/ldm_200/1_fake/ifqwneltpg.png,ldm_200,1,0.45624181093111993
diffusion_datasets/ldm_200/1_fake/leadpebgwn.png,ldm_200,1,0.9319332369911382
diffusion_datasets/ldm_200/1_fake/ncyvrxsbym.png,ldm_200,1,0.3877661787398156
diffusion_datasets/ldm_200/1_fake/hbdtraluzp.png,ldm_200,1,0.3134043345816997
diffusion_datasets/ldm_200/1_fake/ktsfcdbxkp.png,ldm_200,1,0.9861343667589131
diffusion_datasets/ldm_200/1_fake/hiqkigzfrk.png,ldm_200,1,0.9819752771741905
diffusion_datasets/ldm_200/1_fake/qkkcelqgiq.png,ldm_200,1,0.49833015725978336
diffusion_datasets/ldm_200/1_fake/yytnnkmkun.png,ldm_200,1,0.9819336233592633
diffusion_datasets/ldm_200/1_fake/vmlzuywhlr.png,ldm_200,1,0.9988221124588685
diffusion_datasets/ldm_200/1_fake/dbifuulczh.png,ldm_200,1,0.9710140068170023
diffusion_datasets/ldm_200/1_fake/fzmzemtxkr.png,ldm_200,1,0.1595242520679278
diffusion_datasets/ldm_200/1_fake/uwzfugbfno.png,ldm_200,1,0.9643622126178258
diffusion_datasets/ldm_200/1_fake/fdetgrcfyf.png,ldm_200,1,0.9941385481204137
diffusion_datasets/ldm_200/1_fake/owavsapwhv.png,ldm_200,1,0.41238740612456687
diffusion_datasets/ldm_200/1_fake/xnidvmnavp.png,ldm_200,1,0.4872600883848824
diffusion_datasets/ldm_200/1_fake/ybpiflwjwj.png,ldm_200,1,0.24992224999842413
diffusion_datasets/ldm_200/1_fake/xjokdvoxpk.png,ldm_200,1,0.9545380666145504
diffusion_datasets/ldm_200/1_fake/vfjqbhhdhb.png,ldm_200,1,0.8828139836841714
diffusion_datasets/ldm_200/1_fake/hhlwjuqsbz.png,ldm_200,1,0.06607058090465648
diffusion_datasets/ldm_200/1_fake/pepkgtkonx.png,ldm_200,1,0.4769065837815778
diffusion_datasets/ldm_200/1_fake/lkealtdsyd.png,ldm_200,1,0.9935823889613175
diffusion_datasets/ldm_200/1_fake/nvglpmddru.png,ldm_200,1,0.0030495065473318747
diffusion_datasets/ldm_200/1_fake/rtiaijvnif.png,ldm_200,1,0.02381883584294987
diffusion_datasets/ldm_200/1_fake/ahnijblsap.png,ldm_200,1,0.9900448710803342
diffusion_datasets/ldm_200/1_fake/paozbcurkw.png,ldm_200,1,0.46596195112707917
diffusion_datasets/ldm_200/1_fake/pwhjtzqmis.png,ldm_200,1,0.22586686791876465
diffusion_datasets/ldm_200/1_fake/vispixnoqk.png,ldm_200,1,0.3905506622214115
diffusion_datasets/ldm_200/1_fake/cvohxivzjd.png,ldm_200,1,0.07682610353912109
diffusion_datasets/ldm_200/1_fake/hypftiguck.png,ldm_200,1,0.9988763458002096
diffusion_datasets/ldm_200/1_fake/hrdlxdegxy.png,ldm_200,1,0.31717291996305796
diffusion_datasets/ldm_200/1_fake/devyzpyxmr.png,ldm_200,1,0.04757985480286626
diffusion_datasets/ldm_200/1_fake/tbxpyvxjym.png,ldm_200,1,0.9417998081926574
diffusion_datasets/ldm_200/1_fake/nfysclasrr.png,ldm_200,1,0.008859755485233496
diffusion_datasets/ldm_200/1_fake/odhzcmznnr.png,ldm_200,1,0.6109845055549957
diffusion_datasets/ldm_200/1_fake/ikiqryhfmf.png,ldm_200,1,0.09042303558623155
diffusion_datasets/ldm_200/1_fake/usipjcyjoy.png,ldm_200,1,0.0021093326739095664
diffusion_datasets/ldm_200/1_fake/ybihqfczqf.png,ldm_200,1,0.9577441514549264
diffusion_datasets/ldm_200/1_fake/zrifjlbkwb.png,ldm_200,1,0.9987296902849022
diffusion_datasets/ldm_200/1_fake/jhuyduptth.png,ldm_200,1,0.9467410006659246
diffusion_datasets/ldm_200/1_fake/abaxzegfoi.png,ldm_200,1,0.40220318451014786
diffusion_datasets/ldm_200/1_fake/evwfvofdll.png,ldm_200,1,0.8992641691941209
diffusion_datasets/ldm_200/1_fake/yrantjwhqk.png,ldm_200,1,0.9990854620291236
diffusion_datasets/ldm_200/1_fake/lizvdcrrbp.png,ldm_200,1,0.999011545075702
diffusion_datasets/ldm_200/1_fake/uvweqxeurs.png,ldm_200,1,0.9997397323250669
diffusion_datasets/ldm_200/1_fake/gdomuubpmo.png,ldm_200,1,0.012828489004732513
diffusion_datasets/ldm_200/1_fake/klcsuijwqh.png,ldm_200,1,0.785092832913533
diffusion_datasets/ldm_200/1_fake/efgchmasis.png,ldm_200,1,0.05681865019820628
diffusion_datasets/ldm_200/1_fake/zynieagnms.png,ldm_200,1,0.7608911489943901
diffusion_datasets/ldm_200/1_fake/tvhyjyjvbi.png,ldm_200,1,0.7084353724044856
diffusion_datasets/ldm_200/1_fake/vkjmgldjai.png,ldm_200,1,0.23356988482314245
diffusion_datasets/ldm_200/1_fake/smlabsrifo.png,ldm_200,1,0.9068378731133003
diffusion_datasets/ldm_200/1_fake/dsxuevcdxk.png,ldm_200,1,0.4024571092468616
diffusion_datasets/ldm_200/1_fake/znxaufdjpv.png,ldm_200,1,0.9782694546804791
diffusion_datasets/ldm_200/1_fake/wbcncldemw.png,ldm_200,1,0.870962339018009
diffusion_datasets/ldm_200/1_fake/olecerouzv.png,ldm_200,1,0.9917566132260819
diffusion_datasets/ldm_200/1_fake/ybpkzmxsoj.png,ldm_200,1,0.38805170285765483
diffusion_datasets/ldm_200/1_fake/jecdlrpjba.png,ldm_200,1,0.9426712684806957
diffusion_datasets/ldm_200/1_fake/lsvzbqhxgl.png,ldm_200,1,0.003060057756005915
diffusion_datasets/ldm_200/1_fake/msccvtyrqo.png,ldm_200,1,0.9971867077368711
diffusion_datasets/ldm_200/1_fake/oulguvnvpq.png,ldm_200,1,0.9902789777497776
diffusion_datasets/ldm_200/1_fake/ukoxsbspvb.png,ldm_200,1,0.1834381422863854
diffusion_datasets/ldm_200/1_fake/gaephzrdih.png,ldm_200,1,0.11160806396175456
diffusion_datasets/ldm_200/1_fake/rrcbbbylog.png,ldm_200,1,0.28578939543409415
diffusion_datasets/ldm_200/1_fake/lkwvbsljma.png,ldm_200,1,0.20501459928641408
diffusion_datasets/ldm_200/1_fake/xdudczawtx.png,ldm_200,1,0.9360776514307741
diffusion_datasets/ldm_200/1_fake/jrdflpqmct.png,ldm_200,1,0.32542396931987133
diffusion_datasets/ldm_200/1_fake/gaezkwugoh.png,ldm_200,1,0.8448081537566403
diffusion_datasets/ldm_200/1_fake/lxdnodpvuz.png,ldm_200,1,0.9994346061564767
diffusion_datasets/ldm_200/1_fake/rsiiuivgsv.png,ldm_200,1,0.9085906493889705
diffusion_datasets/ldm_200/1_fake/wkkhoodytf.png,ldm_200,1,0.9922271632026595
diffusion_datasets/ldm_200/1_fake/yeysnhxrmp.png,ldm_200,1,0.987704562533126
diffusion_datasets/ldm_200/1_fake/zbnbosutcn.png,ldm_200,1,0.8313598291486016
diffusion_datasets/ldm_200/1_fake/ovebmmaneb.png,ldm_200,1,0.8848829529305594
diffusion_datasets/ldm_200/1_fake/cubclpdlyb.png,ldm_200,1,0.016700479398209324
diffusion_datasets/ldm_200/1_fake/ygsthmtuoh.png,ldm_200,1,0.9905244727262486
diffusion_datasets/ldm_200/1_fake/gnjefwyemy.png,ldm_200,1,0.9872338703357662
diffusion_datasets/ldm_200/1_fake/jirfxpsjiz.png,ldm_200,1,0.9974142918216
diffusion_datasets/ldm_200/1_fake/rakzbwxeme.png,ldm_200,1,0.9941216454467293
diffusion_datasets/ldm_200/1_fake/rxrwofckks.png,ldm_200,1,0.9066606566361298
diffusion_datasets/ldm_200/1_fake/xtupempfsd.png,ldm_200,1,0.8328846527178977
diffusion_datasets/ldm_200/1_fake/lgpvmdfncv.png,ldm_200,1,0.8625063533839396
diffusion_datasets/ldm_200/1_fake/sneggiimdk.png,ldm_200,1,0.9644361420000103
diffusion_datasets/ldm_200/1_fake/uzgkdnsvbt.png,ldm_200,1,0.01963648350372975
diffusion_datasets/ldm_200/1_fake/idxzmkymeu.png,ldm_200,1,0.10489877069744687
diffusion_datasets/ldm_200/1_fake/rtkpyywobl.png,ldm_200,1,0.8473558468811645
diffusion_datasets/ldm_200/1_fake/skkprfujmw.png,ldm_200,1,0.001018869396901036
diffusion_datasets/ldm_200/1_fake/ykyioyylud.png,ldm_200,1,0.13977575744220083
diffusion_datasets/ldm_200/1_fake/sdpkvjboba.png,ldm_200,1,0.8258678817226772
diffusion_datasets/ldm_200/1_fake/itvslvcuiy.png,ldm_200,1,0.6915656382596868
diffusion_datasets/ldm_200/1_fake/fjxuybiebs.png,ldm_200,1,0.9757145326539876
diffusion_datasets/ldm_200/1_fake/rpggiliowp.png,ldm_200,1,0.9844631172720097
diffusion_datasets/ldm_200/1_fake/timdfnwgho.png,ldm_200,1,0.9700875385338328
diffusion_datasets/ldm_200/1_fake/qdnqcoyzar.png,ldm_200,1,0.0032662928981956273
diffusion_datasets/ldm_200/1_fake/bghliglwng.png,ldm_200,1,0.9899507874930878
diffusion_datasets/ldm_200/1_fake/gacytxnrbg.png,ldm_200,1,0.9110303467714763
diffusion_datasets/ldm_200/1_fake/fmlqvsmgwg.png,ldm_200,1,0.22239975720998548
diffusion_datasets/ldm_200/1_fake/vcbnrxukwp.png,ldm_200,1,0.998301818161713
diffusion_datasets/ldm_200/1_fake/ranqpkoerl.png,ldm_200,1,0.9464708518005184
diffusion_datasets/ldm_200/1_fake/ttfwqkviia.png,ldm_200,1,0.18856664007320317
diffusion_datasets/ldm_200/1_fake/qgkzujpyka.png,ldm_200,1,0.036413101932056643
diffusion_datasets/ldm_200/1_fake/szocurmzdp.png,ldm_200,1,0.25374328572355537
diffusion_datasets/ldm_200/1_fake/olxhrrlaut.png,ldm_200,1,0.6471612216310337
diffusion_datasets/ldm_200/1_fake/hnsubaglth.png,ldm_200,1,0.09092439590247699
diffusion_datasets/ldm_200/1_fake/xmyblzhwwh.png,ldm_200,1,0.047102154007223986
diffusion_datasets/ldm_200/1_fake/qhnjseyjbw.png,ldm_200,1,0.16139580755943225
diffusion_datasets/ldm_200/1_fake/pcudblgobu.png,ldm_200,1,0.6618276471349658
diffusion_datasets/ldm_200/1_fake/ayibbogxvl.png,ldm_200,1,0.9839147989760827
diffusion_datasets/ldm_200/1_fake/dbcoycuiyt.png,ldm_200,1,0.9709490501430392
diffusion_datasets/ldm_200/1_fake/wfyfdsoqjb.png,ldm_200,1,0.5580064817391184
diffusion_datasets/ldm_200/1_fake/oqargxuywp.png,ldm_200,1,0.9990763852513962
diffusion_datasets/ldm_200/1_fake/ndjgpgfppo.png,ldm_200,1,0.9411685562031823
diffusion_datasets/ldm_200/1_fake/exoglvpvei.png,ldm_200,1,0.8388026358544125
diffusion_datasets/ldm_200/1_fake/vumdsauhht.png,ldm_200,1,0.7406129155602919
diffusion_datasets/ldm_200/1_fake/fneghrqtsf.png,ldm_200,1,0.9981392789046009
diffusion_datasets/ldm_200/1_fake/ffuzczfqav.png,ldm_200,1,0.9865792931340653
diffusion_datasets/ldm_200/1_fake/tflsufulfn.png,ldm_200,1,0.16489588388252577
diffusion_datasets/ldm_200/1_fake/djumibnmaq.png,ldm_200,1,0.24006297977384083
diffusion_datasets/ldm_200/1_fake/bljmtryslc.png,ldm_200,1,0.97980111104897
diffusion_datasets/ldm_200/1_fake/wrmxjiicmz.png,ldm_200,1,0.0006875373122218305
diffusion_datasets/ldm_200/1_fake/jgmtkjqepx.png,ldm_200,1,0.9681561162243904
diffusion_datasets/ldm_200/1_fake/zoxknkpgoh.png,ldm_200,1,0.9948858067073582
diffusion_datasets/ldm_200/1_fake/tvdnjojlmh.png,ldm_200,1,0.470579520603193
diffusion_datasets/ldm_200/1_fake/hcyfeanpao.png,ldm_200,1,0.737822770596571
diffusion_datasets/ldm_200/1_fake/xxxlutdoia.png,ldm_200,1,0.78395195557674
diffusion_datasets/ldm_200/1_fake/czkhjnfjgr.png,ldm_200,1,0.7434147220035802
diffusion_datasets/ldm_200/1_fake/qngsmynlht.png,ldm_200,1,0.785027828370839
diffusion_datasets/ldm_200/1_fake/szebyvzlqt.png,ldm_200,1,0.991322237752133
diffusion_datasets/ldm_200/1_fake/utlevcsfzc.png,ldm_200,1,0.9755197764297999
diffusion_datasets/ldm_200/1_fake/qlhvuhhqol.png,ldm_200,1,0.6681213544677458
diffusion_datasets/ldm_200/1_fake/dhjedfczru.png,ldm_200,1,0.9990717744071168
diffusion_datasets/ldm_200/1_fake/dhepjncjkt.png,ldm_200,1,0.9035184698686556
diffusion_datasets/ldm_200/1_fake/tigzfxjaeg.png,ldm_200,1,0.4561603583387945
diffusion_datasets/ldm_200/1_fake/wiweponjic.png,ldm_200,1,0.8261857887941328
diffusion_datasets/ldm_200/1_fake/tycynadkoj.png,ldm_200,1,0.9929526713033656
diffusion_datasets/ldm_200/1_fake/mtuopsldka.png,ldm_200,1,0.028713426940180174
diffusion_datasets/ldm_200/1_fake/mhaimbeqgl.png,ldm_200,1,0.762754415268211
diffusion_datasets/ldm_200/1_fake/qofcjlhwbv.png,ldm_200,1,0.9791456870854731
diffusion_datasets/ldm_200/1_fake/flislizwvd.png,ldm_200,1,0.7359595277047343
diffusion_datasets/ldm_200/1_fake/fvfgzexjcm.png,ldm_200,1,0.1871513755012859
diffusion_datasets/ldm_200/1_fake/fwnswugajt.png,ldm_200,1,0.9982969724631585
diffusion_datasets/ldm_200/1_fake/psvmrypqai.png,ldm_200,1,0.872708998675796
diffusion_datasets/ldm_200/1_fake/jgcuwqiqsa.png,ldm_200,1,0.7823526665655333
diffusion_datasets/ldm_200/1_fake/gjpzqplype.png,ldm_200,1,0.9742129705709219
diffusion_datasets/ldm_200/1_fake/ycojahdoqs.png,ldm_200,1,0.15289163173266695
diffusion_datasets/ldm_200/1_fake/lvndezxcir.png,ldm_200,1,0.9288391725435655
diffusion_datasets/ldm_200/1_fake/vueczavslq.png,ldm_200,1,0.9914814448313979
diffusion_datasets/ldm_200/1_fake/hkjmvhgmso.png,ldm_200,1,0.25835495852730234
diffusion_datasets/ldm_200/1_fake/swhkqaywlh.png,ldm_200,1,0.9896788832845048
diffusion_datasets/ldm_200/1_fake/arfbiucpar.png,ldm_200,1,0.9190991030559591
diffusion_datasets/ldm_200/1_fake/njnnphhwll.png,ldm_200,1,0.9370440376085367
diffusion_datasets/ldm_200/1_fake/okuolqaypa.png,ldm_200,1,0.9726901215318631
diffusion_datasets/ldm_200/1_fake/rjddhlzmqd.png,ldm_200,1,0.9983611845167993
diffusion_datasets/ldm_200/1_fake/fnjmysjhqo.png,ldm_200,1,0.12316861982808752
diffusion_datasets/ldm_200/1_fake/uxbuickkha.png,ldm_200,1,0.2277289877319013
diffusion_datasets/ldm_200/1_fake/htpewtqebr.png,ldm_200,1,0.9118697777842182
diffusion_datasets/ldm_200/1_fake/uvsazktssr.png,ldm_200,1,0.9726352493052531
diffusion_datasets/ldm_200/1_fake/yyfgzdkznw.png,ldm_200,1,0.8631200583858403
diffusion_datasets/ldm_200/1_fake/bbqlufpjnl.png,ldm_200,1,0.1076976807076
diffusion_datasets/ldm_200/1_fake/jsytpmwrvb.png,ldm_200,1,0.8756449328816694
diffusion_datasets/ldm_200/1_fake/ueoeojrsyj.png,ldm_200,1,0.2936757214231361
diffusion_datasets/ldm_200/1_fake/ogdtdsagel.png,ldm_200,1,0.20094184342734198
diffusion_datasets/ldm_200/1_fake/snjzonvpow.png,ldm_200,1,0.047033073527605336
diffusion_datasets/ldm_200/1_fake/djfymdweky.png,ldm_200,1,0.9997355568196806
diffusion_datasets/ldm_200/1_fake/jbsbxfrewb.png,ldm_200,1,0.5589555210135723
diffusion_datasets/ldm_200/1_fake/mltvjsqnjm.png,ldm_200,1,0.9567437747995229
diffusion_datasets/ldm_200/1_fake/gkbjdvwiuz.png,ldm_200,1,0.989455107331197
diffusion_datasets/ldm_200/1_fake/yqqmbglayb.png,ldm_200,1,0.9979546894790918
diffusion_datasets/ldm_200/1_fake/hrayggkgxb.png,ldm_200,1,0.9221388160491937
diffusion_datasets/ldm_200/1_fake/sssvouruij.png,ldm_200,1,0.5255633676398501
diffusion_datasets/ldm_200/1_fake/gxexzzlcld.png,ldm_200,1,0.8376330559898977
diffusion_datasets/ldm_200/1_fake/usxygmfmlb.png,ldm_200,1,0.05695439670595907
diffusion_datasets/ldm_200/1_fake/hdcbgrxqza.png,ldm_200,1,0.9796508345951473
diffusion_datasets/ldm_200/1_fake/mpozbazafp.png,ldm_200,1,0.46707098465372354
diffusion_datasets/ldm_200/1_fake/xuzzmcdpux.png,ldm_200,1,0.963258071998346
diffusion_datasets/ldm_200/1_fake/dldztvvwrt.png,ldm_200,1,0.9949855162855944
diffusion_datasets/ldm_200/1_fake/hdtfurantf.png,ldm_200,1,0.7955019842379815
diffusion_datasets/ldm_200/1_fake/wgrmpdejfv.png,ldm_200,1,0.037947079548203276
diffusion_datasets/ldm_200/1_fake/lqrkxsvuvt.png,ldm_200,1,0.8630260305928265
diffusion_datasets/ldm_200/1_fake/dtvfjwtgbk.png,ldm_200,1,0.7811907953881595
diffusion_datasets/ldm_200/1_fake/vitzpaholy.png,ldm_200,1,0.6991082793132259
diffusion_datasets/ldm_200/1_fake/zniuujlsax.png,ldm_200,1,0.771736537877963
diffusion_datasets/ldm_200/1_fake/ponotiiits.png,ldm_200,1,0.9939311149138651
diffusion_datasets/ldm_200/1_fake/gchslncruv.png,ldm_200,1,0.35954855310124967
diffusion_datasets/ldm_200/1_fake/vyjvqkrjmv.png,ldm_200,1,0.005304372261769562
diffusion_datasets/ldm_200/1_fake/wsbgevekgf.png,ldm_200,1,0.8014005933555922
diffusion_datasets/ldm_200/1_fake/msdsnlzcre.png,ldm_200,1,0.687042368513154
diffusion_datasets/ldm_200/1_fake/jefxajnwbk.png,ldm_200,1,0.8726707301548728
diffusion_datasets/ldm_200/1_fake/vipmyyceny.png,ldm_200,1,0.8640403154368771
diffusion_datasets/ldm_200/1_fake/slrtleyncm.png,ldm_200,1,0.7302583976956311
diffusion_datasets/ldm_200/1_fake/jpkbhfmhql.png,ldm_200,1,0.9916314311324079
diffusion_datasets/ldm_200/1_fake/mcsihazpje.png,ldm_200,1,0.9800130905810088
diffusion_datasets/ldm_200/1_fake/bulfplvjow.png,ldm_200,1,0.9757252934550398
diffusion_datasets/ldm_200/1_fake/rjdnzhbvwc.png,ldm_200,1,0.7081553878625219
diffusion_datasets/ldm_200/1_fake/ruyafogtjk.png,ldm_200,1,0.9639796407589765
diffusion_datasets/ldm_200/1_fake/gudkwzmgfo.png,ldm_200,1,0.2943538907691687
diffusion_datasets/ldm_200/1_fake/rbihqctsdb.png,ldm_200,1,0.7872619389663225
diffusion_datasets/ldm_200/1_fake/hnfbzeaoqb.png,ldm_200,1,0.884225551260156
diffusion_datasets/ldm_200/1_fake/xbwwtavscv.png,ldm_200,1,0.9993242847399681
diffusion_datasets/ldm_200/1_fake/ugrxyyeknx.png,ldm_200,1,0.8129499537146928
diffusion_datasets/ldm_200/1_fake/frrzmsczog.png,ldm_200,1,0.02854275121285701
diffusion_datasets/ldm_200/1_fake/vblsrmonrr.png,ldm_200,1,0.9751753258039282
diffusion_datasets/ldm_200/1_fake/ykhbfkbqqc.png,ldm_200,1,0.061556429507790805
diffusion_datasets/ldm_200/1_fake/xpdelxvksw.png,ldm_200,1,0.8536027292978987
diffusion_datasets/ldm_200/1_fake/vofhkesmtv.png,ldm_200,1,0.9898104679772118
diffusion_datasets/ldm_200/1_fake/qbannzwxnv.png,ldm_200,1,0.787142659592404
diffusion_datasets/ldm_200/1_fake/dsxzmqgrfv.png,ldm_200,1,0.9318674678235882
diffusion_datasets/ldm_200/1_fake/gckzbyionz.png,ldm_200,1,0.9419687798736885
diffusion_datasets/ldm_200/1_fake/aqfnjpltvb.png,ldm_200,1,0.026258649732856885
diffusion_datasets/ldm_200/1_fake/nnuuhindgj.png,ldm_200,1,0.9706736490200933
diffusion_datasets/ldm_200/1_fake/lfpytrxtnd.png,ldm_200,1,0.8155870423380909
diffusion_datasets/ldm_200/1_fake/hsvrfsodig.png,ldm_200,1,0.8560325128518415
diffusion_datasets/ldm_200/1_fake/ohycivlfdy.png,ldm_200,1,0.0021083821008966077
diffusion_datasets/ldm_200/1_fake/zzrybysskm.png,ldm_200,1,0.161941672788915
diffusion_datasets/ldm_200/1_fake/xnyhohvpna.png,ldm_200,1,0.2965557205735995
diffusion_datasets/ldm_200/1_fake/enrmnsxepz.png,ldm_200,1,0.9894248953721475
diffusion_datasets/ldm_200/1_fake/pcuxcikgcq.png,ldm_200,1,0.005565479979860023
diffusion_datasets/ldm_200/1_fake/clutkoqhvu.png,ldm_200,1,0.9995244452870395
diffusion_datasets/ldm_200/1_fake/amthaokcfg.png,ldm_200,1,0.22513161700694137
diffusion_datasets/ldm_200/1_fake/kvomczokut.png,ldm_200,1,0.09241517192684603
diffusion_datasets/ldm_200/1_fake/uyfkdpzowl.png,ldm_200,1,0.9972585708788677
diffusion_datasets/ldm_200/1_fake/uydofqnwdz.png,ldm_200,1,0.011796298872121217
diffusion_datasets/ldm_200/1_fake/wotrziuyhj.png,ldm_200,1,0.014419256634031355
diffusion_datasets/ldm_200/1_fake/ntwekxxoly.png,ldm_200,1,0.9624333167889346
diffusion_datasets/ldm_200/1_fake/mnbrpiakwa.png,ldm_200,1,0.4297192749762197
diffusion_datasets/ldm_200/1_fake/aqdcxmcowi.png,ldm_200,1,0.5898139170842376
diffusion_datasets/ldm_200/1_fake/jqnuoffbtb.png,ldm_200,1,0.09653865641752926
diffusion_datasets/ldm_200/1_fake/gzzhkwcczo.png,ldm_200,1,0.9848328988235716
diffusion_datasets/ldm_200/1_fake/fjyemnydtk.png,ldm_200,1,0.3424583608502612
diffusion_datasets/ldm_200/1_fake/fgbgiwekim.png,ldm_200,1,0.008858512987371904
diffusion_datasets/ldm_200/1_fake/eaesoxacae.png,ldm_200,1,0.8164778142950719
diffusion_datasets/ldm_200/1_fake/rdtvftkyww.png,ldm_200,1,0.00013623872190490774
diffusion_datasets/ldm_200/1_fake/jkepwzmrqu.png,ldm_200,1,0.3503886091784477
diffusion_datasets/ldm_200/1_fake/kbpanibqgu.png,ldm_200,1,0.9262815403362507
diffusion_datasets/ldm_200/1_fake/etawvbajib.png,ldm_200,1,0.44255708319155734
diffusion_datasets/ldm_200/1_fake/ypdjyjlopx.png,ldm_200,1,0.9964142936892237
diffusion_datasets/ldm_200/1_fake/nkdchwutlw.png,ldm_200,1,0.9461301541582468
diffusion_datasets/ldm_200/1_fake/ayzndlluru.png,ldm_200,1,0.38382762689406724
diffusion_datasets/ldm_200/1_fake/bfiknazsha.png,ldm_200,1,0.47291114467583484
diffusion_datasets/ldm_200/1_fake/nhlzsfyryf.png,ldm_200,1,0.05062050840043699
diffusion_datasets/ldm_200/1_fake/asxtxajrfc.png,ldm_200,1,0.6433799429564979
diffusion_datasets/ldm_200/1_fake/zchftlmgnh.png,ldm_200,1,0.8185932103777781
diffusion_datasets/ldm_200/1_fake/zmqpqnavds.png,ldm_200,1,0.9729215208337585
diffusion_datasets/ldm_200/1_fake/mfcceezfwn.png,ldm_200,1,0.9966756543807238
diffusion_datasets/ldm_200/1_fake/kpzyfbuxhi.png,ldm_200,1,0.003933516252554267
diffusion_datasets/ldm_200/1_fake/lpofppxlqt.png,ldm_200,1,0.9802620185810542
diffusion_datasets/ldm_200/1_fake/gyzuhrjhfj.png,ldm_200,1,0.941477461886864
diffusion_datasets/ldm_200/1_fake/bhlyixirpi.png,ldm_200,1,0.7796269120929603
diffusion_datasets/ldm_200/1_fake/yyrtmboyuo.png,ldm_200,1,0.012112979577068072
diffusion_datasets/ldm_200/1_fake/jfqdxkbnuz.png,ldm_200,1,0.9903821618627141
diffusion_datasets/ldm_200/1_fake/qvldneoiwj.png,ldm_200,1,0.998687556868106
diffusion_datasets/ldm_200/1_fake/flzalpsilp.png,ldm_200,1,0.36298518111722977
