path,domain,label,ai_score
diffusion_datasets/guided/1_fake/lnavxqqxfa.png,guided,1,0.7721987814472163
diffusion_datasets/guided/1_fake/eolimvhygz.png,guided,1,0.37509030565211327
diffusion_datasets/guided/1_fake/nkdchwutlw.png,guided,1,0.005568523433369216
diffusion_datasets/guided/1_fake/eoacigirrk.png,guided,1,0.2157987783826071
diffusion_datasets/guided/1_fake/msccvtyrqo.png,guided,1,2.313852207303303e-07
diffusion_datasets/guided/1_fake/cmjapngcpn.png,guided,1,0.018573478978666683
diffusion_datasets/guided/1_fake/vrwfguctin.png,guided,1,0.00019606788740288172
diffusion_datasets/guided/1_fake/slrtleyncm.png,guided,1,0.3933952952332415
diffusion_datasets/guided/1_fake/jkepwzmrqu.png,guided,1,0.8449404191144203
diffusion_datasets/guided/1_fake/fwnswugajt.png,guided,1,0.0007232212599276783
diffusion_datasets/guided/1_fake/jgcuwqiqsa.png,guided,1,0.0006176093001829799
diffusion_datasets/guided/1_fake/kjkmmniwcv.png,guided,1,0.0023793247330418316
diffusion_datasets/guided/1_fake/aowpbzokmp.png,guided,1,0.9356973087815187
diffusion_datasets/guided/1_fake/pjvqcnpfqy.png,guided,1,0.02168742826474517
diffusion_datasets/guided/1_fake/mpzjrdeutv.png,guided,1,0.8550400036367012
diffusion_datasets/guided/1_fake/mcrhlmdumo.png,guided,1,0.0927572483413017
diffusion_datasets/guided/1_fake/oaepibbwpe.png,guided,1,0.00017276232817327265
diffusion_datasets/guided/1_fake/aujwkgbadp.png,guided,1,0.0006623590268008453
diffusion_datasets/guided/1_fake/hzrxscnjew.png,guided,1,0.0923751957444932
diffusion_datasets/guided/1_fake/tknxjephgy.png,guided,1,0.8166695570441713
diffusion_datasets/guided/1_fake/ttwsrquzox.png,guided,1,0.10772668524924647
diffusion_datasets/guided/1_fake/ixykpgtooh.png,guided,1,0.028832993195104517
diffusion_datasets/guided/1_fake/hnfbzeaoqb.png,guided,1,0.9863796349704521
diffusion_datasets/guided/1_fake/gczswsnqpp.png,guided,1,0.9296627489321113
diffusion_datasets/guided/1_fake/ikpmthprsw.png,guided,1,0.9999506942178006
diffusion_datasets/guided/1_fake/vmjmkqeggv.png,guided,1,0.7983640781251573
diffusion_datasets/guided/1_fake/ltwpiurdob.png,guided,1,0.7400232836954335
diffusion_datasets/guided/1_fake/clutkoqhvu.png,guided,1,0.8639081496745921
diffusion_datasets/guided/1_fake/qnqvwdpmam.png,guided,1,0.997274303629415
diffusion_datasets/guided/1_fake/fzmzemtxkr.png,guided,1,0.7661008420910618
diffusion_datasets/guided/1_fake/kxyebvmqsl.png,guided,1,0.0001991076801590384
diffusion_datasets/guided/1_fake/jrzuxwwxsh.png,guided,1,0.0016521979376725522
diffusion_datasets/guided/1_fake/lavlfbgnkn.png,guided,1,0.1533238648551402
diffusion_datasets/guided/1_fake/amcjhcqbxr.png,guided,1,0.8874938347359084
diffusion_datasets/guided/1_fake/cbmykoukdb.png,guided,1,0.007550073969454445
diffusion_datasets/guided/1_fake/hjovhnpjdf.png,guided,1,0.8080314479475097
diffusion_datasets/guided/1_fake/picuojlsec.png,guided,1,0.7541081935661829
diffusion_datasets/guided/1_fake/jhnzthaool.png,guided,1,0.005249172639656542
diffusion_datasets/guided/1_fake/adizyjvxam.png,guided,1,0.015281525933953648
diffusion_datasets/guided/1_fake/gjpzqplype.png,guided,1,0.005525605672384423
diffusion_datasets/guided/1_fake/vwklacfxmw.png,guided,1,0.08913369502005404
diffusion_datasets/guided/1_fake/lvsgpxrabw.png,guided,1,0.020781644860354904
diffusion_datasets/guided/1_fake/yvwtaordyd.png,guided,1,0.21876305846895178
diffusion_datasets/guided/1_fake/lfpytrxtnd.png,guided,1,0.003110291100086418
diffusion_datasets/guided/1_fake/jnrpfsvjdm.png,guided,1,0.9985756898530269
diffusion_datasets/guided/1_fake/xucelwnaqz.png,guided,1,0.7815797264879009
diffusion_datasets/guided/1_fake/ayzndlluru.png,guided,1,0.0017774062081127157
diffusion_datasets/guided/1_fake/fnjmysjhqo.png,guided,1,0.2789218112117449
diffusion_datasets/guided/1_fake/rtbrwgwkho.png,guided,1,0.040813737145485904
diffusion_datasets/guided/1_fake/pbblbgdzjz.png,guided,1,0.9531120857390816
diffusion_datasets/guided/1_fake/zxaydtvcbx.png,guided,1,0.01183436971977687
diffusion_datasets/guided/1_fake/asxtxajrfc.png,guided,1,9.770025202783804e-06
diffusion_datasets/guided/1_fake/jvctzionai.png,guided,1,0.7064619085191047
diffusion_datasets/guided/1_fake/timdfnwgho.png,guided,1,0.0040526751766676245
diffusion_datasets/guided/1_fake/pfvgbusewt.png,guided,1,0.0033661002861104087
diffusion_datasets/guided/1_fake/ulpnibnvvc.png,guided,1,0.00301742083052057
diffusion_datasets/guided/1_fake/xphjlaxygh.png,guided,1,0.3782771891971267
diffusion_datasets/guided/1_fake/qafswzymfy.png,guided,1,0.4221181229251022
diffusion_datasets/guided/1_fake/kgmqyotoqo.png,guided,1,0.00490088299584098
diffusion_datasets/guided/1_fake/bbdiioaqyn.png,guided,1,0.6041960911872853
diffusion_datasets/guided/1_fake/apwufqzgrg.png,guided,1,0.003391089165820687
diffusion_datasets/guided/1_fake/lttnaabznd.png,guided,1,0.1306005755071793
diffusion_datasets/guided/1_fake/raxqxyzhrc.png,guided,1,0.7721106877324497
diffusion_datasets/guided/1_fake/mfmhhrlxuy.png,guided,1,0.08072396582932899
diffusion_datasets/guided/1_fake/bulfplvjow.png,guided,1,0.9999902005270388
diffusion_datasets/guided/1_fake/ybbbdeihcf.png,guided,1,0.06301523921440588
diffusion_datasets/guided/1_fake/qlhvuhhqol.png,guided,1,0.006590810984250993
diffusion_datasets/guided/1_fake/xdudczawtx.png,guided,1,0.0005073510074014724
diffusion_datasets/guided/1_fake/vcbnrxukwp.png,guided,1,0.00014958656206728573
diffusion_datasets/guided/1_fake/ifqwneltpg.png,guided,1,0.014138338355113583
diffusion_datasets/guided/1_fake/psosqfwlqc.png,guided,1,0.3721345798309346
diffusion_datasets/guided/1_fake/znwafizosm.png,guided,1,0.02538624443228223
diffusion_datasets/guided/1_fake/qsndeimedb.png,guided,1,0.00015172454417591586
diffusion_datasets/guided/1_fake/ajefhvvxek.png,guided,1,0.04080104607828875
diffusion_datasets/guided/1_fake/jgvhyrcgyx.png,guided,1,0.09381068710262296
diffusion_datasets/guided/1_fake/kbpanibqgu.png,guided,1,0.9832107518154926
diffusion_datasets/guided/1_fake/gzmbdszeyt.png,guided,1,0.0002176270238915193
diffusion_datasets/guided/1_fake/dtoeuxdocm.png,guided,1,0.8647264177257743
diffusion_datasets/guided/1_fake/jckrxjozhx.png,guided,1,0.6110282205329394
diffusion_datasets/guided/1_fake/nyrfgpglht.png,guided,1,0.01017210141248632
diffusion_datasets/guided/1_fake/pvrfveosdy.png,guided,1,0.033468771091116276
diffusion_datasets/guided/1_fake/zatnelrcct.png,guided,1,0.0022335673038968704
diffusion_datasets/guided/1_fake/nhmcszkgcq.png,guided,1,0.0005766175514452169
diffusion_datasets/guided/1_fake/yyrtmboyuo.png,guided,1,0.05566523172221379
diffusion_datasets/guided/1_fake/lsdusudljb.png,guided,1,0.014970080554216825
diffusion_datasets/guided/1_fake/bnhkqppcfl.png,guided,1,0.9717150109916908
diffusion_datasets/guided/1_fake/cspmbvyjpm.png,guided,1,0.00274864672665406
diffusion_datasets/guided/1_fake/wrxxltdsxi.png,guided,1,0.001295690503736086
diffusion_datasets/guided/1_fake/efykeyysvi.png,guided,1,5.271072371196344e-05
diffusion_datasets/guided/1_fake/usrafpawra.png,guided,1,0.24404232462960784
diffusion_datasets/guided/1_fake/snkshpixle.png,guided,1,0.0002073197757052453
diffusion_datasets/guided/1_fake/izrfhzbwzc.png,guided,1,0.005514594317735308
diffusion_datasets/guided/1_fake/iedkqtkbtj.png,guided,1,0.002072525913299094
diffusion_datasets/guided/1_fake/rzrzcujvqg.png,guided,1,9.820484349947252e-05
diffusion_datasets/guided/1_fake/klcsuijwqh.png,guided,1,0.99605066280651
diffusion_datasets/guided/1_fake/bljmtryslc.png,guided,1,0.0210687122200364
diffusion_datasets/guided/1_fake/muszivpifs.png,guided,1,1.2498573888051574e-06
diffusion_datasets/guided/1_fake/myekqhvgnw.png,guided,1,0.7385336360497157
diffusion_datasets/guided/1_fake/umnlmiykjp.png,guided,1,0.12820867458815738
diffusion_datasets/guided/1_fake/vfhdjmajxv.png,guided,1,0.021178053452813678
diffusion_datasets/guided/1_fake/enmfgbxzpf.png,guided,1,0.10934932185386462
diffusion_datasets/guided/1_fake/wjvuvyodzv.png,guided,1,0.010291301798104136
diffusion_datasets/guided/1_fake/fksurkvzeg.png,guided,1,0.9686367569278179
diffusion_datasets/guided/1_fake/hypftiguck.png,guided,1,0.9710959374997222
diffusion_datasets/guided/1_fake/aofcqpcyfk.png,guided,1,0.5062474800089731
diffusion_datasets/guided/1_fake/bolqiuvdbo.png,guided,1,0.0018177562924352332
diffusion_datasets/guided/1_fake/whqsatsqum.png,guided,1,0.01577567156699298
diffusion_datasets/guided/1_fake/bxmsmmxizq.png,guided,1,5.9486347072121715e-06
diffusion_datasets/guided/1_fake/eowkckioii.png,guided,1,0.013205937904785704
diffusion_datasets/guided/1_fake/drpsdefmzh.png,guided,1,0.0027454448064596765
diffusion_datasets/guided/1_fake/yjjufldsnq.png,guided,1,0.052736168757037405
diffusion_datasets/guided/1_fake/hmasnickhh.png,guided,1,1.0569393061597293e-05
diffusion_datasets/guided/1_fake/siheeokstl.png,guided,1,0.0001698760224836052
diffusion_datasets/guided/1_fake/sgggkqzghg.png,guided,1,0.8550098606106172
diffusion_datasets/guided/1_fake/sjezxhpiwr.png,guided,1,0.714189960996906
diffusion_datasets/guided/1_fake/ueehiquixb.png,guided,1,0.9994836219730362
diffusion_datasets/guided/1_fake/yldbjbxfzj.png,guided,1,0.08076680943830505
diffusion_datasets/guided/1_fake/czqsnkbvng.png,guided,1,0.2542663639096192
diffusion_datasets/guided/1_fake/snjzonvpow.png,guided,1,0.04694225120852912
diffusion_datasets/guided/1_fake/bjipeebzgu.png,guided,1,0.9906747250122583
diffusion_datasets/guided/1_fake/bqeilhkbun.png,guided,1,0.00974797755336054
diffusion_datasets/guided/1_fake/gkbjdvwiuz.png,guided,1,0.002526621561779101
diffusion_datasets/guided/1_fake/jsozceeudr.png,guided,1,6.671231367166378e-05
diffusion_datasets/guided/1_fake/vqrdytkinp.png,guided,1,0.004560153789766148
diffusion_datasets/guided/1_fake/tzirqivkgc.png,guided,1,0.00836055888632425
diffusion_datasets/guided/1_fake/zniuujlsax.png,guided,1,1.802961507931561e-05
diffusion_datasets/guided/1_fake/oxkzwdrxay.png,guided,1,4.628316409748257e-06
diffusion_datasets/guided/1_fake/fvfgzexjcm.png,guided,1,0.2726071285239993
diffusion_datasets/guided/1_fake/msujwlrujo.png,guided,1,0.005197612001335489
diffusion_datasets/guided/1_fake/iwkrlrqsbn.png,guided,1,0.11385465925815651
diffusion_datasets/guided/1_fake/ommdrgxtbr.png,guided,1,0.0009432934820242584
diffusion_datasets/guided/1_fake/aadlygmazf.png,guided,1,0.004770798736808227
diffusion_datasets/guided/1_fake/wzdhwjmvgy.png,guided,1,0.032621969953305324
diffusion_datasets/guided/1_fake/lxlphyyeaw.png,guided,1,5.0819702267791116e-05
diffusion_datasets/guided/1_fake/enrmnsxepz.png,guided,1,0.0693155259699917
diffusion_datasets/guided/1_fake/jeyotfdecp.png,guided,1,0.01348999301394251
diffusion_datasets/guided/1_fake/ahnijblsap.png,guided,1,0.031753163910329535
diffusion_datasets/guided/1_fake/etiolecymt.png,guided,1,0.001199022956716947
diffusion_datasets/guided/1_fake/nrzbgujfll.png,guided,1,7.42471621583044e-05
diffusion_datasets/guided/1_fake/fjyemnydtk.png,guided,1,0.3902973876243072
diffusion_datasets/guided/1_fake/zacjdmmloj.png,guided,1,2.4043907931842807e-05
diffusion_datasets/guided/1_fake/awjhtixyqd.png,guided,1,0.004028707063966436
diffusion_datasets/guided/1_fake/pwhjtzqmis.png,guided,1,0.9362455587316663
diffusion_datasets/guided/1_fake/fmlqvsmgwg.png,guided,1,0.557201121574605
diffusion_datasets/guided/1_fake/vfjqbhhdhb.png,guided,1,0.6919263613194349
diffusion_datasets/guided/1_fake/ybpkzmxsoj.png,guided,1,0.010602521735322763
diffusion_datasets/guided/1_fake/hdtfurantf.png,guided,1,7.917600361801449e-05
diffusion_datasets/guided/1_fake/vitzpaholy.png,guided,1,0.014876296351420064
diffusion_datasets/guided/1_fake/gsjragxgrg.png,guided,1,0.8068942450440297
diffusion_datasets/guided/1_fake/npfhwxylge.png,guided,1,0.4281575696501562
diffusion_datasets/guided/1_fake/ynescstwdk.png,guided,1,0.0004030996012329531
diffusion_datasets/guided/1_fake/sevosnzutr.png,guided,1,0.3365735213995098
diffusion_datasets/guided/1_fake/bxoicyhddk.png,guided,1,0.9512251119247161
diffusion_datasets/guided/1_fake/opueqmfkcd.png,guided,1,0.9764546339090682
diffusion_datasets/guided/1_fake/jecdlrpjba.png,guided,1,0.00011995168797847287
diffusion_datasets/guided/1_fake/surgjkswmj.png,guided,1,0.0003153729639592937
diffusion_datasets/guided/1_fake/ohycivlfdy.png,guided,1,0.020866991441227445
diffusion_datasets/guided/1_fake/ajaqvfgsih.png,guided,1,0.7566843786546027
diffusion_datasets/guided/1_fake/xuzzmcdpux.png,guided,1,0.6983735357255862
diffusion_datasets/guided/1_fake/msdsnlzcre.png,guided,1,0.0010756767283421917
diffusion_datasets/guided/1_fake/jhnbcswvmq.png,guided,1,0.00016188753936119144
diffusion_datasets/guided/1_fake/rakzbwxeme.png,guided,1,0.003339225364523294
diffusion_datasets/guided/1_fake/llaiteusmv.png,guided,1,0.4549367830318861
diffusion_datasets/guided/1_fake/ucxiudybpx.png,guided,1,0.9236384041510199
diffusion_datasets/guided/1_fake/ybpiflwjwj.png,guided,1,0.02371166855509338
diffusion_datasets/guided/1_fake/uzgkdnsvbt.png,guided,1,0.30853965874686845
diffusion_datasets/guided/1_fake/dpsfehmqme.png,guided,1,0.07288625440650241
diffusion_datasets/guided/1_fake/wxhrxapobk.png,guided,1,0.0007873672357506088
diffusion_datasets/guided/1_fake/gufjiiwgrf.png,guided,1,0.6430402746364327
diffusion_datasets/guided/1_fake/eelzocmtws.png,guided,1,8.177718150065141e-05
diffusion_datasets/guided/1_fake/gtjyzhcqoi.png,guided,1,0.4731373346578287
diffusion_datasets/guided/1_fake/ppufoaihkk.png,guided,1,0.32396950208124836
diffusion_datasets/guided/1_fake/ponotiiits.png,guided,1,4.165156021087284e-05
diffusion_datasets/guided/1_fake/tibxcunvom.png,guided,1,0.0033805169103623147
diffusion_datasets/guided/1_fake/wdxoxbbogy.png,guided,1,0.005456799818446875
diffusion_datasets/guided/1_fake/xbftnrscst.png,guided,1,0.9347750685274482
diffusion_datasets/guided/1_fake/njfscemusa.png,guided,1,0.00717928867115931
diffusion_datasets/guided/1_fake/ujtxojadtt.png,guided,1,0.02216280220648617
diffusion_datasets/guided/1_fake/hnihvkmnje.png,guided,1,0.00010651507304640738
diffusion_datasets/guided/1_fake/xqyjzhnfqu.png,guided,1,0.7461065433841733
diffusion_datasets/guided/1_fake/njnnphhwll.png,guided,1,0.00841917054426931
diffusion_datasets/guided/1_fake/gudkwzmgfo.png,guided,1,0.9934542954723264
diffusion_datasets/guided/1_fake/orgclftabd.png,guided,1,0.04589221878548744
diffusion_datasets/guided/1_fake/zwkapmobkx.png,guided,1,0.9982527833508119
diffusion_datasets/guided/1_fake/qqdphhznqg.png,guided,1,0.0011094029885582429
diffusion_datasets/guided/1_fake/pepkgtkonx.png,guided,1,0.5388375688060049
diffusion_datasets/guided/1_fake/stzvgskice.png,guided,1,0.0005080867671774784
diffusion_datasets/guided/1_fake/irwxnqcndk.png,guided,1,0.9991488908711267
diffusion_datasets/guided/1_fake/nrglavnpuu.png,guided,1,0.01876791143316649
diffusion_datasets/guided/1_fake/tdegwqcdxk.png,guided,1,0.9721457599124631
diffusion_datasets/guided/1_fake/gbkfcdebke.png,guided,1,0.07417277697442218
diffusion_datasets/guided/1_fake/idvfzzxvyh.png,guided,1,0.007764799601629508
diffusion_datasets/guided/1_fake/gvvfxpftgt.png,guided,1,0.004394090384240892
diffusion_datasets/guided/1_fake/fjxuybiebs.png,guided,1,0.0019036031702611346
diffusion_datasets/guided/1_fake/rjddhlzmqd.png,guided,1,0.9633054793766053
diffusion_datasets/guided/1_fake/pcudblgobu.png,guided,1,0.00024297526910122208
diffusion_datasets/guided/1_fake/cpyrataump.png,guided,1,0.14778447041055454
diffusion_datasets/guided/1_fake/tfubqflahj.png,guided,1,0.016199344455184696
diffusion_datasets/guided/1_fake/ughldndbio.png,guided,1,4.550652037666906e-06
diffusion_datasets/guided/1_fake/ukcwfevbtz.png,guided,1,0.005947029584866042
diffusion_datasets/guided/1_fake/lmbvfedfye.png,guided,1,0.888863107034311
diffusion_datasets/guided/1_fake/zhkybzbekn.png,guided,1,6.948278177889724e-05
diffusion_datasets/guided/1_fake/gliascthpi.png,guided,1,0.8497252384586569
diffusion_datasets/guided/1_fake/myypljgqkg.png,guided,1,0.6277036595536994
diffusion_datasets/guided/1_fake/jabklaioxf.png,guided,1,0.027942206423698015
diffusion_datasets/guided/1_fake/xjokdvoxpk.png,guided,1,0.004569935646548378
diffusion_datasets/guided/1_fake/yatxnhyhyw.png,guided,1,0.7669152308079893
diffusion_datasets/guided/1_fake/gacytxnrbg.png,guided,1,0.10029803136937301
diffusion_datasets/guided/1_fake/tzgkmgcgjt.png,guided,1,0.8458779515093092
diffusion_datasets/guided/1_fake/devyzpyxmr.png,guided,1,0.9908566974915768
diffusion_datasets/guided/1_fake/shkxdbeqpn.png,guided,1,0.7673402989073016
diffusion_datasets/guided/1_fake/mocygqjmlh.png,guided,1,0.028590693719574803
diffusion_datasets/guided/1_fake/jzpjgkemjx.png,guided,1,0.09687466030025126
diffusion_datasets/guided/1_fake/afwwethmvf.png,guided,1,0.028309586726085113
diffusion_datasets/guided/1_fake/gwfboomsuw.png,guided,1,0.005612436592329459
diffusion_datasets/guided/1_fake/viedszojsm.png,guided,1,0.00012463831954966274
diffusion_datasets/guided/1_fake/cciqgyfbnw.png,guided,1,0.0734649859869626
diffusion_datasets/guided/1_fake/vofhkesmtv.png,guided,1,0.32404567146526336
diffusion_datasets/guided/1_fake/gdomuubpmo.png,guided,1,0.9731145879546458
diffusion_datasets/guided/1_fake/figfzyfhkt.png,guided,1,0.007108434109325978
diffusion_datasets/guided/1_fake/ygqiosrden.png,guided,1,0.06893850765649844
diffusion_datasets/guided/1_fake/xqlumlknls.png,guided,1,0.749404828065881
diffusion_datasets/guided/1_fake/lvtmqaadzz.png,guided,1,0.30942663209852844
diffusion_datasets/guided/1_fake/dwgrruvbsz.png,guided,1,0.002834182496085793
diffusion_datasets/guided/1_fake/zcsnybxdqj.png,guided,1,0.0032220375948756458
diffusion_datasets/guided/1_fake/tycynadkoj.png,guided,1,0.9967134285275855
diffusion_datasets/guided/1_fake/fizdknwdwf.png,guided,1,0.9120031516688227
diffusion_datasets/guided/1_fake/bthfwgfwqz.png,guided,1,3.0022641222730707e-05
diffusion_datasets/guided/1_fake/qhhsiahqdz.png,guided,1,0.6635524335695103
diffusion_datasets/guided/1_fake/nejpnuzhor.png,guided,1,0.001979024579117207
diffusion_datasets/guided/1_fake/flislizwvd.png,guided,1,0.0006223130771806974
diffusion_datasets/guided/1_fake/vuvkrfmrfw.png,guided,1,0.001673515021619999
diffusion_datasets/guided/1_fake/kgwpuybmdo.png,guided,1,0.0009252638722928085
diffusion_datasets/guided/1_fake/uyfkdpzowl.png,guided,1,0.001591768864975357
diffusion_datasets/guided/1_fake/fvbwueqmmc.png,guided,1,0.130677860673668
diffusion_datasets/guided/1_fake/ftampoyprn.png,guided,1,0.0517269261103933
diffusion_datasets/guided/1_fake/jtprghimeh.png,guided,1,0.03309252683508338
diffusion_datasets/guided/1_fake/gmjuidkgzm.png,guided,1,0.19221232978575672
diffusion_datasets/guided/1_fake/fwqtzyeait.png,guided,1,0.01704320968973446
diffusion_datasets/guided/1_fake/rrcbbbylog.png,guided,1,0.00032596905466987904
diffusion_datasets/guided/1_fake/wbcncldemw.png,guided,1,0.9934062223463517
diffusion_datasets/guided/1_fake/texcjvnjug.png,guided,1,0.9773014679648313
diffusion_datasets/guided/1_fake/flcafzqbyt.png,guided,1,0.012202933656826379
diffusion_datasets/guided/1_fake/cnthnmxcwh.png,guided,1,0.03177665639531907
diffusion_datasets/guided/1_fake/ceyagwkqcf.png,guided,1,0.938089900231317
diffusion_datasets/guided/1_fake/wyyltkwttn.png,guided,1,0.02285256236751867
diffusion_datasets/guided/1_fake/drnfeijjlp.png,guided,1,0.10506688957387893
diffusion_datasets/guided/1_fake/usxygmfmlb.png,guided,1,0.07293640590936742
diffusion_datasets/guided/1_fake/nnuuhindgj.png,guided,1,0.017776154524754822
diffusion_datasets/guided/1_fake/nfysclasrr.png,guided,1,0.9083987601973508
diffusion_datasets/guided/1_fake/oucmaedfum.png,guided,1,0.2837529675611858
diffusion_datasets/guided/1_fake/oqgbxaotgn.png,guided,1,0.0005383991949626847
diffusion_datasets/guided/1_fake/khmsldutff.png,guided,1,0.9999172829480296
diffusion_datasets/guided/1_fake/qwawgjhkcz.png,guided,1,0.312815813731317
diffusion_datasets/guided/1_fake/kyrjicorfj.png,guided,1,0.008294503037116742
diffusion_datasets/guided/1_fake/pccthywpgs.png,guided,1,0.0002718039803176688
diffusion_datasets/guided/1_fake/nmdxktenko.png,guided,1,0.9937615557256196
diffusion_datasets/guided/1_fake/zxnpcvwbfb.png,guided,1,0.008363244686714134
diffusion_datasets/guided/1_fake/swhkqaywlh.png,guided,1,0.022919219935809868
diffusion_datasets/guided/1_fake/jzcptodnmr.png,guided,1,0.8335625931775003
diffusion_datasets/guided/1_fake/kpmxquicco.png,guided,1,0.0013106911606373243
diffusion_datasets/guided/1_fake/nhlzsfyryf.png,guided,1,0.0011203910972128169
diffusion_datasets/guided/1_fake/eayzvzrytx.png,guided,1,0.9351617560100567
diffusion_datasets/guided/1_fake/mqzlaxdcyf.png,guided,1,0.945707444721868
diffusion_datasets/guided/1_fake/lxjrxqzveb.png,guided,1,0.010655573650753442
diffusion_datasets/guided/1_fake/tgihtkfpyi.png,guided,1,0.006389967945486635
diffusion_datasets/guided/1_fake/rzvoxvfpaz.png,guided,1,0.07051724794561047
diffusion_datasets/guided/1_fake/kguycdreay.png,guided,1,0.29683036629313897
diffusion_datasets/guided/1_fake/ewspkgvjkv.png,guided,1,0.002179302864638437
diffusion_datasets/guided/1_fake/gckzbyionz.png,guided,1,0.9878693189253736
diffusion_datasets/guided/1_fake/zoxknkpgoh.png,guided,1,0.830069768327407
diffusion_datasets/guided/1_fake/qjrpujocxn.png,guided,1,0.007197758529627628
diffusion_datasets/guided/1_fake/uzunqwixgv.png,guided,1,0.7913323320082601
diffusion_datasets/guided/1_fake/bqcltegxdf.png,guided,1,0.018918028988261098
diffusion_datasets/guided/1_fake/sinwhncecv.png,guided,1,0.0352474331975409
diffusion_datasets/guided/1_fake/xyhvtzywzh.png,guided,1,4.8830931547597014e-05
diffusion_datasets/guided/1_fake/wsreukpzwe.png,guided,1,6.174078174936973e-05
diffusion_datasets/guided/1_fake/kvaphythne.png,guided,1,0.947833091820644
diffusion_datasets/guided/1_fake/fzrimmsozw.png,guided,1,0.0012460866963860265
diffusion_datasets/guided/1_fake/flzalpsilp.png,guided,1,0.02850240187012806
diffusion_datasets/guided/1_fake/szebyvzlqt.png,guided,1,0.6628114035513217
diffusion_datasets/guided/1_fake/hwfugtliat.png,guided,1,0.05279264167290713
diffusion_datasets/guided/1_fake/qsuodtmksx.png,guided,1,0.022439447820480518
diffusion_datasets/guided/1_fake/xbwwtavscv.png,guided,1,0.04328181644997297
diffusion_datasets/guided/1_fake/ddeuvxknie.png,guided,1,7.1684138100681436e-06
diffusion_datasets/guided/1_fake/dexhjtncni.png,guided,1,0.7480031210631297
diffusion_datasets/guided/1_fake/lsvzbqhxgl.png,guided,1,0.012858161252020387
diffusion_datasets/guided/1_fake/ajdylzvnwn.png,guided,1,0.8336196295699269
diffusion_datasets/guided/1_fake/aoyyeorqer.png,guided,1,0.008722475349224308
diffusion_datasets/guided/1_fake/ahwxcijnxm.png,guided,1,0.9971464220110053
diffusion_datasets/guided/1_fake/kiimhjeatg.png,guided,1,0.005279492891354224
diffusion_datasets/guided/1_fake/bhlyixirpi.png,guided,1,0.052915405820097704
diffusion_datasets/guided/1_fake/gudshwhvvv.png,guided,1,0.00016616617477893374
diffusion_datasets/guided/1_fake/gbmtgdhzrx.png,guided,1,0.9865842923855529
diffusion_datasets/guided/1_fake/ypvdkreobg.png,guided,1,0.001872069154911799
diffusion_datasets/guided/1_fake/sssvouruij.png,guided,1,0.3094401813813916
diffusion_datasets/guided/1_fake/ascyfbgfmn.png,guided,1,0.026366067664203234
diffusion_datasets/guided/1_fake/zbnbosutcn.png,guided,1,0.9443424821037899
diffusion_datasets/guided/1_fake/uxbuickkha.png,guided,1,0.055574722106146196
diffusion_datasets/guided/1_fake/svpwqjhjbu.png,guided,1,0.1786811639343716
diffusion_datasets/guided/1_fake/uvwnmuvfio.png,guided,1,0.6903558414133524
diffusion_datasets/guided/1_fake/ykhbfkbqqc.png,guided,1,0.8352044542049295
diffusion_datasets/guided/1_fake/mijuwhirnm.png,guided,1,0.545953298000809
diffusion_datasets/guided/1_fake/pbdegkyycl.png,guided,1,0.3860936822057846
diffusion_datasets/guided/1_fake/cxjsjqusph.png,guided,1,2.0724426220070973e-05
diffusion_datasets/guided/1_fake/gllomgthtj.png,guided,1,0.026840964935373763
diffusion_datasets/guided/1_fake/utlevcsfzc.png,guided,1,0.9994470212059854
diffusion_datasets/guided/1_fake/wfyfdsoqjb.png,guided,1,0.9805994635484732
diffusion_datasets/guided/1_fake/ywjlbpxbjz.png,guided,1,0.14891874874188973
diffusion_datasets/guided/1_fake/cjmyrxrisl.png,guided,1,0.0914513320166641
diffusion_datasets/guided/1_fake/onojezltok.png,guided,1,0.07121278557901999
diffusion_datasets/guided/1_fake/gxexzzlcld.png,guided,1,0.9439304093854392
diffusion_datasets/guided/1_fake/iwsairnpes.png,guided,1,4.024307106351911e-05
diffusion_datasets/guided/1_fake/bobirihsmf.png,guided,1,0.01954649111959854
diffusion_datasets/guided/1_fake/wrplkwvjrk.png,guided,1,0.001587307989123922
diffusion_datasets/guided/1_fake/annkzxvqsz.png,guided,1,0.00016183189437652033
diffusion_datasets/guided/1_fake/gcenmxpfnz.png,guided,1,0.0033778443234567437
diffusion_datasets/guided/1_fake/jykjuscrhb.png,guided,1,0.998090858188349
diffusion_datasets/guided/1_fake/lcyxnaodgl.png,guided,1,0.07304454955413739
diffusion_datasets/guided/1_fake/tigzfxjaeg.png,guided,1,0.006679700810450086
diffusion_datasets/guided/1_fake/oqlgvyltdu.png,guided,1,0.4845969128858609
diffusion_datasets/guided/1_fake/kqtezbdvua.png,guided,1,0.005113034253882517
diffusion_datasets/guided/1_fake/vumdsauhht.png,guided,1,0.028974455732747886
diffusion_datasets/guided/1_fake/nhlvajciai.png,guided,1,0.011737017843528047
diffusion_datasets/guided/1_fake/kysxvylzkk.png,guided,1,0.19927518569697358
diffusion_datasets/guided/1_fake/dawfktkzad.png,guided,1,0.02911529801079099
diffusion_datasets/guided/1_fake/zchftlmgnh.png,guided,1,0.07479432218095569
diffusion_datasets/guided/1_fake/dojapmtjlo.png,guided,1,0.6595572466156928
diffusion_datasets/guided/1_fake/eqndltlggi.png,guided,1,0.18916916056048938
diffusion_datasets/guided/1_fake/mfoxhwrofa.png,guided,1,0.8916943840442946
diffusion_datasets/guided/1_fake/pieahxylhf.png,guided,1,0.19038999429188008
diffusion_datasets/guided/1_fake/rxsgddveyy.png,guided,1,0.8983470996180024
diffusion_datasets/guided/1_fake/uvsazktssr.png,guided,1,0.8643293022848559
diffusion_datasets/guided/1_fake/pptvyzosrk.png,guided,1,2.3992568611325315e-05
diffusion_datasets/guided/1_fake/lzgwytfbdh.png,guided,1,0.681925171793639
diffusion_datasets/guided/1_fake/truenadnmf.png,guided,1,0.7188236613381699
diffusion_datasets/guided/1_fake/tecfsxrdsg.png,guided,1,0.13333947653201042
diffusion_datasets/guided/1_fake/pwvremoaiz.png,guided,1,0.0014403303878425821
diffusion_datasets/guided/1_fake/hkjmvhgmso.png,guided,1,0.002242006384870106
diffusion_datasets/guided/1_fake/dldztvvwrt.png,guided,1,0.0001360575869117003
diffusion_datasets/guided/1_fake/uesrfqrmys.png,guided,1,0.8684841449905968
diffusion_datasets/guided/1_fake/phqxvaxgfc.png,guided,1,0.9271578614606182
diffusion_datasets/guided/1_fake/eecrzmaxjv.png,guided,1,0.004344446168589563
diffusion_datasets/guided/1_fake/auannvrmrm.png,guided,1,0.03596456568678009
diffusion_datasets/guided/1_fake/qvxgfrmtjl.png,guided,1,0.9667286752408161
diffusion_datasets/guided/1_fake/wxmydpmpup.png,guided,1,0.022325961233328917
diffusion_datasets/guided/1_fake/owymrcrmoo.png,guided,1,0.0038615345341184862
diffusion_datasets/guided/1_fake/gwwprxqtre.png,guided,1,0.27761973262509876
diffusion_datasets/guided/1_fake/izmzwnwzxb.png,guided,1,0.9996395123324319
diffusion_datasets/guided/1_fake/mbtqfbwlry.png,guided,1,0.0017118881944305343
diffusion_datasets/guided/1_fake/bfczagsxfw.png,guided,1,0.00016267708642713746
diffusion_datasets/guided/1_fake/fpjptmloys.png,guided,1,2.454113142147935e-07
diffusion_datasets/guided/1_fake/rsekavebcp.png,guided,1,2.9568980566032484e-05
diffusion_datasets/guided/1_fake/wsbyyiugsn.png,guided,1,0.20202671408224548
diffusion_datasets/guided/1_fake/aynkpajrmy.png,guided,1,0.019866339607374675
diffusion_datasets/guided/1_fake/hhmqvefsdm.png,guided,1,0.9762379408588661
diffusion_datasets/guided/1_fake/ypdjyjlopx.png,guided,1,0.05042155663955837
diffusion_datasets/guided/1_fake/ranqpkoerl.png,guided,1,0.07653730304377711
diffusion_datasets/guided/1_fake/olecerouzv.png,guided,1,0.0014166650759141395
diffusion_datasets/guided/1_fake/xmppkkdynh.png,guided,1,0.013160186277076415
diffusion_datasets/guided/1_fake/csvtttfwut.png,guided,1,0.9906255725955804
diffusion_datasets/guided/1_fake/owbarkgfyc.png,guided,1,0.8220295406115246
diffusion_datasets/guided/1_fake/fuqmkbouip.png,guided,1,0.0007585160450082897
diffusion_datasets/guided/1_fake/jpkbhfmhql.png,guided,1,0.002393327334544576
diffusion_datasets/guided/1_fake/txviitvyvk.png,guided,1,0.06477588485598244
diffusion_datasets/guided/1_fake/mgeezotzdw.png,guided,1,0.00016858393860890561
diffusion_datasets/guided/1_fake/cubsnkbrrm.png,guided,1,0.007218369236101485
diffusion_datasets/guided/1_fake/pxefeippis.png,guided,1,0.018083213456579376
diffusion_datasets/guided/1_fake/edqamoutbf.png,guided,1,0.9178154105867051
diffusion_datasets/guided/1_fake/yfxdzkbfpk.png,guided,1,9.67387103577757e-05
diffusion_datasets/guided/1_fake/dimuqznulw.png,guided,1,0.0737607142908323
diffusion_datasets/guided/1_fake/psvhorutyv.png,guided,1,9.838934780065182e-06
diffusion_datasets/guided/1_fake/albdpubxka.png,guided,1,0.7887233743623636
diffusion_datasets/guided/1_fake/oulguvnvpq.png,guided,1,0.083576815685149
diffusion_datasets/guided/1_fake/fnqlfrabai.png,guided,1,0.004567004544826266
diffusion_datasets/guided/1_fake/osigoexsbv.png,guided,1,7.557476102740531e-05
diffusion_datasets/guided/1_fake/dncoarxujc.png,guided,1,0.766539928486574
diffusion_datasets/guided/1_fake/joshvzhgck.png,guided,1,0.17151889955214433
diffusion_datasets/guided/1_fake/wnjjxqinho.png,guided,1,0.23646143161312982
diffusion_datasets/guided/1_fake/nytqcbcfth.png,guided,1,0.9734068481688584
diffusion_datasets/guided/1_fake/iqruwytkxd.png,guided,1,3.355792808465559e-07
diffusion_datasets/guided/1_fake/toteczliil.png,guided,1,0.14834047359543254
diffusion_datasets/guided/1_fake/mobwrxioai.png,guided,1,0.9452056441516008
diffusion_datasets/guided/1_fake/dsxuevcdxk.png,guided,1,0.00652474085855783
diffusion_datasets/guided/1_fake/hxfciehznr.png,guided,1,0.6107729266044835
diffusion_datasets/guided/1_fake/blaonzaskp.png,guided,1,0.04749158420401791
diffusion_datasets/guided/1_fake/bicflvshvw.png,guided,1,0.45138390874693757
diffusion_datasets/guided/1_fake/temvvnfwvq.png,guided,1,8.539251497365668e-05
diffusion_datasets/guided/1_fake/isrzfmrbjo.png,guided,1,0.915956881829408
diffusion_datasets/guided/1_fake/wpptcqobpu.png,guided,1,0.39211999768618955
diffusion_datasets/guided/1_fake/vrffpjmuir.png,guided,1,0.14424942058720625
diffusion_datasets/guided/1_fake/vcsznknzhw.png,guided,1,0.7214281666705764
diffusion_datasets/guided/1_fake/mfzrfiyjrf.png,guided,1,0.02477873473663886
diffusion_datasets/guided/1_fake/sndlxnwwey.png,guided,1,0.006053040325270912
diffusion_datasets/guided/1_fake/uyrgewsxvy.png,guided,1,0.9968998973792318
diffusion_datasets/guided/1_fake/odhzcmznnr.png,guided,1,0.0013206346462157673
diffusion_datasets/guided/1_fake/czkhjnfjgr.png,guided,1,0.9284646929551755
diffusion_datasets/guided/1_fake/splerbaidx.png,guided,1,0.7454752390634042
diffusion_datasets/guided/1_fake/yaaqlxnzhi.png,guided,1,0.10233928616304151
diffusion_datasets/guided/1_fake/kszghluqlw.png,guided,1,0.005229262853184244
diffusion_datasets/guided/1_fake/aakydlwfer.png,guided,1,0.08863158445539028
diffusion_datasets/guided/1_fake/vwrsjumkmz.png,guided,1,0.001939507747106274
diffusion_datasets/guided/1_fake/stnicrfcsk.png,guided,1,4.419982118737305e-05
diffusion_datasets/guided/1_fake/niehixqsig.png,guided,1,0.009017701702625286
diffusion_datasets/guided/1_fake/wqvahtytps.png,guided,1,1.52374279111831e-05
diffusion_datasets/guided/1_fake/fegqolkrls.png,guided,1,6.393246598665796e-05
diffusion_datasets/guided/1_fake/bbmeviacjm.png,guided,1,0.8128837949799332
diffusion_datasets/guided/1_fake/hgcafbxres.png,guided,1,0.44295129684223
diffusion_datasets/guided/1_fake/spuypppvyh.png,guided,1,0.999562110974913
diffusion_datasets/guided/1_fake/htqmkwgkwb.png,guided,1,8.1271592948747e-05
diffusion_datasets/guided/1_fake/jqnuoffbtb.png,guided,1,0.9441053516450715
diffusion_datasets/guided/1_fake/rpwhvvwxag.png,guided,1,0.0012894721462673028
diffusion_datasets/guided/1_fake/uwzfugbfno.png,guided,1,0.016362614007204065
diffusion_datasets/guided/1_fake/sswokizojd.png,guided,1,0.1552859011787823
diffusion_datasets/guided/1_fake/nuhcuxjnpx.png,guided,1,0.3193562574967303
diffusion_datasets/guided/1_fake/ftobdflmuz.png,guided,1,0.241102109591982
diffusion_datasets/guided/1_fake/tuptxvyplv.png,guided,1,0.15972191503020935
diffusion_datasets/guided/1_fake/htpewtqebr.png,guided,1,0.8920472820300781
diffusion_datasets/guided/1_fake/kkxuptmzof.png,guided,1,0.849452334502913
diffusion_datasets/guided/1_fake/echehlitmr.png,guided,1,0.5619869081098144
diffusion_datasets/guided/1_fake/gtidkpfxcc.png,guided,1,0.6409588323790835
diffusion_datasets/guided/1_fake/ycojahdoqs.png,guided,1,0.09622599951600541
diffusion_datasets/guided/1_fake/attqnlwqgz.png,guided,1,0.9670300326258225
diffusion_datasets/guided/1_fake/ztytemyoxv.png,guided,1,0.0076168107461498085
diffusion_datasets/guided/1_fake/pcwvbmjrea.png,guided,1,0.9994126530982912
diffusion_datasets/guided/1_fake/hzsujxzlcn.png,guided,1,0.002881983082153375
diffusion_datasets/guided/1_fake/kxwkjgbtdq.png,guided,1,0.9969778420863826
diffusion_datasets/guided/1_fake/mqbzprykrc.png,guided,1,0.19347524896253743
diffusion_datasets/guided/1_fake/wekyyrslyw.png,guided,1,0.5329374267418215
diffusion_datasets/guided/1_fake/sxbfuikltb.png,guided,1,0.00020154468770943894
diffusion_datasets/guided/1_fake/hajmuavfdr.png,guided,1,0.0001584897279859378
diffusion_datasets/guided/1_fake/qaafihkbbk.png,guided,1,0.20230749355221309
diffusion_datasets/guided/1_fake/hzfxwrmqch.png,guided,1,0.0035645621662425218
diffusion_datasets/guided/1_fake/ftojusbwcq.png,guided,1,0.014664911677521627
diffusion_datasets/guided/1_fake/vsocilgayn.png,guided,1,0.981503839166243
diffusion_datasets/guided/1_fake/npgjxoaxcz.png,guided,1,0.01981783238177677
diffusion_datasets/guided/1_fake/ikesdclcne.png,guided,1,0.40414164006734754
diffusion_datasets/guided/1_fake/ovjpkblzon.png,guided,1,0.31867616802420395
diffusion_datasets/guided/1_fake/rzkutenljp.png,guided,1,0.051922369614321576
diffusion_datasets/guided/1_fake/cubclpdlyb.png,guided,1,0.08142354344588426
diffusion_datasets/guided/1_fake/smmiazxocc.png,guided,1,0.014851198934723066
diffusion_datasets/guided/1_fake/kqmbpossfq.png,guided,1,0.010045699230080953
diffusion_datasets/guided/1_fake/yhwhnweccm.png,guided,1,0.01016162858664587
diffusion_datasets/guided/1_fake/ogjsxmnkxw.png,guided,1,0.08103642739840097
diffusion_datasets/guided/1_fake/xaetznfnpu.png,guided,1,0.007682555441183914
diffusion_datasets/guided/1_fake/olxtdigiux.png,guided,1,0.08176443083994044
diffusion_datasets/guided/1_fake/bvbspxdfxz.png,guided,1,2.6203765795796862e-05
diffusion_datasets/guided/1_fake/vwsjebonhl.png,guided,1,0.2341023311317975
diffusion_datasets/guided/1_fake/tvdnjojlmh.png,guided,1,0.9975134746836868
diffusion_datasets/guided/1_fake/abzfomfxjd.png,guided,1,0.0010123567128437385
diffusion_datasets/guided/1_fake/cqxwvqbknx.png,guided,1,0.12105407237757264
diffusion_datasets/guided/1_fake/xhhbffrquk.png,guided,1,0.9847718447111815
diffusion_datasets/guided/1_fake/ccbrpvitlb.png,guided,1,0.13239158920176103
diffusion_datasets/guided/1_fake/mykongsfgc.png,guided,1,0.08554363435048837
diffusion_datasets/guided/1_fake/ybihqfczqf.png,guided,1,0.2756988403178692
diffusion_datasets/guided/1_fake/obmkmjnvet.png,guided,1,0.05452103846635161
diffusion_datasets/guided/1_fake/crqwxhlcfy.png,guided,1,0.009156536342281913
diffusion_datasets/guided/1_fake/vmrobijbmc.png,guided,1,0.0024901533483999835
diffusion_datasets/guided/1_fake/mcsihazpje.png,guided,1,0.9922916923249425
diffusion_datasets/guided/1_fake/lsmostdlua.png,guided,1,0.9919445828261716
diffusion_datasets/guided/1_fake/qejahcqthz.png,guided,1,0.6732989401977226
diffusion_datasets/guided/1_fake/wmgazqjjux.png,guided,1,0.007214152053727607
diffusion_datasets/guided/1_fake/oovxyyombs.png,guided,1,0.0003853146446384362
diffusion_datasets/guided/1_fake/qgdbbafuhn.png,guided,1,0.029243597931058078
diffusion_datasets/guided/1_fake/jjplgayvlc.png,guided,1,0.058424899171186734
diffusion_datasets/guided/1_fake/xfhgbduucl.png,guided,1,0.0007359848668088766
diffusion_datasets/guided/1_fake/vlwnndwtuh.png,guided,1,0.0004815752278079395
diffusion_datasets/guided/1_fake/dtvfjwtgbk.png,guided,1,0.07855050070607772
diffusion_datasets/guided/1_fake/rxrwofckks.png,guided,1,0.6773205195050656
diffusion_datasets/guided/1_fake/xdpqtpwyiz.png,guided,1,0.001110776577235249
diffusion_datasets/guided/1_fake/iojhamvzyv.png,guided,1,0.010432949761896569
diffusion_datasets/guided/1_fake/vsivgpmche.png,guided,1,0.8592663496438514
diffusion_datasets/guided/1_fake/lxdnodpvuz.png,guided,1,0.8238472721768857
diffusion_datasets/guided/1_fake/jezexlfhiq.png,guided,1,0.019535795424494073
diffusion_datasets/guided/1_fake/utfokfmmbf.png,guided,1,0.000796132306313571
diffusion_datasets/guided/1_fake/ilaptngbkl.png,guided,1,0.0013006755370276212
diffusion_datasets/guided/1_fake/tvhyjyjvbi.png,guided,1,0.8842348160313623
diffusion_datasets/guided/1_fake/ivswfntzwh.png,guided,1,0.10828813006393216
diffusion_datasets/guided/1_fake/mszjipjvvf.png,guided,1,0.6171129385842368
diffusion_datasets/guided/1_fake/osrdcrocjh.png,guided,1,0.8765341306579617
diffusion_datasets/guided/1_fake/pirwlvliku.png,guided,1,0.00698773578024681
diffusion_datasets/guided/1_fake/znxaufdjpv.png,guided,1,0.012116283692287054
diffusion_datasets/guided/1_fake/gnjefwyemy.png,guided,1,0.9911635339048199
diffusion_datasets/guided/1_fake/tptqwsoovh.png,guided,1,0.00012537472723210568
diffusion_datasets/guided/1_fake/qvldneoiwj.png,guided,1,0.057427947784387263
diffusion_datasets/guided/1_fake/mhaimbeqgl.png,guided,1,0.055465632438118063
diffusion_datasets/guided/1_fake/ftmhbluvwz.png,guided,1,0.10847681819950006
diffusion_datasets/guided/1_fake/oertmmpfuq.png,guided,1,0.1253389339111318
diffusion_datasets/guided/1_fake/cyencgbdne.png,guided,1,0.38269617083062063
diffusion_datasets/guided/1_fake/dbifuulczh.png,guided,1,0.4755202687451624
diffusion_datasets/guided/1_fake/apdgetedbs.png,guided,1,6.252464814075661e-07
diffusion_datasets/guided/1_fake/yfbwcnyvch.png,guided,1,0.0005136149038145847
diffusion_datasets/guided/1_fake/viwuulrpyk.png,guided,1,0.9143767652639103
diffusion_datasets/guided/1_fake/effiwpkvcy.png,guided,1,0.0027175348231415347
diffusion_datasets/guided/1_fake/fneghrqtsf.png,guided,1,0.05128908635324456
diffusion_datasets/guided/1_fake/jvfamsvrme.png,guided,1,0.0021178919577292308
diffusion_datasets/guided/1_fake/xmyblzhwwh.png,guided,1,0.9998173451975968
diffusion_datasets/guided/1_fake/eqtzpzsbnp.png,guided,1,0.0007237510371788041
diffusion_datasets/guided/1_fake/hnzpgeledt.png,guided,1,3.9034136956948094e-05
diffusion_datasets/guided/1_fake/plszaygqda.png,guided,1,0.5958794534788904
diffusion_datasets/imagenet/0_real/kqhrtvmeux.JPEG,imagenet,0,0.003559114702012361
diffusion_datasets/imagenet/0_real/kqmbpossfq.JPEG,imagenet,0,0.00022512797527235987
diffusion_datasets/imagenet/0_real/gacytxnrbg.JPEG,imagenet,0,0.8887614251862539
diffusion_datasets/imagenet/0_real/vblsrmonrr.JPEG,imagenet,0,0.0005201110281537325
diffusion_datasets/imagenet/0_real/qofcjlhwbv.JPEG,imagenet,0,0.0003076248414796748
diffusion_datasets/imagenet/0_real/khmsldutff.JPEG,imagenet,0,2.6443354323907106e-05
diffusion_datasets/imagenet/0_real/djumibnmaq.JPEG,imagenet,0,0.257571732424642
diffusion_datasets/imagenet/0_real/lkwvbsljma.JPEG,imagenet,0,0.033678387696193864
diffusion_datasets/imagenet/0_real/sinwhncecv.JPEG,imagenet,0,0.023712236032223902
diffusion_datasets/imagenet/0_real/eowkckioii.JPEG,imagenet,0,8.29104043108124e-05
diffusion_datasets/imagenet/0_real/segiubdggo.JPEG,imagenet,0,0.00836538364000259
diffusion_datasets/imagenet/0_real/gqpoiykvcs.JPEG,imagenet,0,0.17269228836868747
diffusion_datasets/imagenet/0_real/aqfnjpltvb.JPEG,imagenet,0,0.013339102523716336
diffusion_datasets/imagenet/0_real/clnogwmxno.JPEG,imagenet,0,0.0002468387334360067
diffusion_datasets/imagenet/0_real/lttnaabznd.JPEG,imagenet,0,0.32511043863866274
diffusion_datasets/imagenet/0_real/eelzocmtws.JPEG,imagenet,0,1.2668501082021602e-05
diffusion_datasets/imagenet/0_real/jsytpmwrvb.JPEG,imagenet,0,0.0010396807873391644
diffusion_datasets/imagenet/0_real/envczpiyds.JPEG,imagenet,0,0.9902394700930074
diffusion_datasets/imagenet/0_real/bqmyueubdu.JPEG,imagenet,0,0.019231401409063487
diffusion_datasets/imagenet/0_real/hwfugtliat.JPEG,imagenet,0,0.2601372215594821
diffusion_datasets/imagenet/0_real/iibymqusjk.JPEG,imagenet,0,0.30176913902287517
diffusion_datasets/imagenet/0_real/hnihvkmnje.JPEG,imagenet,0,0.00019693334368245795
diffusion_datasets/imagenet/0_real/jhcbtfuziq.JPEG,imagenet,0,0.0019394621940411008
diffusion_datasets/imagenet/0_real/ffduxyansq.JPEG,imagenet,0,0.0023999634388680155
diffusion_datasets/imagenet/0_real/qyjvmgdrmq.JPEG,imagenet,0,0.02280911796468291
diffusion_datasets/imagenet/0_real/tinlvxgqxw.JPEG,imagenet,0,0.01925316907229413
diffusion_datasets/imagenet/0_real/niehixqsig.JPEG,imagenet,0,0.00545335973449683
diffusion_datasets/imagenet/0_real/gayjhkcdkw.JPEG,imagenet,0,0.00033901869276823716
diffusion_datasets/imagenet/0_real/ahbiztymlj.JPEG,imagenet,0,0.0001498135572641014
diffusion_datasets/imagenet/0_real/bcdxmvfonp.JPEG,imagenet,0,3.457259326365321e-05
diffusion_datasets/imagenet/0_real/myypljgqkg.JPEG,imagenet,0,3.002952173297516e-06
diffusion_datasets/imagenet/0_real/lmbvfedfye.JPEG,imagenet,0,0.0018162493970176902
diffusion_datasets/imagenet/0_real/npgjxoaxcz.JPEG,imagenet,0,2.596135826017105e-05
diffusion_datasets/imagenet/0_real/wnjjxqinho.JPEG,imagenet,0,0.00020228764373105354
diffusion_datasets/imagenet/0_real/sneggiimdk.JPEG,imagenet,0,0.013195915281602053
diffusion_datasets/imagenet/0_real/tgihtkfpyi.JPEG,imagenet,0,0.00010860129400323198
diffusion_datasets/imagenet/0_real/arfbiucpar.JPEG,imagenet,0,3.1142773347855406e-06
diffusion_datasets/imagenet/0_real/wrmxjiicmz.JPEG,imagenet,0,1.4687008304359529e-06
diffusion_datasets/imagenet/0_real/tvhyjyjvbi.JPEG,imagenet,0,0.03471037882232248
diffusion_datasets/imagenet/0_real/kpmxquicco.JPEG,imagenet,0,0.09861092987657834
diffusion_datasets/imagenet/0_real/nvsdiqcxdc.JPEG,imagenet,0,0.026731800692046077
diffusion_datasets/imagenet/0_real/wfyfdsoqjb.JPEG,imagenet,0,0.19763475983862863
diffusion_datasets/imagenet/0_real/ftojusbwcq.JPEG,imagenet,0,0.003450447507267868
diffusion_datasets/imagenet/0_real/wqvahtytps.JPEG,imagenet,0,0.6313979896290688
diffusion_datasets/imagenet/0_real/crqwxhlcfy.JPEG,imagenet,0,0.0006250935407131578
diffusion_datasets/imagenet/0_real/fzmzemtxkr.JPEG,imagenet,0,0.00025119466199199355
diffusion_datasets/imagenet/0_real/viwuulrpyk.JPEG,imagenet,0,0.06508477899507377
diffusion_datasets/imagenet/0_real/uxbuickkha.JPEG,imagenet,0,0.0005923858683115021
diffusion_datasets/imagenet/0_real/yeysnhxrmp.JPEG,imagenet,0,3.240138119891589e-05
diffusion_datasets/imagenet/0_real/oegsdqwgax.JPEG,imagenet,0,0.006042207074444187
diffusion_datasets/imagenet/0_real/dexbjiwpmb.JPEG,imagenet,0,0.008538576108843225
diffusion_datasets/imagenet/0_real/lnavxqqxfa.JPEG,imagenet,0,0.0016560938872528764
diffusion_datasets/imagenet/0_real/psosqfwlqc.JPEG,imagenet,0,0.005194630031536286
diffusion_datasets/imagenet/0_real/yzkphttipt.JPEG,imagenet,0,0.0049393195651136
diffusion_datasets/imagenet/0_real/qvxgfrmtjl.JPEG,imagenet,0,0.0003760950002331147
diffusion_datasets/imagenet/0_real/xmppkkdynh.JPEG,imagenet,0,0.005777330117916386
diffusion_datasets/imagenet/0_real/vtswogmbhi.JPEG,imagenet,0,0.40866337412151355
diffusion_datasets/imagenet/0_real/lavlfbgnkn.JPEG,imagenet,0,0.036953124681044024
diffusion_datasets/imagenet/0_real/ftmhbluvwz.JPEG,imagenet,0,0.01107564714531705
diffusion_datasets/imagenet/0_real/oqargxuywp.JPEG,imagenet,0,0.00011124669301364491
diffusion_datasets/imagenet/0_real/krqkilakxw.JPEG,imagenet,0,0.00046555021450768306
diffusion_datasets/imagenet/0_real/gcenmxpfnz.JPEG,imagenet,0,0.0009495856404466373
diffusion_datasets/imagenet/0_real/nmgqcqjyhs.JPEG,imagenet,0,9.114256550834843e-05
diffusion_datasets/imagenet/0_real/yytnnkmkun.JPEG,imagenet,0,0.14115051780988702
diffusion_datasets/imagenet/0_real/bsoomuiluf.JPEG,imagenet,0,0.0002628372192362182
diffusion_datasets/imagenet/0_real/fgizsruyxb.JPEG,imagenet,0,0.038467846222732194
diffusion_datasets/imagenet/0_real/orgateeurw.JPEG,imagenet,0,1.1660331176868466e-05
diffusion_datasets/imagenet/0_real/iqiospmdok.JPEG,imagenet,0,0.0068823387235403795
diffusion_datasets/imagenet/0_real/yptdaozbuw.JPEG,imagenet,0,1.809542764537633e-05
diffusion_datasets/imagenet/0_real/zdqmadvhbl.JPEG,imagenet,0,0.006430626327487818
diffusion_datasets/imagenet/0_real/dtoeuxdocm.JPEG,imagenet,0,0.003681309894871356
diffusion_datasets/imagenet/0_real/tuptxvyplv.JPEG,imagenet,0,0.220386184135185
diffusion_datasets/imagenet/0_real/rsiiuivgsv.JPEG,imagenet,0,0.00010236929681085826
diffusion_datasets/imagenet/0_real/msujwlrujo.JPEG,imagenet,0,6.973430128751033e-05
diffusion_datasets/imagenet/0_real/rlzfziqqrd.JPEG,imagenet,0,0.013901478382574353
diffusion_datasets/imagenet/0_real/oovxyyombs.JPEG,imagenet,0,7.966126119601524e-06
diffusion_datasets/imagenet/0_real/usipjcyjoy.JPEG,imagenet,0,1.08330792786908e-06
diffusion_datasets/imagenet/0_real/wynbrdoyde.JPEG,imagenet,0,7.059921454725623e-06
diffusion_datasets/imagenet/0_real/marjmzmnja.JPEG,imagenet,0,0.4454364850061086
diffusion_datasets/imagenet/0_real/otvbonovtr.JPEG,imagenet,0,0.00117900902868112
diffusion_datasets/imagenet/0_real/bvbspxdfxz.JPEG,imagenet,0,0.004355442332774812
diffusion_datasets/imagenet/0_real/annkzxvqsz.JPEG,imagenet,0,0.0011558504613337942
diffusion_datasets/imagenet/0_real/yqqmbglayb.JPEG,imagenet,0,0.08162937067122286
diffusion_datasets/imagenet/0_real/drnfeijjlp.JPEG,imagenet,0,0.030528798223148024
diffusion_datasets/imagenet/0_real/qyaknxvzwp.JPEG,imagenet,0,6.300546753723835e-06
diffusion_datasets/imagenet/0_real/gzmbdszeyt.JPEG,imagenet,0,0.9597893353155377
diffusion_datasets/imagenet/0_real/ofgvdkgdnd.JPEG,imagenet,0,6.865835093567991e-05
diffusion_datasets/imagenet/0_real/lcaexbqxar.JPEG,imagenet,0,0.0024461161509152624
diffusion_datasets/imagenet/0_real/rxrwofckks.JPEG,imagenet,0,0.0006773062207577245
diffusion_datasets/imagenet/0_real/gkbjdvwiuz.JPEG,imagenet,0,0.00015841267819592704
diffusion_datasets/imagenet/0_real/fksurkvzeg.JPEG,imagenet,0,0.018022030026194548
diffusion_datasets/imagenet/0_real/rlarzjlvnd.JPEG,imagenet,0,0.004134083608245816
diffusion_datasets/imagenet/0_real/sjigynomsm.JPEG,imagenet,0,0.055283723569924684
diffusion_datasets/imagenet/0_real/xdudczawtx.JPEG,imagenet,0,0.00021231229261690118
diffusion_datasets/imagenet/0_real/xbgkvftfss.JPEG,imagenet,0,2.396811509446967e-05
diffusion_datasets/imagenet/0_real/whqsatsqum.JPEG,imagenet,0,0.0009038614273990559
diffusion_datasets/imagenet/0_real/qlqolbjcgb.JPEG,imagenet,0,0.00016492817205890733
diffusion_datasets/imagenet/0_real/llmwutwhbl.JPEG,imagenet,0,2.371790672830007e-05
diffusion_datasets/imagenet/0_real/sqtxlhaqbh.JPEG,imagenet,0,5.049747453557922e-07
diffusion_datasets/imagenet/0_real/dexhjtncni.JPEG,imagenet,0,0.00043295883318324527
diffusion_datasets/imagenet/0_real/pcvfvfsxek.JPEG,imagenet,0,0.16699853760851038
diffusion_datasets/imagenet/0_real/mykongsfgc.JPEG,imagenet,0,0.07979662104676946
diffusion_datasets/imagenet/0_real/qngsmynlht.JPEG,imagenet,0,1.4041371919013216e-05
diffusion_datasets/imagenet/0_real/qjrpujocxn.JPEG,imagenet,0,0.1853978280703386
diffusion_datasets/imagenet/0_real/pepkgtkonx.JPEG,imagenet,0,0.6468198189481514
diffusion_datasets/imagenet/0_real/rdtvftkyww.JPEG,imagenet,0,0.0019858585443835327
diffusion_datasets/imagenet/0_real/hcnhiyscgm.JPEG,imagenet,0,0.12428805903191141
diffusion_datasets/imagenet/0_real/vrffpjmuir.JPEG,imagenet,0,0.036097159106849123
diffusion_datasets/imagenet/0_real/qhnjseyjbw.JPEG,imagenet,0,7.601479654457983e-05
diffusion_datasets/imagenet/0_real/ondtlaugas.JPEG,imagenet,0,0.0028116413900843747
diffusion_datasets/imagenet/0_real/ugrxyyeknx.JPEG,imagenet,0,0.009669986851599982
diffusion_datasets/imagenet/0_real/zzrnxnjzyx.JPEG,imagenet,0,1.1903218300392234e-06
diffusion_datasets/imagenet/0_real/leadpebgwn.JPEG,imagenet,0,0.003960969445602314
diffusion_datasets/imagenet/0_real/mltvjsqnjm.JPEG,imagenet,0,6.778275351220633e-05
diffusion_datasets/imagenet/0_real/wdxoxbbogy.JPEG,imagenet,0,0.0008407590723041963
diffusion_datasets/imagenet/0_real/ixykpgtooh.JPEG,imagenet,0,0.05406062898631865
diffusion_datasets/imagenet/0_real/sltdkynkrd.JPEG,imagenet,0,0.003800413780445745
diffusion_datasets/imagenet/0_real/pirwlvliku.JPEG,imagenet,0,0.0162007665473985
diffusion_datasets/imagenet/0_real/xnesojheqr.JPEG,imagenet,0,7.325134618370365e-05
diffusion_datasets/imagenet/0_real/onojezltok.JPEG,imagenet,0,0.03965844965492009
diffusion_datasets/imagenet/0_real/cubsnkbrrm.JPEG,imagenet,0,0.00015294100130911866
diffusion_datasets/imagenet/0_real/gudshwhvvv.JPEG,imagenet,0,3.1254589586572105e-05
diffusion_datasets/imagenet/0_real/touiowfclv.JPEG,imagenet,0,1.0638326258856606e-06
diffusion_datasets/imagenet/0_real/fjjzjquuqt.JPEG,imagenet,0,0.017318335678548208
diffusion_datasets/imagenet/0_real/jnifdomopt.JPEG,imagenet,0,0.007936630698202038
diffusion_datasets/imagenet/0_real/hnfbzeaoqb.JPEG,imagenet,0,0.00013335716124087722
diffusion_datasets/imagenet/0_real/snkshpixle.JPEG,imagenet,0,6.068798243803562e-06
diffusion_datasets/imagenet/0_real/cvohxivzjd.JPEG,imagenet,0,0.0011264582448532667
diffusion_datasets/imagenet/0_real/cpyrataump.JPEG,imagenet,0,0.11317318186743634
diffusion_datasets/imagenet/0_real/uzslfnchhd.JPEG,imagenet,0,1.1246250579264854e-05
diffusion_datasets/imagenet/0_real/aynkpajrmy.JPEG,imagenet,0,0.03362433037385237
diffusion_datasets/imagenet/0_real/cubclpdlyb.JPEG,imagenet,0,0.001956732031120023
diffusion_datasets/imagenet/0_real/uvweqxeurs.JPEG,imagenet,0,0.1132670346664284
diffusion_datasets/imagenet/0_real/wpptcqobpu.JPEG,imagenet,0,0.7271140955513481
diffusion_datasets/imagenet/0_real/qgxnqynxwh.JPEG,imagenet,0,2.856697275644939e-05
diffusion_datasets/imagenet/0_real/arnnhazyia.JPEG,imagenet,0,0.00019649275487029771
diffusion_datasets/imagenet/0_real/sxbfuikltb.JPEG,imagenet,0,0.10821877906988321
diffusion_datasets/imagenet/0_real/nypkpjmzri.JPEG,imagenet,0,0.04528470304220952
diffusion_datasets/imagenet/0_real/vwsjebonhl.JPEG,imagenet,0,0.006657500267427438
diffusion_datasets/imagenet/0_real/mfmhhrlxuy.JPEG,imagenet,0,4.471914294242435e-05
diffusion_datasets/imagenet/0_real/yhxjifarjw.JPEG,imagenet,0,4.2199987417733495e-05
diffusion_datasets/imagenet/0_real/afwwethmvf.JPEG,imagenet,0,0.0009368948946713401
diffusion_datasets/imagenet/0_real/bkyusgjzud.JPEG,imagenet,0,0.0014532693922896247
diffusion_datasets/imagenet/0_real/hnzpgeledt.JPEG,imagenet,0,0.11782956326512944
diffusion_datasets/imagenet/0_real/uxbgzfafqm.JPEG,imagenet,0,0.0012904566184164356
diffusion_datasets/imagenet/0_real/bfczagsxfw.JPEG,imagenet,0,2.2714068831717537e-05
diffusion_datasets/imagenet/0_real/slrtleyncm.JPEG,imagenet,0,5.579084295568877e-06
diffusion_datasets/imagenet/0_real/llaiteusmv.JPEG,imagenet,0,0.5404805108123302
diffusion_datasets/imagenet/0_real/rzrzcujvqg.JPEG,imagenet,0,0.0030145471639248926
diffusion_datasets/imagenet/0_real/devyzpyxmr.JPEG,imagenet,0,0.0022876007847945183
diffusion_datasets/imagenet/0_real/bxfbgvlfqu.JPEG,imagenet,0,0.0008441242851182936
diffusion_datasets/imagenet/0_real/pyydtwntke.JPEG,imagenet,0,1.2877736193704489e-05
diffusion_datasets/imagenet/0_real/wdjkwiwroa.JPEG,imagenet,0,0.019242050915976742
diffusion_datasets/imagenet/0_real/gwfboomsuw.JPEG,imagenet,0,6.752233755673716e-05
diffusion_datasets/imagenet/0_real/jhnbcswvmq.JPEG,imagenet,0,2.192896295437028e-05
diffusion_datasets/imagenet/0_real/jecdlrpjba.JPEG,imagenet,0,0.000632720083998742
diffusion_datasets/imagenet/0_real/stnicrfcsk.JPEG,imagenet,0,0.12368045341169587
diffusion_datasets/imagenet/0_real/czkhjnfjgr.JPEG,imagenet,0,0.044300071435145076
diffusion_datasets/imagenet/0_real/ilaptngbkl.JPEG,imagenet,0,3.160007975018586e-05
diffusion_datasets/imagenet/0_real/kwqbkshqjn.JPEG,imagenet,0,0.013671554653904813
diffusion_datasets/imagenet/0_real/utfokfmmbf.JPEG,imagenet,0,0.040382137937010926
diffusion_datasets/imagenet/0_real/fvbwueqmmc.JPEG,imagenet,0,0.0030783986846502362
diffusion_datasets/imagenet/0_real/slmgcnpjiz.JPEG,imagenet,0,0.25773076978123166
diffusion_datasets/imagenet/0_real/ygqiosrden.JPEG,imagenet,0,0.018624666794028702
diffusion_datasets/imagenet/0_real/lxdnodpvuz.JPEG,imagenet,0,0.001320830367730846
diffusion_datasets/imagenet/0_real/fuahrcqbgk.JPEG,imagenet,0,0.002972668914259009
diffusion_datasets/imagenet/0_real/wedprdqjkr.JPEG,imagenet,0,8.847551108640002e-08
diffusion_datasets/imagenet/0_real/smlabsrifo.JPEG,imagenet,0,6.0730015148524006e-05
diffusion_datasets/imagenet/0_real/enrmnsxepz.JPEG,imagenet,0,0.0018632660383177484
diffusion_datasets/imagenet/0_real/ybbbdeihcf.JPEG,imagenet,0,0.024460396879281657
diffusion_datasets/imagenet/0_real/asxtxajrfc.JPEG,imagenet,0,0.012109978904389298
diffusion_datasets/imagenet/0_real/eqndltlggi.JPEG,imagenet,0,0.15397995422966979
diffusion_datasets/imagenet/0_real/wotrziuyhj.JPEG,imagenet,0,0.0004100253975703187
diffusion_datasets/imagenet/0_real/xnidvmnavp.JPEG,imagenet,0,0.00797208638081845
diffusion_datasets/imagenet/0_real/qpjsgmteke.JPEG,imagenet,0,0.02779507411442769
diffusion_datasets/imagenet/0_real/mfcceezfwn.JPEG,imagenet,0,0.00029103050152066035
diffusion_datasets/imagenet/0_real/bbdiioaqyn.JPEG,imagenet,0,0.2592907663049951
diffusion_datasets/imagenet/0_real/yvwtaordyd.JPEG,imagenet,0,8.9923047415002e-06
diffusion_datasets/imagenet/0_real/dbmufhmuzs.JPEG,imagenet,0,0.002161961741276688
diffusion_datasets/imagenet/0_real/odyhbcgchi.JPEG,imagenet,0,0.015961741705539313
diffusion_datasets/imagenet/0_real/shkxdbeqpn.JPEG,imagenet,0,0.002957845816974495
diffusion_datasets/imagenet/0_real/xdpqtpwyiz.JPEG,imagenet,0,0.0009433932857493252
diffusion_datasets/imagenet/0_real/vmlzuywhlr.JPEG,imagenet,0,0.032289143159399
diffusion_datasets/imagenet/0_real/ivvevnakub.JPEG,imagenet,0,1.1677005993549505e-07
diffusion_datasets/imagenet/0_real/hzsujxzlcn.JPEG,imagenet,0,5.073619520430073e-06
diffusion_datasets/imagenet/0_real/ybpiflwjwj.JPEG,imagenet,0,0.0013240229007107016
diffusion_datasets/imagenet/0_real/sgnnltafbd.JPEG,imagenet,0,0.07296987264524962
diffusion_datasets/imagenet/0_real/fuqmkbouip.JPEG,imagenet,0,0.0018154223799025006
diffusion_datasets/imagenet/0_real/owavsapwhv.JPEG,imagenet,0,0.2854217741019417
diffusion_datasets/imagenet/0_real/gliascthpi.JPEG,imagenet,0,0.052635437025120656
diffusion_datasets/imagenet/0_real/phqxvaxgfc.JPEG,imagenet,0,0.0023283535447010065
diffusion_datasets/imagenet/0_real/owymrcrmoo.JPEG,imagenet,0,0.08293236688696332
diffusion_datasets/imagenet/0_real/qvizqxsbvw.JPEG,imagenet,0,1.3920457310960744e-06
diffusion_datasets/imagenet/0_real/vthfgmonzr.JPEG,imagenet,0,0.00012330983618944534
diffusion_datasets/imagenet/0_real/lmrswyanpv.JPEG,imagenet,0,3.833906265801321e-05
diffusion_datasets/imagenet/0_real/fiejjmdcwg.JPEG,imagenet,0,0.23884901342536188
diffusion_datasets/imagenet/0_real/oqgbxaotgn.JPEG,imagenet,0,9.474035514617003e-05
diffusion_datasets/imagenet/0_real/imcwvnqwdv.JPEG,imagenet,0,0.43859100627541414
diffusion_datasets/imagenet/0_real/psvmrypqai.JPEG,imagenet,0,0.0006856069751319473
diffusion_datasets/imagenet/0_real/okuolqaypa.JPEG,imagenet,0,0.021470428473798472
diffusion_datasets/imagenet/0_real/cbmykoukdb.JPEG,imagenet,0,0.028619038388711108
diffusion_datasets/imagenet/0_real/mzuykzukvb.JPEG,imagenet,0,0.002176974294918131
diffusion_datasets/imagenet/0_real/edqamoutbf.JPEG,imagenet,0,0.0008483968316557634
diffusion_datasets/imagenet/0_real/temvvnfwvq.JPEG,imagenet,0,0.00014905535285307563
diffusion_datasets/imagenet/0_real/vapzubzcvf.JPEG,imagenet,0,0.000756726086332772
diffusion_datasets/imagenet/0_real/dhepjncjkt.JPEG,imagenet,0,0.004883342285621955
diffusion_datasets/imagenet/0_real/lpvhehbmzv.JPEG,imagenet,0,0.8010872375786648
diffusion_datasets/imagenet/0_real/sbuowwvzjw.JPEG,imagenet,0,0.06117402555640045
diffusion_datasets/imagenet/0_real/eaesoxacae.JPEG,imagenet,0,5.966157492797109e-05
diffusion_datasets/imagenet/0_real/wsbyyiugsn.JPEG,imagenet,0,4.72376591152864e-05
diffusion_datasets/imagenet/0_real/vqrdytkinp.JPEG,imagenet,0,0.20437292557562378
diffusion_datasets/imagenet/0_real/lqrkxsvuvt.JPEG,imagenet,0,0.0006864275101112801
diffusion_datasets/imagenet/0_real/bwvinmojcw.JPEG,imagenet,0,0.0019466385480755653
diffusion_datasets/imagenet/0_real/zhkktdnkhl.JPEG,imagenet,0,0.0046229596802758064
diffusion_datasets/imagenet/0_real/fegqolkrls.JPEG,imagenet,0,0.8568664988916991
diffusion_datasets/imagenet/0_real/jykjuscrhb.JPEG,imagenet,0,0.0306168730621666
diffusion_datasets/imagenet/0_real/iwbpqeobxw.JPEG,imagenet,0,0.048555294636134144
diffusion_datasets/imagenet/0_real/ijeyjgrtgr.JPEG,imagenet,0,0.07326372111675561
diffusion_datasets/imagenet/0_real/hsvrfsodig.JPEG,imagenet,0,0.012697067880115579
diffusion_datasets/imagenet/0_real/mgeezotzdw.JPEG,imagenet,0,0.0019148439509099053
diffusion_datasets/imagenet/0_real/dhjedfczru.JPEG,imagenet,0,0.0011237129350386618
diffusion_datasets/imagenet/0_real/kgmqyotoqo.JPEG,imagenet,0,0.24604493068444505
diffusion_datasets/imagenet/0_real/zwkapmobkx.JPEG,imagenet,0,1.3567005310410809e-06
diffusion_datasets/imagenet/0_real/jhnzthaool.JPEG,imagenet,0,0.002162888439008099
diffusion_datasets/imagenet/0_real/pwhjtzqmis.JPEG,imagenet,0,0.006750526037146554
diffusion_datasets/imagenet/0_real/jcbooxfwcy.JPEG,imagenet,0,7.290632282939025e-05
diffusion_datasets/imagenet/0_real/zzrybysskm.JPEG,imagenet,0,4.25982934252278e-08
diffusion_datasets/imagenet/0_real/hpmppyffov.JPEG,imagenet,0,0.002641238207000853
diffusion_datasets/imagenet/0_real/fneghrqtsf.JPEG,imagenet,0,0.004383409289747477
diffusion_datasets/imagenet/0_real/iqijagswok.JPEG,imagenet,0,0.0013101231235922357
diffusion_datasets/imagenet/0_real/aieykhstre.JPEG,imagenet,0,5.548629404461162e-05
diffusion_datasets/imagenet/0_real/fihznganle.JPEG,imagenet,0,1.8127312132407006e-06
diffusion_datasets/imagenet/0_real/jxacexpmcn.JPEG,imagenet,0,0.0015900577310026002
diffusion_datasets/imagenet/0_real/gtjyzhcqoi.JPEG,imagenet,0,0.0009796463874735502
diffusion_datasets/imagenet/0_real/pfvgbusewt.JPEG,imagenet,0,0.0025349581883564536
diffusion_datasets/imagenet/0_real/onkjvikzsj.JPEG,imagenet,0,0.0016384688159418927
diffusion_datasets/imagenet/0_real/kkqnltzvmr.JPEG,imagenet,0,0.001456097087410511
diffusion_datasets/imagenet/0_real/cyencgbdne.JPEG,imagenet,0,0.008794729564763312
diffusion_datasets/imagenet/0_real/qdnqcoyzar.JPEG,imagenet,0,0.004828172204886665
diffusion_datasets/imagenet/0_real/ppufoaihkk.JPEG,imagenet,0,0.9850813206479297
diffusion_datasets/imagenet/0_real/jirfxpsjiz.JPEG,imagenet,0,0.4765957314891946
diffusion_datasets/imagenet/0_real/utlevcsfzc.JPEG,imagenet,0,2.15420341623033e-07
diffusion_datasets/imagenet/0_real/fmlqvsmgwg.JPEG,imagenet,0,0.10923802288423197
diffusion_datasets/imagenet/0_real/guljtnkdnj.JPEG,imagenet,0,0.3165153720143085
diffusion_datasets/imagenet/0_real/ouirlfwsyx.JPEG,imagenet,0,0.0006635664668298524
diffusion_datasets/imagenet/0_real/ybihqfczqf.JPEG,imagenet,0,3.038264360745822e-06
diffusion_datasets/imagenet/0_real/surgjkswmj.JPEG,imagenet,0,0.1870763373890203
diffusion_datasets/imagenet/0_real/jqcakwrejy.JPEG,imagenet,0,1.0525033690612568e-05
diffusion_datasets/imagenet/0_real/vispixnoqk.JPEG,imagenet,0,0.3997562692284137
diffusion_datasets/imagenet/0_real/yfnrrhachx.JPEG,imagenet,0,0.000206289602106001
diffusion_datasets/imagenet/0_real/vftoepxxkj.JPEG,imagenet,0,0.00022442813409675102
diffusion_datasets/imagenet/0_real/wgmfkffpbs.JPEG,imagenet,0,0.9881825278904828
diffusion_datasets/imagenet/0_real/jhcimomcij.JPEG,imagenet,0,5.826941085909104e-06
diffusion_datasets/imagenet/0_real/vvdfxbwxxd.JPEG,imagenet,0,2.0028762578640356e-07
diffusion_datasets/imagenet/0_real/aesvfgnjye.JPEG,imagenet,0,1.708517985100208e-05
diffusion_datasets/imagenet/0_real/vmouwpueqp.JPEG,imagenet,0,0.04556143765378167
diffusion_datasets/imagenet/0_real/imkvcjrnck.JPEG,imagenet,0,0.7668771351594076
diffusion_datasets/imagenet/0_real/ynescstwdk.JPEG,imagenet,0,9.706147275421373e-05
diffusion_datasets/imagenet/0_real/lzletadhdl.JPEG,imagenet,0,0.006422278507734619
diffusion_datasets/imagenet/0_real/rpeighzltg.JPEG,imagenet,0,0.0005664385002152281
diffusion_datasets/imagenet/0_real/nwpodhovep.JPEG,imagenet,0,0.0014136739002757416
diffusion_datasets/imagenet/0_real/djtbqkzsak.JPEG,imagenet,0,0.00014398756101093206
diffusion_datasets/imagenet/0_real/olxhrrlaut.JPEG,imagenet,0,0.2316775795648236
diffusion_datasets/imagenet/0_real/vrwfguctin.JPEG,imagenet,0,0.0016827107608222696
diffusion_datasets/imagenet/0_real/tbxpyvxjym.JPEG,imagenet,0,0.0014883970884023235
diffusion_datasets/imagenet/0_real/szkmirkryb.JPEG,imagenet,0,3.387750282160505e-05
diffusion_datasets/imagenet/0_real/lvndezxcir.JPEG,imagenet,0,0.00485631579192211
diffusion_datasets/imagenet/0_real/ltwpiurdob.JPEG,imagenet,0,4.87482045119656e-05
diffusion_datasets/imagenet/0_real/ypvdkreobg.JPEG,imagenet,0,0.00039495862396002183
diffusion_datasets/imagenet/0_real/ueoeojrsyj.JPEG,imagenet,0,0.11116937838352264
diffusion_datasets/imagenet/0_real/txviitvyvk.JPEG,imagenet,0,0.010087011188324741
diffusion_datasets/imagenet/0_real/ykhbfkbqqc.JPEG,imagenet,0,0.0004836282710750462
diffusion_datasets/imagenet/0_real/mfoxhwrofa.JPEG,imagenet,0,0.0005049376072633067
diffusion_datasets/imagenet/0_real/wsbgevekgf.JPEG,imagenet,0,1.1524388414537138e-05
diffusion_datasets/imagenet/0_real/ewspkgvjkv.JPEG,imagenet,0,0.020377659356204492
diffusion_datasets/imagenet/0_real/dpsfehmqme.JPEG,imagenet,0,0.0003653238651285646
diffusion_datasets/imagenet/0_real/nyrfgpglht.JPEG,imagenet,0,0.005799864734613768
diffusion_datasets/imagenet/0_real/ywjlbpxbjz.JPEG,imagenet,0,5.494535094212866e-05
diffusion_datasets/imagenet/0_real/wtzwjbopzy.JPEG,imagenet,0,0.3281463553735832
diffusion_datasets/imagenet/0_real/cxjsjqusph.JPEG,imagenet,0,0.04599075227744891
diffusion_datasets/imagenet/0_real/sevosnzutr.JPEG,imagenet,0,0.02392257267906508
diffusion_datasets/imagenet/0_real/gaezkwugoh.JPEG,imagenet,0,0.00013293622134725363
diffusion_datasets/imagenet/0_real/tigzfxjaeg.JPEG,imagenet,0,0.003358914968179303
diffusion_datasets/imagenet/0_real/tqgzodmdpm.JPEG,imagenet,0,0.0003020651497754889
diffusion_datasets/imagenet/0_real/nejpnuzhor.JPEG,imagenet,0,0.4960952624377492
diffusion_datasets/imagenet/0_real/vsoitgrurd.JPEG,imagenet,0,0.0067466613632348234
diffusion_datasets/imagenet/0_real/jroisduzzw.JPEG,imagenet,0,2.819785202155089e-05
diffusion_datasets/imagenet/0_real/jvfamsvrme.JPEG,imagenet,0,0.06816308562431428
diffusion_datasets/imagenet/0_real/wcuupgwotu.JPEG,imagenet,0,0.3018804409028133
diffusion_datasets/imagenet/0_real/auannvrmrm.JPEG,imagenet,0,0.15071158678323626
diffusion_datasets/imagenet/0_real/qwawgjhkcz.JPEG,imagenet,0,0.33602287706882433
diffusion_datasets/imagenet/0_real/jrkctxyekx.JPEG,imagenet,0,0.03217817202241966
diffusion_datasets/imagenet/0_real/fpjptmloys.JPEG,imagenet,0,0.015079259846736852
diffusion_datasets/imagenet/0_real/tibxcunvom.JPEG,imagenet,0,4.854752267283103e-06
diffusion_datasets/imagenet/0_real/clutkoqhvu.JPEG,imagenet,0,0.001369743456356971
diffusion_datasets/imagenet/0_real/hhhwzgcieg.JPEG,imagenet,0,0.19811472511699715
diffusion_datasets/imagenet/0_real/wrxxltdsxi.JPEG,imagenet,0,0.9507409877756194
diffusion_datasets/imagenet/0_real/aaksjqrtil.JPEG,imagenet,0,0.0006126724268337687
diffusion_datasets/imagenet/0_real/hypftiguck.JPEG,imagenet,0,4.156251735959045e-05
diffusion_datasets/imagenet/0_real/ywhajfzors.JPEG,imagenet,0,5.085746056434358e-06
diffusion_datasets/imagenet/0_real/fjxuybiebs.JPEG,imagenet,0,0.007016807240601205
diffusion_datasets/imagenet/0_real/yrantjwhqk.JPEG,imagenet,0,0.0005959667839718647
diffusion_datasets/imagenet/0_real/hzfxwrmqch.JPEG,imagenet,0,0.0034481645560728133
diffusion_datasets/imagenet/0_real/znxaufdjpv.JPEG,imagenet,0,0.056501709197096815
diffusion_datasets/imagenet/0_real/aahxgrlfqt.JPEG,imagenet,0,0.01517044081214485
diffusion_datasets/imagenet/0_real/uydofqnwdz.JPEG,imagenet,0,1.0910648208176998e-05
diffusion_datasets/imagenet/0_real/eoacigirrk.JPEG,imagenet,0,0.0004928963745248002
diffusion_datasets/imagenet/0_real/ohycivlfdy.JPEG,imagenet,0,1.6965076550052648e-05
diffusion_datasets/imagenet/0_real/bolqiuvdbo.JPEG,imagenet,0,0.00023503105902323353
diffusion_datasets/imagenet/0_real/bulfplvjow.JPEG,imagenet,0,0.008681295008344131
diffusion_datasets/imagenet/0_real/osigoexsbv.JPEG,imagenet,0,4.617383829807948e-05
diffusion_datasets/imagenet/0_real/sjezxhpiwr.JPEG,imagenet,0,0.016944706123887356
diffusion_datasets/imagenet/0_real/xfhgbduucl.JPEG,imagenet,0,0.0011647202449372833
diffusion_datasets/imagenet/0_real/ndjgpgfppo.JPEG,imagenet,0,0.5096208016947127
diffusion_datasets/imagenet/0_real/tknxjephgy.JPEG,imagenet,0,0.00027173471451942137
diffusion_datasets/imagenet/0_real/irwxnqcndk.JPEG,imagenet,0,0.0014575891063540148
diffusion_datasets/imagenet/0_real/wzdhwjmvgy.JPEG,imagenet,0,5.476279649875282e-06
diffusion_datasets/imagenet/0_real/olxtdigiux.JPEG,imagenet,0,0.00020979076673062946
diffusion_datasets/imagenet/0_real/lxjrxqzveb.JPEG,imagenet,0,0.001772511601507569
diffusion_datasets/imagenet/0_real/mubozyqcgp.JPEG,imagenet,0,4.208132035648944e-05
diffusion_datasets/imagenet/0_real/sxwaupvkta.JPEG,imagenet,0,0.0004529134944600134
diffusion_datasets/imagenet/0_real/zcaqqmomfv.JPEG,imagenet,0,0.00018611011145922227
diffusion_datasets/imagenet/0_real/hsweljupee.JPEG,imagenet,0,0.24753854690682414
diffusion_datasets/imagenet/0_real/bnhkqppcfl.JPEG,imagenet,0,0.35721844919512935
diffusion_datasets/imagenet/0_real/bljmtryslc.JPEG,imagenet,0,0.0009216055781320181
diffusion_datasets/imagenet/0_real/dojapmtjlo.JPEG,imagenet,0,0.011516109764784099
diffusion_datasets/imagenet/0_real/qvldneoiwj.JPEG,imagenet,0,0.018310988065050573
diffusion_datasets/imagenet/0_real/pcwvbmjrea.JPEG,imagenet,0,7.909428842453542e-07
diffusion_datasets/imagenet/0_real/aakydlwfer.JPEG,imagenet,0,0.015302172187258597
diffusion_datasets/imagenet/0_real/zhkybzbekn.JPEG,imagenet,0,7.341791883700176e-05
diffusion_datasets/imagenet/0_real/jgyprvacek.JPEG,imagenet,0,0.04379956202210656
diffusion_datasets/imagenet/0_real/frrzmsczog.JPEG,imagenet,0,0.00039180772837192894
diffusion_datasets/imagenet/0_real/ahwxcijnxm.JPEG,imagenet,0,5.4326344937427384e-05
diffusion_datasets/imagenet/0_real/xuzzmcdpux.JPEG,imagenet,0,0.3128676674182406
diffusion_datasets/imagenet/0_real/ucxiudybpx.JPEG,imagenet,0,0.0011879740943607439
diffusion_datasets/imagenet/0_real/dncoarxujc.JPEG,imagenet,0,0.00029907799525219654
diffusion_datasets/imagenet/0_real/mqzlaxdcyf.JPEG,imagenet,0,5.413699274804783e-07
diffusion_datasets/imagenet/0_real/drpsdefmzh.JPEG,imagenet,0,0.015363573735497736
diffusion_datasets/imagenet/0_real/tfdqevjhtk.JPEG,imagenet,0,0.0004022923116172294
diffusion_datasets/imagenet/0_real/mtclcgxdyh.JPEG,imagenet,0,0.17325336270379804
diffusion_datasets/imagenet/0_real/xvwgzjvahe.JPEG,imagenet,0,0.00018188821911186486
diffusion_datasets/imagenet/0_real/ffubnjdhop.JPEG,imagenet,0,3.415582420952007e-05
diffusion_datasets/imagenet/0_real/bicflvshvw.JPEG,imagenet,0,0.00013792062611133095
diffusion_datasets/imagenet/0_real/flcafzqbyt.JPEG,imagenet,0,0.0030886005894294696
diffusion_datasets/imagenet/0_real/zatnelrcct.JPEG,imagenet,0,0.04282036622992578
diffusion_datasets/imagenet/0_real/qsndeimedb.JPEG,imagenet,0,2.0268018815728086e-05
diffusion_datasets/imagenet/0_real/kbpanibqgu.JPEG,imagenet,0,3.409954439645476e-06
diffusion_datasets/imagenet/0_real/wjvuvyodzv.JPEG,imagenet,0,0.00023619716451925036
diffusion_datasets/imagenet/0_real/agjsmczzat.JPEG,imagenet,0,1.6305536901572345e-05
diffusion_datasets/imagenet/0_real/jckrxjozhx.JPEG,imagenet,0,0.00923390746104757
diffusion_datasets/imagenet/0_real/mbtqfbwlry.JPEG,imagenet,0,0.11507122662091565
diffusion_datasets/imagenet/0_real/dsxuevcdxk.JPEG,imagenet,0,0.055334785878073195
diffusion_datasets/imagenet/0_real/jnrpfsvjdm.JPEG,imagenet,0,0.04446650575381415
diffusion_datasets/imagenet/0_real/gsjragxgrg.JPEG,imagenet,0,0.00022979845281654343
diffusion_datasets/imagenet/0_real/kyrjicorfj.JPEG,imagenet,0,0.0010537933201664013
diffusion_datasets/imagenet/0_real/newahshtuc.JPEG,imagenet,0,0.0002125547004964112
diffusion_datasets/imagenet/0_real/hxayxhqfnz.JPEG,imagenet,0,4.25534048430443e-06
diffusion_datasets/imagenet/0_real/tbganwxklb.JPEG,imagenet,0,1.1542180699541483e-05
diffusion_datasets/imagenet/0_real/rtiaijvnif.JPEG,imagenet,0,0.00927503827152163
diffusion_datasets/imagenet/0_real/dsxzmqgrfv.JPEG,imagenet,0,0.020212294627587713
diffusion_datasets/imagenet/0_real/owwrkfwvmg.JPEG,imagenet,0,0.0036568448614341573
diffusion_datasets/imagenet/0_real/pukjffussu.JPEG,imagenet,0,0.11322187184167302
diffusion_datasets/imagenet/0_real/lvtmqaadzz.JPEG,imagenet,0,0.3337077506411075
diffusion_datasets/imagenet/0_real/qgdbbafuhn.JPEG,imagenet,0,0.5714794015792439
diffusion_datasets/imagenet/0_real/mqbzprykrc.JPEG,imagenet,0,0.035308557721826006
diffusion_datasets/imagenet/0_real/ceyagwkqcf.JPEG,imagenet,0,0.07361957868757403
diffusion_datasets/imagenet/0_real/wekyyrslyw.JPEG,imagenet,0,0.00015676667326731098
diffusion_datasets/imagenet/0_real/vpokhpnoyy.JPEG,imagenet,0,6.960483359668711e-05
diffusion_datasets/imagenet/0_real/yxdmgabgrh.JPEG,imagenet,0,0.9996698443612978
diffusion_datasets/imagenet/0_real/zoxknkpgoh.JPEG,imagenet,0,0.014378656416240043
diffusion_datasets/imagenet/0_real/ydufoinjbm.JPEG,imagenet,0,0.006269447749871238
diffusion_datasets/imagenet/0_real/kzaxlmhpyk.JPEG,imagenet,0,0.006078025775711009
diffusion_datasets/imagenet/0_real/ewldxwaqfh.JPEG,imagenet,0,0.022305288508328445
diffusion_datasets/imagenet/0_real/ybpkzmxsoj.JPEG,imagenet,0,0.0050969718488915175
diffusion_datasets/imagenet/0_real/uzjbonpwla.JPEG,imagenet,0,0.9170278515404319
diffusion_datasets/imagenet/0_real/hjshyxnjca.JPEG,imagenet,0,0.04342306196726123
diffusion_datasets/imagenet/0_real/ttfwqkviia.JPEG,imagenet,0,2.120406675588511e-05
diffusion_datasets/imagenet/0_real/shyyqqechu.JPEG,imagenet,0,0.0003229050736119995
diffusion_datasets/imagenet/0_real/jabklaioxf.JPEG,imagenet,0,1.0987889996711738e-05
diffusion_datasets/imagenet/0_real/xnyhohvpna.JPEG,imagenet,0,0.11257399862284434
diffusion_datasets/imagenet/0_real/ikesdclcne.JPEG,imagenet,0,0.012671346323158614
diffusion_datasets/imagenet/0_real/njrelhtzux.JPEG,imagenet,0,0.000499912891762667
diffusion_datasets/imagenet/0_real/lizvdcrrbp.JPEG,imagenet,0,3.560614077004721e-05
diffusion_datasets/imagenet/0_real/albdpubxka.JPEG,imagenet,0,9.62783492446742e-05
diffusion_datasets/imagenet/0_real/gfdekurnbz.JPEG,imagenet,0,0.8897981154836606
diffusion_datasets/imagenet/0_real/pzvgfnoiln.JPEG,imagenet,0,0.31967519454325655
diffusion_datasets/imagenet/0_real/zchftlmgnh.JPEG,imagenet,0,0.42050206430317266
diffusion_datasets/imagenet/0_real/fwhacyybom.JPEG,imagenet,0,0.0016484972461972352
diffusion_datasets/imagenet/0_real/dbcoycuiyt.JPEG,imagenet,0,3.7924493142233137e-06
diffusion_datasets/imagenet/0_real/qsuodtmksx.JPEG,imagenet,0,0.0004495550534381493
diffusion_datasets/imagenet/0_real/zbnbosutcn.JPEG,imagenet,0,0.029345062834396092
diffusion_datasets/imagenet/0_real/muszivpifs.JPEG,imagenet,0,4.8553963177389e-05
diffusion_datasets/imagenet/0_real/hlwefvuprq.JPEG,imagenet,0,0.004202607479125908
diffusion_datasets/imagenet/0_real/nnylgyqsxs.JPEG,imagenet,0,0.0028188956620133526
diffusion_datasets/imagenet/0_real/qitcgxcdmj.JPEG,imagenet,0,0.8086092601430585
diffusion_datasets/imagenet/0_real/jgvhyrcgyx.JPEG,imagenet,0,0.0035233707336055917
diffusion_datasets/imagenet/0_real/ulpnibnvvc.JPEG,imagenet,0,0.027820592796785483
diffusion_datasets/imagenet/0_real/figfzyfhkt.JPEG,imagenet,0,0.015619271193662878
diffusion_datasets/imagenet/0_real/oyxvwvxuzr.JPEG,imagenet,0,0.000298915623862925
diffusion_datasets/imagenet/0_real/effiwpkvcy.JPEG,imagenet,0,0.014452389251335683
diffusion_datasets/imagenet/0_real/wipphellrw.JPEG,imagenet,0,0.0010847702850877567
diffusion_datasets/imagenet/0_real/vipmyyceny.JPEG,imagenet,0,0.7462828362125634
diffusion_datasets/imagenet/0_real/ftobdflmuz.JPEG,imagenet,0,0.0017344018455714343
diffusion_datasets/imagenet/0_real/dldztvvwrt.JPEG,imagenet,0,0.006400566328903665
diffusion_datasets/imagenet/0_real/nmdxktenko.JPEG,imagenet,0,1.3345752445671553e-08
diffusion_datasets/imagenet/0_real/yldbjbxfzj.JPEG,imagenet,0,0.02433019287774298
diffusion_datasets/imagenet/0_real/oaepibbwpe.JPEG,imagenet,0,0.015580959070430913
diffusion_datasets/imagenet/0_real/jdoqiuxxvj.JPEG,imagenet,0,0.00021263097869819475
diffusion_datasets/imagenet/0_real/vlwnndwtuh.JPEG,imagenet,0,0.003866136281682315
diffusion_datasets/imagenet/0_real/gufjiiwgrf.JPEG,imagenet,0,0.0005918903192265516
diffusion_datasets/imagenet/0_real/werhusireg.JPEG,imagenet,0,9.246691399473409e-06
diffusion_datasets/imagenet/0_real/nytqcbcfth.JPEG,imagenet,0,0.0017441785292111234
diffusion_datasets/imagenet/0_real/tvdnjojlmh.JPEG,imagenet,0,7.543183761492336e-05
diffusion_datasets/imagenet/0_real/mfzrfiyjrf.JPEG,imagenet,0,0.002666170444467055
diffusion_datasets/imagenet/0_real/znwafizosm.JPEG,imagenet,0,0.040377515207330614
diffusion_datasets/imagenet/0_real/ughldndbio.JPEG,imagenet,0,5.962073102227187e-06
diffusion_datasets/imagenet/0_real/zkioiunenq.JPEG,imagenet,0,0.24411649906454091
diffusion_datasets/imagenet/0_real/echehlitmr.JPEG,imagenet,0,0.00019222938535074215
diffusion_datasets/imagenet/0_real/hvuyhhryut.JPEG,imagenet,0,0.0006041511913883293
diffusion_datasets/imagenet/0_real/qhuylytsyy.JPEG,imagenet,0,0.0017935340239404968
diffusion_datasets/imagenet/0_real/dbifuulczh.JPEG,imagenet,0,0.0003740054993311148
diffusion_datasets/imagenet/0_real/vsivgpmche.JPEG,imagenet,0,0.05743732532246673
diffusion_datasets/imagenet/0_real/jhuyduptth.JPEG,imagenet,0,0.04777585123802283
diffusion_datasets/imagenet/0_real/likeehktbp.JPEG,imagenet,0,3.6818128479555215e-06
diffusion_datasets/imagenet/0_real/ddeuvxknie.JPEG,imagenet,0,0.00021179715885999095
diffusion_datasets/imagenet/0_real/vwkbynfcdl.JPEG,imagenet,0,0.0004170292626812536
diffusion_datasets/imagenet/0_real/gropzgdcno.JPEG,imagenet,0,0.001868693632575835
diffusion_datasets/imagenet/0_real/myjibkfcjw.JPEG,imagenet,0,0.002079223590555288
diffusion_datasets/imagenet/0_real/ixyzaufrnr.JPEG,imagenet,0,0.018600588920009514
diffusion_datasets/imagenet/0_real/rakzbwxeme.JPEG,imagenet,0,0.0010917349071178303
diffusion_datasets/imagenet/0_real/xoxubdjnhe.JPEG,imagenet,0,0.00018373428943647323
diffusion_datasets/imagenet/0_real/htqmkwgkwb.JPEG,imagenet,0,3.736075272481935e-07
diffusion_datasets/imagenet/0_real/yfbwcnyvch.JPEG,imagenet,0,5.027455852659963e-07
diffusion_datasets/imagenet/0_real/nvwywbybsj.JPEG,imagenet,0,0.0025323215667722963
diffusion_datasets/imagenet/0_real/heasqjcmsg.JPEG,imagenet,0,0.18981350516236234
diffusion_datasets/imagenet/0_real/pieahxylhf.JPEG,imagenet,0,0.012493254313774724
diffusion_datasets/imagenet/0_real/trssloofom.JPEG,imagenet,0,0.006484975755261281
diffusion_datasets/imagenet/0_real/dawfktkzad.JPEG,imagenet,0,1.9060967627872745e-06
diffusion_datasets/imagenet/0_real/pptvyzosrk.JPEG,imagenet,0,0.14484741121493497
diffusion_datasets/imagenet/0_real/aujwkgbadp.JPEG,imagenet,0,5.7405041188611685e-08
diffusion_datasets/imagenet/0_real/jlmbbubxmr.JPEG,imagenet,0,0.0027176145462050644
diffusion_datasets/imagenet/0_real/aadlygmazf.JPEG,imagenet,0,7.071225276920491e-05
diffusion_datasets/imagenet/0_real/uesrfqrmys.JPEG,imagenet,0,3.977910783653206e-05
diffusion_datasets/imagenet/0_real/hkjmvhgmso.JPEG,imagenet,0,0.001780339454974267
diffusion_datasets/imagenet/0_real/xsmkmdlmux.JPEG,imagenet,0,4.072447600712435e-05
diffusion_datasets/imagenet/0_real/pjvqcnpfqy.JPEG,imagenet,0,0.004475779520677432
diffusion_datasets/imagenet/0_real/nuhcuxjnpx.JPEG,imagenet,0,0.0027471831950701825
diffusion_datasets/imagenet/0_real/oertmmpfuq.JPEG,imagenet,0,0.060723906683989956
diffusion_datasets/imagenet/0_real/xfblvcbesb.JPEG,imagenet,0,0.026605490307366177
diffusion_datasets/imagenet/0_real/nrglavnpuu.JPEG,imagenet,0,0.34133221683751785
diffusion_datasets/imagenet/0_real/rxsgddveyy.JPEG,imagenet,0,0.0005634985806714502
diffusion_datasets/imagenet/0_real/ajldduomvc.JPEG,imagenet,0,0.004824183345610706
diffusion_datasets/imagenet/0_real/umhgkshvea.JPEG,imagenet,0,0.2701662329774229
diffusion_datasets/imagenet/0_real/sepihwqglu.JPEG,imagenet,0,0.009570598277653808
diffusion_datasets/imagenet/0_real/eufbtfldxd.JPEG,imagenet,0,0.2501783832592548
diffusion_datasets/imagenet/0_real/yinujujzud.JPEG,imagenet,0,0.0009088787659898801
diffusion_datasets/imagenet/0_real/cdjghtyvsn.JPEG,imagenet,0,0.13060005594975352
diffusion_datasets/imagenet/0_real/gwwimiekeh.JPEG,imagenet,0,0.004563230463346163
diffusion_datasets/imagenet/0_real/ajaqvfgsih.JPEG,imagenet,0,0.03882319537225506
diffusion_datasets/imagenet/0_real/aoyyeorqer.JPEG,imagenet,0,4.547191328681763e-05
diffusion_datasets/imagenet/0_real/gudkwzmgfo.JPEG,imagenet,0,0.00010841249922905048
diffusion_datasets/imagenet/0_real/smdvfqmevj.JPEG,imagenet,0,0.00012272520943393267
diffusion_datasets/imagenet/0_real/rhwouyajcq.JPEG,imagenet,0,0.011172048130306141
diffusion_datasets/imagenet/0_real/njnnphhwll.JPEG,imagenet,0,0.0004090323519770777
diffusion_datasets/imagenet/0_real/tgkezflbjz.JPEG,imagenet,0,0.021507540706558415
diffusion_datasets/imagenet/0_real/kszghluqlw.JPEG,imagenet,0,0.003086662916076386
diffusion_datasets/imagenet/0_real/orgclftabd.JPEG,imagenet,0,2.3289454091368545e-05
diffusion_datasets/imagenet/0_real/vuvkrfmrfw.JPEG,imagenet,0,0.029150112719765416
diffusion_datasets/imagenet/0_real/cspmbvyjpm.JPEG,imagenet,0,4.0132463549824415e-06
diffusion_datasets/imagenet/0_real/jkdydiqkym.JPEG,imagenet,0,0.025815900522413636
diffusion_datasets/imagenet/0_real/rtbrwgwkho.JPEG,imagenet,0,0.3416754644359549
diffusion_datasets/imagenet/0_real/jgcuwqiqsa.JPEG,imagenet,0,0.06672635121322872
diffusion_datasets/imagenet/0_real/pcaodmknyo.JPEG,imagenet,0,9.879593629341128e-05
diffusion_datasets/imagenet/0_real/rprdsmygod.JPEG,imagenet,0,0.11289982104777628
diffusion_datasets/imagenet/0_real/ztytemyoxv.JPEG,imagenet,0,6.08367716637653e-06
diffusion_datasets/imagenet/0_real/xjsfnrjtst.JPEG,imagenet,0,0.0010122839947312836
diffusion_datasets/imagenet/0_real/xahepmkkki.JPEG,imagenet,0,0.0091738049460634
diffusion_datasets/imagenet/0_real/hptzommwzk.JPEG,imagenet,0,0.013872269162901059
diffusion_datasets/imagenet/0_real/acpwmtyztu.JPEG,imagenet,0,6.912649330026141e-05
diffusion_datasets/imagenet/0_real/kkxuptmzof.JPEG,imagenet,0,0.1328323606375889
diffusion_datasets/imagenet/0_real/csvtttfwut.JPEG,imagenet,0,0.22237470220086747
diffusion_datasets/imagenet/0_real/mocygqjmlh.JPEG,imagenet,0,0.0001785213133776605
diffusion_datasets/imagenet/0_real/nipnhttkcg.JPEG,imagenet,0,0.19834703313687496
diffusion_datasets/imagenet/0_real/ajdylzvnwn.JPEG,imagenet,0,1.5677416133591052e-05
diffusion_datasets/imagenet/0_real/vmrobijbmc.JPEG,imagenet,0,0.03991908400471881
diffusion_datasets/imagenet/0_real/sdbpzpettf.JPEG,imagenet,0,1.5555978585422334e-05
diffusion_datasets/imagenet/0_real/vitzpaholy.JPEG,imagenet,0,0.0027606151442082227
diffusion_datasets/imagenet/0_real/hnsubaglth.JPEG,imagenet,0,0.0285276813009884
diffusion_datasets/imagenet/0_real/lqdjvtnjqn.JPEG,imagenet,0,0.0002252277520302622
diffusion_datasets/imagenet/0_real/szebyvzlqt.JPEG,imagenet,0,0.00030092890127648915
diffusion_datasets/imagenet/0_real/iqruwytkxd.JPEG,imagenet,0,0.001808114097653731
diffusion_datasets/imagenet/0_real/xbwwtavscv.JPEG,imagenet,0,0.006887852135017525
diffusion_datasets/imagenet/0_real/vueczavslq.JPEG,imagenet,0,0.103903003784845
diffusion_datasets/imagenet/0_real/mijuwhirnm.JPEG,imagenet,0,0.016921359820774456
diffusion_datasets/imagenet/0_real/hhmqvefsdm.JPEG,imagenet,0,6.069821838916486e-06
diffusion_datasets/imagenet/0_real/gtqyrcambg.JPEG,imagenet,0,0.0008187564758049977
diffusion_datasets/imagenet/0_real/danyxpbnqf.JPEG,imagenet,0,0.00017489259349699873
diffusion_datasets/imagenet/0_real/zynieagnms.JPEG,imagenet,0,4.173729284678767e-06
diffusion_datasets/imagenet/0_real/rgnjmqxait.JPEG,imagenet,0,0.3564996613039672
diffusion_datasets/imagenet/0_real/wkkhoodytf.JPEG,imagenet,0,0.02597616252710277
diffusion_datasets/laion/0_real/xvulqfblsf.jpg,laion,0,0.982727128130293
diffusion_datasets/laion/0_real/bqeilhkbun.jpg,laion,0,0.02870245923551059
diffusion_datasets/laion/0_real/kguycdreay.jpg,laion,0,0.004822583073215313
diffusion_datasets/laion/0_real/bxfbgvlfqu.jpg,laion,0,2.82865606256479e-06
diffusion_datasets/laion/0_real/qdnqcoyzar.jpg,laion,0,0.9768412335853323
diffusion_datasets/laion/0_real/idvfzzxvyh.jpg,laion,0,0.0001088548599593832
diffusion_datasets/laion/0_real/lvtmqaadzz.jpg,laion,0,0.5847493118031097
diffusion_datasets/laion/0_real/bghliglwng.jpg,laion,0,0.012810097480809511
diffusion_datasets/laion/0_real/jqnuoffbtb.jpg,laion,0,0.004548351614110916
diffusion_datasets/laion/0_real/tvdnjojlmh.jpg,laion,0,0.8817275097573032
diffusion_datasets/laion/0_real/jkdydiqkym.jpg,laion,0,0.10382031976700912
diffusion_datasets/laion/0_real/oqlgvyltdu.jpg,laion,0,0.9385104218114699
diffusion_datasets/laion/0_real/yecvsijdsn.jpg,laion,0,0.0621893838184925
diffusion_datasets/laion/0_real/vfjqbhhdhb.jpg,laion,0,0.8903745157660647
diffusion_datasets/laion/0_real/rpeighzltg.jpg,laion,0,0.0006291009199637892
diffusion_datasets/laion/0_real/nytqcbcfth.jpg,laion,0,0.03892888195589764
diffusion_datasets/laion/0_real/mtuopsldka.jpg,laion,0,0.6197660748045595
diffusion_datasets/laion/0_real/ayibbogxvl.jpg,laion,0,0.02094358456027112
diffusion_datasets/laion/0_real/kkxuptmzof.jpg,laion,0,0.833143726917719
diffusion_datasets/laion/0_real/whqsatsqum.jpg,laion,0,0.009836651950428453
diffusion_datasets/laion/0_real/bolqiuvdbo.jpg,laion,0,4.380476962838729e-05
diffusion_datasets/laion/0_real/lqrkxsvuvt.jpg,laion,0,0.376599076963166
diffusion_datasets/laion/0_real/csvtttfwut.jpg,laion,0,0.0004475263914018722
diffusion_datasets/laion/0_real/wketmynlnj.jpg,laion,0,0.056040726360030824
diffusion_datasets/laion/0_real/mubozyqcgp.jpg,laion,0,0.00010908812438948811
diffusion_datasets/laion/0_real/mfcceezfwn.jpg,laion,0,0.8441113817078919
diffusion_datasets/laion/0_real/gayjhkcdkw.jpg,laion,0,0.000278262170065993
diffusion_datasets/laion/0_real/cnthnmxcwh.jpg,laion,0,0.9105152461877392
diffusion_datasets/laion/0_real/nvwywbybsj.jpg,laion,0,0.510982022399039
diffusion_datasets/laion/0_real/zmqpqnavds.jpg,laion,0,5.6954279278486056e-05
diffusion_datasets/laion/0_real/sneggiimdk.jpg,laion,0,0.6522901289808251
diffusion_datasets/laion/0_real/wsbyyiugsn.jpg,laion,0,0.4416292463732218
diffusion_datasets/laion/0_real/fzmzemtxkr.jpg,laion,0,0.05251886466966946
diffusion_datasets/laion/0_real/tgkezflbjz.jpg,laion,0,8.429515549545369e-07
diffusion_datasets/laion/0_real/ncyvrxsbym.jpg,laion,0,0.0008614795774590493
diffusion_datasets/laion/0_real/osrdcrocjh.jpg,laion,0,5.598798098694347e-06
diffusion_datasets/laion/0_real/vmjmkqeggv.jpg,laion,0,0.3120422193280479
diffusion_datasets/laion/0_real/gwhfxugran.jpg,laion,0,0.1046746527858897
diffusion_datasets/laion/0_real/lpofppxlqt.jpg,laion,0,1.67664780389796e-05
diffusion_datasets/laion/0_real/vispixnoqk.jpg,laion,0,4.412320809006506e-06
diffusion_datasets/laion/0_real/wrmxjiicmz.jpg,laion,0,0.10813729896604464
diffusion_datasets/laion/0_real/kzflnrbcwz.jpg,laion,0,0.9103101934428881
diffusion_datasets/laion/0_real/wedprdqjkr.jpg,laion,0,0.002861477268139344
diffusion_datasets/laion/0_real/utlevcsfzc.jpg,laion,0,0.0032836648174030675
diffusion_datasets/laion/0_real/bbdiioaqyn.jpg,laion,0,0.024158819820877597
diffusion_datasets/laion/0_real/lqdjvtnjqn.jpg,laion,0,0.0008514310488181092
diffusion_datasets/laion/0_real/yaaqlxnzhi.jpg,laion,0,0.024483586820683415
diffusion_datasets/laion/0_real/idrkdekvux.jpg,laion,0,0.0007610585258380512
diffusion_datasets/laion/0_real/tmuzzrstsf.jpg,laion,0,0.002295358648130832
diffusion_datasets/laion/0_real/jqihknjmkf.jpg,laion,0,0.0002798178343930137
diffusion_datasets/laion/0_real/fuahrcqbgk.jpg,laion,0,0.00013506859103385867
diffusion_datasets/laion/0_real/mrdnzxhmlr.jpg,laion,0,0.010640461477929049
diffusion_datasets/laion/0_real/fwqtzyeait.jpg,laion,0,1.3439228926572694e-06
diffusion_datasets/laion/0_real/ugrxyyeknx.jpg,laion,0,0.03702519193231383
diffusion_datasets/laion/0_real/oertmmpfuq.jpg,laion,0,0.10410304862722604
diffusion_datasets/laion/0_real/bcqofpsyca.jpg,laion,0,0.021420926440056286
diffusion_datasets/laion/0_real/nypkpjmzri.jpg,laion,0,0.011502139716090863
diffusion_datasets/laion/0_real/ybpkzmxsoj.jpg,laion,0,0.0018020529642398008
diffusion_datasets/laion/0_real/surgjkswmj.jpg,laion,0,0.11972465661210023
diffusion_datasets/laion/0_real/nzfqdevtuu.jpg,laion,0,0.21541195756117587
diffusion_datasets/laion/0_real/plszaygqda.jpg,laion,0,0.0007555382516284114
diffusion_datasets/laion/0_real/smdvfqmevj.jpg,laion,0,0.00029090405373843805
diffusion_datasets/laion/0_real/gudkwzmgfo.jpg,laion,0,0.01649501947467097
diffusion_datasets/laion/0_real/sinwhncecv.jpg,laion,0,1.1836485437806351e-05
diffusion_datasets/laion/0_real/rtiaijvnif.jpg,laion,0,0.0033222255436637866
diffusion_datasets/laion/0_real/hwfugtliat.jpg,laion,0,0.02994863619840037
diffusion_datasets/laion/0_real/fzzunuvfgl.jpg,laion,0,0.01802854425033263
diffusion_datasets/laion/0_real/buiozdnamh.jpg,laion,0,0.029771222548771036
diffusion_datasets/laion/0_real/ygsthmtuoh.jpg,laion,0,1.888416116858787e-05
diffusion_datasets/laion/0_real/bqcltegxdf.jpg,laion,0,0.00011147597411988362
diffusion_datasets/laion/0_real/enrmnsxepz.jpg,laion,0,0.00034561698858413684
diffusion_datasets/laion/0_real/xbwwtavscv.jpg,laion,0,9.811997802268244e-06
diffusion_datasets/laion/0_real/auannvrmrm.jpg,laion,0,0.7974223125325505
diffusion_datasets/laion/0_real/nvglpmddru.jpg,laion,0,0.01614935249391612
diffusion_datasets/laion/0_real/yxyqoryjpu.jpg,laion,0,0.02555753171004343
diffusion_datasets/laion/0_real/wsbgevekgf.jpg,laion,0,0.0020807568203708615
diffusion_datasets/laion/0_real/szebyvzlqt.jpg,laion,0,0.00010536768667240749
diffusion_datasets/laion/0_real/adizyjvxam.jpg,laion,0,0.00020713869832147727
diffusion_datasets/laion/0_real/dawfktkzad.jpg,laion,0,0.9483706226410453
diffusion_datasets/laion/0_real/eayzvzrytx.jpg,laion,0,0.0026558671684778685
diffusion_datasets/laion/0_real/gzzhkwcczo.jpg,laion,0,5.898775991103233e-06
diffusion_datasets/laion/0_real/ycojahdoqs.jpg,laion,0,0.49586240045781554
diffusion_datasets/laion/0_real/bdwbeyarpc.jpg,laion,0,0.0008538273014942274
diffusion_datasets/laion/0_real/uzunqwixgv.jpg,laion,0,0.11514773208574954
diffusion_datasets/laion/0_real/ftobdflmuz.jpg,laion,0,5.8287221839622816e-05
diffusion_datasets/laion/0_real/lcyxnaodgl.jpg,laion,0,0.8408771735943864
diffusion_datasets/laion/0_real/wqvahtytps.jpg,laion,0,3.9727760717750634e-05
diffusion_datasets/laion/0_real/elpsbyigve.jpg,laion,0,0.017468151706508728
diffusion_datasets/laion/0_real/kvaphythne.jpg,laion,0,0.005533623573260634
diffusion_datasets/laion/0_real/ypvdkreobg.jpg,laion,0,0.015649874846140787
diffusion_datasets/laion/0_real/mqbzprykrc.jpg,laion,0,0.00010613874479044462
diffusion_datasets/laion/0_real/sltdkynkrd.jpg,laion,0,0.0001727371502999959
diffusion_datasets/laion/0_real/fcgojsqxhw.jpg,laion,0,0.002554537157826472
diffusion_datasets/laion/0_real/jykjuscrhb.jpg,laion,0,0.026401363888358783
diffusion_datasets/laion/0_real/kvomczokut.jpg,laion,0,0.002090608517207619
diffusion_datasets/laion/0_real/yfnrrhachx.jpg,laion,0,0.0001877782332492211
diffusion_datasets/laion/0_real/owavsapwhv.jpg,laion,0,0.00017639112031172868
diffusion_datasets/laion/0_real/bfuqjvwwlk.jpg,laion,0,0.0009666672775408238
diffusion_datasets/laion/0_real/gvvfxpftgt.jpg,laion,0,0.0006445655247923047
diffusion_datasets/laion/0_real/owymrcrmoo.jpg,laion,0,0.3893562196386859
diffusion_datasets/laion/0_real/mnbrpiakwa.jpg,laion,0,0.14304581460513505
diffusion_datasets/laion/0_real/rjdnzhbvwc.jpg,laion,0,0.14221749543154732
diffusion_datasets/laion/0_real/jvctzionai.jpg,laion,0,0.001090532232915731
diffusion_datasets/laion/0_real/smmiazxocc.jpg,laion,0,0.2993664424423982
diffusion_datasets/laion/0_real/pcvfvfsxek.jpg,laion,0,0.00012828796156175474
diffusion_datasets/laion/0_real/uvwnmuvfio.jpg,laion,0,5.434740683834384e-05
diffusion_datasets/laion/0_real/uxbuickkha.jpg,laion,0,0.2543888453588004
diffusion_datasets/laion/0_real/ikptlvvios.jpg,laion,0,0.9686381867322464
diffusion_datasets/laion/0_real/yutcusvily.jpg,laion,0,0.9378361165336296
diffusion_datasets/laion/0_real/qtpttlawjz.jpg,laion,0,0.044258963622854315
diffusion_datasets/laion/0_real/aynkpajrmy.jpg,laion,0,0.0001864618488072373
diffusion_datasets/laion/0_real/iwkrlrqsbn.jpg,laion,0,0.2859900740225623
diffusion_datasets/laion/0_real/aahxgrlfqt.jpg,laion,0,0.00019283740949649244
diffusion_datasets/laion/0_real/pbblbgdzjz.jpg,laion,0,0.00018553784565637256
diffusion_datasets/laion/0_real/lcaexbqxar.jpg,laion,0,0.0002084666468390111
diffusion_datasets/laion/0_real/qafswzymfy.jpg,laion,0,4.288993918870113e-05
diffusion_datasets/laion/0_real/frrzmsczog.jpg,laion,0,0.9682209703013377
diffusion_datasets/laion/0_real/yqqmbglayb.jpg,laion,0,3.848445178519325e-08
diffusion_datasets/laion/0_real/sxwaupvkta.jpg,laion,0,0.03793511218281378
diffusion_datasets/laion/0_real/dxvmhjeycz.jpg,laion,0,0.020690996574739776
diffusion_datasets/laion/0_real/yoqkeajskn.jpg,laion,0,0.9862048078147126
diffusion_datasets/laion/0_real/hjovhnpjdf.jpg,laion,0,0.0012760970699765056
diffusion_datasets/laion/0_real/amcjhcqbxr.jpg,laion,0,0.00011574233848561796
diffusion_datasets/laion/0_real/ftampoyprn.jpg,laion,0,0.0002999389979795333
diffusion_datasets/laion/0_real/yfxdzkbfpk.jpg,laion,0,0.011153925967219832
diffusion_datasets/laion/0_real/uydofqnwdz.jpg,laion,0,9.443601685646833e-07
diffusion_datasets/laion/0_real/oxkzwdrxay.jpg,laion,0,0.9634352100853644
diffusion_datasets/laion/0_real/vcuznpgkuo.jpg,laion,0,0.03521450500230086
diffusion_datasets/laion/0_real/yvwtaordyd.jpg,laion,0,0.005378240433924832
diffusion_datasets/laion/0_real/bvbspxdfxz.jpg,laion,0,0.00040247741370139084
diffusion_datasets/laion/0_real/rhwouyajcq.jpg,laion,0,0.00014175155189266773
diffusion_datasets/laion/0_real/rzkutenljp.jpg,laion,0,0.007099440777345804
diffusion_datasets/laion/0_real/gxkmzinhug.jpg,laion,0,3.2955080880729305e-05
diffusion_datasets/laion/0_real/rgiwpyxekm.jpg,laion,0,0.0001772542869279239
diffusion_datasets/laion/0_real/uesrfqrmys.jpg,laion,0,0.00010591393241771266
diffusion_datasets/laion/0_real/wotrziuyhj.jpg,laion,0,0.012681360311486754
diffusion_datasets/laion/0_real/ajdylzvnwn.jpg,laion,0,0.0005910533541969589
diffusion_datasets/laion/0_real/xrkvaduave.jpg,laion,0,0.9998978077969017
diffusion_datasets/laion/0_real/ueoeojrsyj.jpg,laion,0,0.0018713559568228591
diffusion_datasets/laion/0_real/ouirlfwsyx.jpg,laion,0,0.002027743349223024
diffusion_datasets/laion/0_real/viedszojsm.jpg,laion,0,0.002699923834682665
diffusion_datasets/laion/0_real/irwxnqcndk.jpg,laion,0,0.004677005318038771
diffusion_datasets/laion/0_real/zdqmadvhbl.jpg,laion,0,0.0014834758284912744
diffusion_datasets/laion/0_real/tbxpyvxjym.jpg,laion,0,0.9992858476616864
diffusion_datasets/laion/0_real/fvbwueqmmc.jpg,laion,0,0.0001698916780661779
diffusion_datasets/laion/0_real/umhgkshvea.jpg,laion,0,5.390209759456764e-07
diffusion_datasets/laion/0_real/tecfsxrdsg.jpg,laion,0,0.6419823437534591
diffusion_datasets/laion/0_real/oaepibbwpe.jpg,laion,0,6.514778117293769e-05
diffusion_datasets/laion/0_real/lkbpelvrth.jpg,laion,0,0.023764197348109976
diffusion_datasets/laion/0_real/fgbgiwekim.jpg,laion,0,0.0031837334678713847
diffusion_datasets/laion/0_real/jqcakwrejy.jpg,laion,0,0.0002859277345349119
diffusion_datasets/laion/0_real/ohycivlfdy.jpg,laion,0,2.7430305352625333e-05
diffusion_datasets/laion/0_real/xvpiclvxzd.jpg,laion,0,9.961140868305702e-06
diffusion_datasets/laion/0_real/bwvinmojcw.jpg,laion,0,0.0038582017420888573
diffusion_datasets/laion/0_real/onkjvikzsj.jpg,laion,0,0.00025091410142088236
diffusion_datasets/laion/0_real/kgmqyotoqo.jpg,laion,0,0.9447002281796366
diffusion_datasets/laion/0_real/ltwpiurdob.jpg,laion,0,0.468152582511375
diffusion_datasets/laion/0_real/gtidkpfxcc.jpg,laion,0,0.016802461110900897
diffusion_datasets/laion/0_real/xlwfiidgib.jpg,laion,0,0.9675335639978958
diffusion_datasets/laion/0_real/ilaptngbkl.jpg,laion,0,0.0015000831962540832
diffusion_datasets/laion/0_real/hkhpikinqs.jpg,laion,0,0.0022363617309772233
diffusion_datasets/laion/0_real/ettedwuoqe.jpg,laion,0,0.035568393288226426
diffusion_datasets/laion/0_real/nhmoimaaqz.jpg,laion,0,0.41958736964883653
diffusion_datasets/laion/0_real/flcafzqbyt.jpg,laion,0,0.012480832733722698
diffusion_datasets/laion/0_real/pcwvbmjrea.jpg,laion,0,0.002727982424378935
diffusion_datasets/laion/0_real/sepihwqglu.jpg,laion,0,0.09471934735623765
diffusion_datasets/laion/0_real/vuvkrfmrfw.jpg,laion,0,0.002338011249133771
diffusion_datasets/laion/0_real/effiwpkvcy.jpg,laion,0,0.02035890302523272
diffusion_datasets/laion/0_real/huksdpnufs.jpg,laion,0,0.6678605731700124
diffusion_datasets/laion/0_real/cpyrataump.jpg,laion,0,0.09677079343813334
diffusion_datasets/laion/0_real/fxxzogdrnu.jpg,laion,0,0.11965708923699155
diffusion_datasets/laion/0_real/jfqdxkbnuz.jpg,laion,0,0.00021294694206176393
diffusion_datasets/laion/0_real/psvmrypqai.jpg,laion,0,0.14048317191384443
diffusion_datasets/laion/0_real/odhzcmznnr.jpg,laion,0,0.00026595339419277064
diffusion_datasets/laion/0_real/fwhacyybom.jpg,laion,0,0.00015216975611667878
diffusion_datasets/laion/0_real/ccbrpvitlb.jpg,laion,0,3.0897538522777204e-06
diffusion_datasets/laion/0_real/tknxjephgy.jpg,laion,0,0.15986523386929433
diffusion_datasets/laion/0_real/hypftiguck.jpg,laion,0,0.0031126836909217506
diffusion_datasets/laion/0_real/jgvhyrcgyx.jpg,laion,0,0.5424422133999647
diffusion_datasets/laion/0_real/xnyhohvpna.jpg,laion,0,0.00029641872687238586
diffusion_datasets/laion/0_real/tuptxvyplv.jpg,laion,0,0.03788070780292254
diffusion_datasets/laion/0_real/itvslvcuiy.jpg,laion,0,0.6699052723527142
diffusion_datasets/laion/0_real/ynescstwdk.jpg,laion,0,0.0006509488127008657
diffusion_datasets/laion/0_real/gdomuubpmo.jpg,laion,0,0.21772963015143598
diffusion_datasets/laion/0_real/hlwefvuprq.jpg,laion,0,0.02072822307504788
diffusion_datasets/laion/0_real/efykeyysvi.jpg,laion,0,0.0006469925207842474
diffusion_datasets/laion/0_real/uyfkdpzowl.jpg,laion,0,0.9768884786897717
diffusion_datasets/laion/0_real/hgcafbxres.jpg,laion,0,0.0014631464517788771
diffusion_datasets/laion/0_real/lkealtdsyd.jpg,laion,0,0.9749541953815353
diffusion_datasets/laion/0_real/ybbbdeihcf.jpg,laion,0,0.008555127352649307
diffusion_datasets/laion/0_real/cqxwvqbknx.jpg,laion,0,0.5112946578097519
diffusion_datasets/laion/0_real/ddeuvxknie.jpg,laion,0,0.0021441694095968846
diffusion_datasets/laion/0_real/zwkapmobkx.jpg,laion,0,1.3501617279875154e-05
diffusion_datasets/laion/0_real/zxnpcvwbfb.jpg,laion,0,0.827248025688215
diffusion_datasets/laion/0_real/mcsihazpje.jpg,laion,0,0.35263710289567124
diffusion_datasets/laion/0_real/xqlumlknls.jpg,laion,0,0.00036841710322664897
diffusion_datasets/laion/0_real/rpggiliowp.jpg,laion,0,0.000414996248453907
diffusion_datasets/laion/0_real/tivixbdipm.jpg,laion,0,0.018183363399901273
diffusion_datasets/laion/0_real/wcuupgwotu.jpg,laion,0,0.20152703052583923
diffusion_datasets/laion/0_real/cdjghtyvsn.jpg,laion,0,0.0003018595317726971
diffusion_datasets/laion/0_real/aqfnjpltvb.jpg,laion,0,0.0006004148195745796
diffusion_datasets/laion/0_real/mqzlaxdcyf.jpg,laion,0,0.7833968992192099
diffusion_datasets/laion/0_real/yatxnhyhyw.jpg,laion,0,0.9120486246007917
diffusion_datasets/laion/0_real/zzrnxnjzyx.jpg,laion,0,0.9165848093733543
diffusion_datasets/laion/0_real/vpwnxqxbks.jpg,laion,0,0.17860874694862222
diffusion_datasets/laion/0_real/ranqpkoerl.jpg,laion,0,0.07758433519085044
diffusion_datasets/laion/0_real/vyjvqkrjmv.jpg,laion,0,3.2613605901162336e-08
diffusion_datasets/laion/0_real/skkprfujmw.jpg,laion,0,0.9972846185883633
diffusion_datasets/laion/0_real/njfscemusa.jpg,laion,0,0.005229704929143224
diffusion_datasets/laion/0_real/djfymdweky.jpg,laion,0,0.0012174511147366258
diffusion_datasets/laion/0_real/czqsnkbvng.jpg,laion,0,0.047674945691145776
diffusion_datasets/laion/0_real/lakovwneny.jpg,laion,0,0.7884698916775859
diffusion_datasets/laion/0_real/xmppkkdynh.jpg,laion,0,0.07262870815575052
diffusion_datasets/laion/0_real/xnidvmnavp.jpg,laion,0,0.9840609745885774
diffusion_datasets/laion/0_real/cjmyrxrisl.jpg,laion,0,0.02147060014529328
diffusion_datasets/laion/0_real/wgmfkffpbs.jpg,laion,0,0.0002272156685726078
diffusion_datasets/laion/0_real/sbuowwvzjw.jpg,laion,0,0.19763227203309633
diffusion_datasets/laion/0_real/qsndeimedb.jpg,laion,0,0.8875394503744105
diffusion_datasets/laion/0_real/jecdlrpjba.jpg,laion,0,0.9842796400819096
diffusion_datasets/laion/0_real/owbarkgfyc.jpg,laion,0,0.0041526825721067
diffusion_datasets/laion/0_real/hcnhiyscgm.jpg,laion,0,9.349604199933984e-05
diffusion_datasets/laion/0_real/ppufoaihkk.jpg,laion,0,0.007822280618012127
diffusion_datasets/laion/0_real/mltvjsqnjm.jpg,laion,0,0.006653669051708309
diffusion_datasets/laion/0_real/bqmyueubdu.jpg,laion,0,0.01602857655988402
diffusion_datasets/laion/0_real/wdjkwiwroa.jpg,laion,0,0.2578268233657072
diffusion_datasets/laion/0_real/zhkktdnkhl.jpg,laion,0,0.0692108907382672
diffusion_datasets/laion/0_real/eelzocmtws.jpg,laion,0,0.0003174592919118183
diffusion_datasets/laion/0_real/ocmzcjegeg.jpg,laion,0,0.9999323601593841
diffusion_datasets/laion/0_real/nkdchwutlw.jpg,laion,0,0.008253769152030873
diffusion_datasets/laion/0_real/pcaodmknyo.jpg,laion,0,0.000584718195595962
diffusion_datasets/laion/0_real/aowpbzokmp.jpg,laion,0,0.0009637519626379017
diffusion_datasets/laion/0_real/hcyfeanpao.jpg,laion,0,0.0002933905543157511
diffusion_datasets/laion/0_real/lpvhehbmzv.jpg,laion,0,0.9037229947090032
diffusion_datasets/laion/0_real/fneghrqtsf.jpg,laion,0,0.0014395239445945676
diffusion_datasets/laion/0_real/pyydtwntke.jpg,laion,0,0.0002669939076417973
diffusion_datasets/laion/0_real/jnrpfsvjdm.jpg,laion,0,0.4567935510380799
diffusion_datasets/laion/0_real/jhcbtfuziq.jpg,laion,0,0.2257246778855474
diffusion_datasets/laion/0_real/tflsufulfn.jpg,laion,0,0.04462712552246279
diffusion_datasets/laion/0_real/htpewtqebr.jpg,laion,0,0.001410350198310871
diffusion_datasets/laion/0_real/jxacexpmcn.jpg,laion,0,0.002496366982950741
diffusion_datasets/laion/0_real/gwwprxqtre.jpg,laion,0,0.2294277880462715
diffusion_datasets/laion/0_real/mlxvdfndsh.jpg,laion,0,0.6827540507980445
diffusion_datasets/laion/0_real/hisyohahzi.jpg,laion,0,3.8169351054739254e-05
diffusion_datasets/laion/0_real/guljtnkdnj.jpg,laion,0,2.92112039559152e-07
diffusion_datasets/laion/0_real/lxdnodpvuz.jpg,laion,0,0.14580979656534343
diffusion_datasets/laion/0_real/ygqiosrden.jpg,laion,0,0.0002910325936000136
diffusion_datasets/laion/0_real/tzirqivkgc.jpg,laion,0,8.759970287652918e-05
diffusion_datasets/laion/0_real/pzvgfnoiln.jpg,laion,0,0.7430624029725414
diffusion_datasets/laion/0_real/gaephzrdih.jpg,laion,0,5.650928757585234e-06
diffusion_datasets/laion/0_real/gdnoweboab.jpg,laion,0,0.006388135819649565
diffusion_datasets/laion/0_real/oyxvwvxuzr.jpg,laion,0,2.1137508135856824e-07
diffusion_datasets/laion/0_real/cswedhbgpd.jpg,laion,0,0.885945221365646
diffusion_datasets/laion/0_real/mcrhlmdumo.jpg,laion,0,8.450434169124126e-05
diffusion_datasets/laion/0_real/fegqolkrls.jpg,laion,0,2.7930473323265676e-06
diffusion_datasets/laion/0_real/jjmznfxyeg.jpg,laion,0,0.906794770792918
diffusion_datasets/laion/0_real/xaetznfnpu.jpg,laion,0,0.129648369284416
diffusion_datasets/laion/0_real/acpwmtyztu.jpg,laion,0,0.005873362026358983
diffusion_datasets/laion/0_real/ljluvxkeau.jpg,laion,0,0.0005579337225745205
diffusion_datasets/laion/0_real/dbcoycuiyt.jpg,laion,0,7.341900466669356e-07
diffusion_datasets/laion/0_real/aakydlwfer.jpg,laion,0,1.917611994624041e-06
diffusion_datasets/laion/0_real/tnxiofobrb.jpg,laion,0,0.8653536541566799
diffusion_datasets/laion/0_real/lfpytrxtnd.jpg,laion,0,0.7508303208006526
diffusion_datasets/laion/0_real/pvrfveosdy.jpg,laion,0,0.0004590244700901345
diffusion_datasets/laion/0_real/pfvgbusewt.jpg,laion,0,0.061425479415066875
diffusion_datasets/laion/0_real/njslnjximf.jpg,laion,0,0.02890996202209963
diffusion_datasets/laion/0_real/kqtezbdvua.jpg,laion,0,0.0006509003369499166
diffusion_datasets/laion/0_real/fzrimmsozw.jpg,laion,0,0.5871367836330278
diffusion_datasets/laion/0_real/qmqkkwwggi.jpg,laion,0,0.016628563761414288
diffusion_datasets/laion/0_real/zcsnybxdqj.jpg,laion,0,0.00018904842470637744
diffusion_datasets/laion/0_real/agjsmczzat.jpg,laion,0,0.003797769081888994
diffusion_datasets/laion/0_real/lnavxqqxfa.jpg,laion,0,0.8967647083958052
diffusion_datasets/laion/0_real/rsiiuivgsv.jpg,laion,0,0.0008724319988573561
diffusion_datasets/laion/0_real/vrffpjmuir.jpg,laion,0,0.9251523277655408
diffusion_datasets/laion/0_real/nrzbgujfll.jpg,laion,0,0.00015105783418503207
diffusion_datasets/laion/0_real/xiubxgyhcs.jpg,laion,0,0.0006622612459260085
diffusion_datasets/laion/0_real/xqyjzhnfqu.jpg,laion,0,0.000610791330540334
diffusion_datasets/laion/0_real/jcbooxfwcy.jpg,laion,0,0.07013499582378498
diffusion_datasets/laion/0_real/mobwrxioai.jpg,laion,0,0.4165896997037632
diffusion_datasets/laion/0_real/kobditubhr.jpg,laion,0,0.0007882023687088969
diffusion_datasets/laion/0_real/txviitvyvk.jpg,laion,0,0.0007750576933831301
diffusion_datasets/laion/0_real/isrzfmrbjo.jpg,laion,0,0.8749979971827445
diffusion_datasets/laion/0_real/tgzykjsqqa.jpg,laion,0,0.0007290663752732902
diffusion_datasets/laion/0_real/nwpodhovep.jpg,laion,0,0.011649470584540226
diffusion_datasets/laion/0_real/yhxjifarjw.jpg,laion,0,0.7335746084696629
diffusion_datasets/laion/0_real/wpptcqobpu.jpg,laion,0,6.31309562137967e-05
diffusion_datasets/laion/0_real/jgmtkjqepx.jpg,laion,0,0.2763161745332795
diffusion_datasets/laion/0_real/qhhsiahqdz.jpg,laion,0,0.0009072075805698751
diffusion_datasets/laion/0_real/rgnjmqxait.jpg,laion,0,0.9303369053563102
diffusion_datasets/laion/0_real/wdxoxbbogy.jpg,laion,0,0.0038427716372139223
diffusion_datasets/laion/0_real/tunmixwvbf.jpg,laion,0,0.6024968336780999
diffusion_datasets/laion/0_real/crzzjqmtan.jpg,laion,0,5.8896817874050095e-05
diffusion_datasets/laion/0_real/flzalpsilp.jpg,laion,0,0.6111225224945557
diffusion_datasets/laion/0_real/lsmostdlua.jpg,laion,0,0.0042998919421203
diffusion_datasets/laion/0_real/qnqvwdpmam.jpg,laion,0,0.040945078279181514
diffusion_datasets/laion/0_real/dncoarxujc.jpg,laion,0,0.41347135667863466
diffusion_datasets/laion/0_real/mgeezotzdw.jpg,laion,0,0.019372215319234838
diffusion_datasets/laion/0_real/spnummyudf.jpg,laion,0,0.00588419832691388
diffusion_datasets/laion/0_real/kjacqcuxqc.jpg,laion,0,0.007623016815191143
diffusion_datasets/laion/0_real/gchslncruv.jpg,laion,0,0.00402568659341581
diffusion_datasets/laion/0_real/eufbtfldxd.jpg,laion,0,1.6756376060685573e-05
diffusion_datasets/laion/0_real/wyyltkwttn.jpg,laion,0,0.0007021284147706846
diffusion_datasets/laion/0_real/iqjkwjvday.jpg,laion,0,5.148988377710005e-05
diffusion_datasets/laion/0_real/gckzbyionz.jpg,laion,0,6.899639509023321e-05
diffusion_datasets/laion/0_real/gsjragxgrg.jpg,laion,0,0.8348983195512021
diffusion_datasets/laion/0_real/jezexlfhiq.jpg,laion,0,0.20979117599217845
diffusion_datasets/laion/0_real/tvhyjyjvbi.jpg,laion,0,0.0006549177294898302
diffusion_datasets/laion/0_real/apfyxprqpm.jpg,laion,0,0.9776686589368715
diffusion_datasets/laion/0_real/gbzvqfsaud.jpg,laion,0,2.8865352744822754e-05
diffusion_datasets/laion/0_real/zdteumqsqf.jpg,laion,0,5.2990823596985376e-05
diffusion_datasets/laion/0_real/olxtdigiux.jpg,laion,0,3.9960181765747416e-05
diffusion_datasets/laion/0_real/xoxubdjnhe.jpg,laion,0,0.0011458175267474273
diffusion_datasets/laion/0_real/jckrxjozhx.jpg,laion,0,0.00026829558422262383
diffusion_datasets/laion/0_real/vcbnrxukwp.jpg,laion,0,0.030444567180775782
diffusion_datasets/laion/0_real/xxxlutdoia.jpg,laion,0,0.0005606885549094546
diffusion_datasets/laion/0_real/ztytemyoxv.jpg,laion,0,0.8803202542255304
diffusion_datasets/laion/0_real/igjyxqgebm.jpg,laion,0,0.06810937791811517
diffusion_datasets/laion/0_real/khmsldutff.jpg,laion,0,2.364200971300013e-06
diffusion_datasets/laion/0_real/ahwxcijnxm.jpg,laion,0,0.6090507947770828
diffusion_datasets/laion/0_real/crwemtqnoq.jpg,laion,0,0.4867715859668943
diffusion_datasets/laion/0_real/gllomgthtj.jpg,laion,0,0.07066924471122188
diffusion_datasets/laion/0_real/bebadtkmes.jpg,laion,0,0.5059164350478434
diffusion_datasets/laion/0_real/etiolecymt.jpg,laion,0,0.0005114125765296601
diffusion_datasets/laion/0_real/qyaknxvzwp.jpg,laion,0,0.7248008266744294
diffusion_datasets/laion/0_real/kpmxquicco.jpg,laion,0,0.24281013489409742
diffusion_datasets/laion/0_real/zbnbosutcn.jpg,laion,0,0.0011799269842714983
diffusion_datasets/laion/0_real/olxnaenbde.jpg,laion,0,0.0025311825210854668
diffusion_datasets/laion/0_real/xctsfejxfy.jpg,laion,0,0.983488041466027
diffusion_datasets/laion/0_real/lzgwytfbdh.jpg,laion,0,0.9519719605923225
diffusion_datasets/laion/0_real/ybihqfczqf.jpg,laion,0,0.33906100299991665
diffusion_datasets/laion/0_real/mrxqbknovu.jpg,laion,0,3.827083249019671e-05
diffusion_datasets/laion/0_real/qvizqxsbvw.jpg,laion,0,0.001341814680458907
diffusion_datasets/laion/0_real/xpdelxvksw.jpg,laion,0,0.060238982305424696
diffusion_datasets/laion/0_real/gwwimiekeh.jpg,laion,0,0.174219334351806
diffusion_datasets/laion/0_real/ixykpgtooh.jpg,laion,0,0.0040402328068598605
diffusion_datasets/laion/0_real/jnifdomopt.jpg,laion,0,0.02139307288670007
diffusion_datasets/laion/0_real/mijuwhirnm.jpg,laion,0,0.041366632097522206
diffusion_datasets/laion/0_real/fiejjmdcwg.jpg,laion,0,0.1249982134554884
diffusion_datasets/laion/0_real/ttfwqkviia.jpg,laion,0,0.11003277654265227
diffusion_datasets/laion/0_real/yinujujzud.jpg,laion,0,0.9881042260322019
diffusion_datasets/laion/0_real/izmzwnwzxb.jpg,laion,0,0.006767377469379118
diffusion_datasets/laion/0_real/dexhjtncni.jpg,laion,0,0.021503922943909022
diffusion_datasets/laion/0_real/texcjvnjug.jpg,laion,0,0.6447582715383156
diffusion_datasets/laion/0_real/gbkfcdebke.jpg,laion,0,0.002559859305657707
diffusion_datasets/laion/0_real/iqruwytkxd.jpg,laion,0,0.00019969542654641728
diffusion_datasets/laion/0_real/znwafizosm.jpg,laion,0,0.0010730620529895852
diffusion_datasets/laion/0_real/tfubqflahj.jpg,laion,0,0.9974714254526211
diffusion_datasets/laion/0_real/lkwvbsljma.jpg,laion,0,1.2278260019013004e-07
diffusion_datasets/laion/0_real/jpkbhfmhql.jpg,laion,0,0.002668552842288469
diffusion_datasets/laion/0_real/tfdqevjhtk.jpg,laion,0,0.17559116583837822
diffusion_datasets/laion/0_real/orgateeurw.jpg,laion,0,0.0025621720100616123
diffusion_datasets/laion/0_real/kqhrtvmeux.jpg,laion,0,0.8653910471798741
diffusion_datasets/laion/0_real/ciwgbjibcd.jpg,laion,0,0.7788770502627165
diffusion_datasets/laion/0_real/fuqmkbouip.jpg,laion,0,0.23402498432164354
diffusion_datasets/laion/0_real/fnjmysjhqo.jpg,laion,0,7.283530434655839e-05
diffusion_datasets/laion/0_real/ewspkgvjkv.jpg,laion,0,0.9861448807788646
diffusion_datasets/laion/0_real/sgggkqzghg.jpg,laion,0,6.218768868104093e-05
diffusion_datasets/laion/0_real/qaafihkbbk.jpg,laion,0,0.0003250004339036499
diffusion_datasets/laion/0_real/kgwpuybmdo.jpg,laion,0,0.060457722844233584
diffusion_datasets/laion/0_real/hiqkigzfrk.jpg,laion,0,0.8692275030665733
diffusion_datasets/laion/0_real/xjsfnrjtst.jpg,laion,0,0.1697212118100064
diffusion_datasets/laion/0_real/apdgetedbs.jpg,laion,0,0.5312619280708089
diffusion_datasets/laion/0_real/gczswsnqpp.jpg,laion,0,0.0610671166727441
diffusion_datasets/laion/0_real/rlzfziqqrd.jpg,laion,0,7.261502152714099e-05
diffusion_datasets/laion/0_real/bhlyixirpi.jpg,laion,0,0.00040409805228408817
diffusion_datasets/laion/0_real/yytnnkmkun.jpg,laion,0,0.9982835288171031
diffusion_datasets/laion/0_real/cyencgbdne.jpg,laion,0,6.798153483897256e-05
diffusion_datasets/laion/0_real/fjyemnydtk.jpg,laion,0,0.009611555804875726
diffusion_datasets/laion/0_real/bobirihsmf.jpg,laion,0,0.0003433703540810429
diffusion_datasets/laion/0_real/clutkoqhvu.jpg,laion,0,0.0031165562710993803
diffusion_datasets/laion/0_real/msdsnlzcre.jpg,laion,0,0.9320526690994649
diffusion_datasets/laion/0_real/aieykhstre.jpg,laion,0,0.37255729506455426
diffusion_datasets/laion/0_real/zrifjlbkwb.jpg,laion,0,0.009296067508928817
diffusion_datasets/laion/0_real/yldbjbxfzj.jpg,laion,0,0.12407278315626323
diffusion_datasets/laion/0_real/iwsairnpes.jpg,laion,0,0.00023585303100110284
diffusion_datasets/laion/0_real/utfokfmmbf.jpg,laion,0,0.0026333906919451806
diffusion_datasets/laion/0_real/dpsfehmqme.jpg,laion,0,0.1291684927861278
diffusion_datasets/laion/0_real/hhmqvefsdm.jpg,laion,0,7.525774451995014e-05
diffusion_datasets/laion/0_real/awjhtixyqd.jpg,laion,0,0.034448835057096075
diffusion_datasets/laion/0_real/annkzxvqsz.jpg,laion,0,0.16851919404668256
diffusion_datasets/laion/0_real/gxexzzlcld.jpg,laion,0,0.10308681655732269
diffusion_datasets/laion/0_real/llbqajpkux.jpg,laion,0,0.0002117377848510695
diffusion_datasets/laion/0_real/bnhkqppcfl.jpg,laion,0,0.9999049120432948
diffusion_datasets/laion/0_real/uxbgzfafqm.jpg,laion,0,0.6046080911079227
diffusion_datasets/laion/0_real/sxbarbxbis.jpg,laion,0,0.0002436763919754262
diffusion_datasets/laion/0_real/qbannzwxnv.jpg,laion,0,0.7215545287304047
diffusion_datasets/laion/0_real/kkamuhddsi.jpg,laion,0,0.0005186505198369006
diffusion_datasets/laion/0_real/pccthywpgs.jpg,laion,0,0.7819021709812346
diffusion_datasets/laion/0_real/yimxruvwud.jpg,laion,0,0.021911755122378997
diffusion_datasets/laion/0_real/ducatuyxdz.jpg,laion,0,0.20579335494221782
diffusion_datasets/laion/0_real/ewldxwaqfh.jpg,laion,0,0.11704742745909569
diffusion_datasets/laion/0_real/djtbqkzsak.jpg,laion,0,0.00018978860918349383
diffusion_datasets/laion/0_real/gmeufzjqxw.jpg,laion,0,0.9582915337024648
diffusion_datasets/laion/0_real/svpwqjhjbu.jpg,laion,0,2.226404372958409e-07
diffusion_datasets/laion/0_real/hmasnickhh.jpg,laion,0,0.04697823593958154
diffusion_datasets/laion/0_real/kysxvylzkk.jpg,laion,0,0.3229704299898084
diffusion_datasets/laion/0_real/lzletadhdl.jpg,laion,0,0.8623063007723796
diffusion_datasets/laion/0_real/afwwethmvf.jpg,laion,0,0.2709621058771475
diffusion_datasets/laion/0_real/znxaufdjpv.jpg,laion,0,1.551150368929408e-05
diffusion_datasets/laion/0_real/slrtleyncm.jpg,laion,0,0.002234709726009336
diffusion_datasets/laion/0_real/hnihvkmnje.jpg,laion,0,1.5893422485050296e-05
diffusion_datasets/laion/0_real/qhnjseyjbw.jpg,laion,0,0.05446994309797607
diffusion_datasets/laion/0_real/gufjiiwgrf.jpg,laion,0,0.00024612143649801256
diffusion_datasets/laion/0_real/hnsubaglth.jpg,laion,0,0.0025243030081739805
diffusion_datasets/laion/0_real/ivvevnakub.jpg,laion,0,0.0014577089905179526
diffusion_datasets/laion/0_real/aaksjqrtil.jpg,laion,0,0.42579594838066465
diffusion_datasets/laion/0_real/nhmcszkgcq.jpg,laion,0,0.0008815355670507743
diffusion_datasets/laion/0_real/attqnlwqgz.jpg,laion,0,0.9921799969863121
diffusion_datasets/laion/0_real/tbganwxklb.jpg,laion,0,0.18710576523277053
diffusion_datasets/laion/0_real/kpzyfbuxhi.jpg,laion,0,0.05760292489709858
diffusion_datasets/laion/0_real/snjzonvpow.jpg,laion,0,0.05090617779594116
diffusion_datasets/laion/0_real/vkjmgldjai.jpg,laion,0,0.0026492489450432245
diffusion_datasets/laion/0_real/osigoexsbv.jpg,laion,0,0.6594340869906538
diffusion_datasets/laion/0_real/ascyfbgfmn.jpg,laion,0,0.022859657637338444
diffusion_datasets/laion/0_real/hxayxhqfnz.jpg,laion,0,0.03399814189583045
diffusion_datasets/laion/0_real/vmouwpueqp.jpg,laion,0,0.26423981471384667
diffusion_datasets/laion/0_real/ajldduomvc.jpg,laion,0,6.666227246133612e-05
diffusion_datasets/laion/0_real/cmuzaenxtt.jpg,laion,0,0.054056768130625495
diffusion_datasets/laion/0_real/mszjipjvvf.jpg,laion,0,5.3814376060805334e-06
diffusion_datasets/laion/0_real/qhuylytsyy.jpg,laion,0,2.429075847635931e-05
diffusion_datasets/laion/0_real/omsyxrsufp.jpg,laion,0,0.235232909558701
diffusion_datasets/laion/0_real/jgyprvacek.jpg,laion,0,0.9929332715773297
diffusion_datasets/laion/0_real/pirwlvliku.jpg,laion,0,0.9885356258201172
diffusion_datasets/laion/0_real/eltlpjgnai.jpg,laion,0,6.781632745862197e-06
diffusion_datasets/laion/0_real/xphjlaxygh.jpg,laion,0,0.8520475006101621
diffusion_datasets/laion/0_real/vsoitgrurd.jpg,laion,0,0.028191667389602475
diffusion_datasets/laion/0_real/hdtfurantf.jpg,laion,0,0.005244530860810863
diffusion_datasets/laion/0_real/jtprghimeh.jpg,laion,0,0.5642034882597025
diffusion_datasets/laion/0_real/iuwybjqiha.jpg,laion,0,0.015586579877832426
diffusion_datasets/laion/0_real/iojhamvzyv.jpg,laion,0,0.0006684186998981493
diffusion_datasets/laion/0_real/vipmyyceny.jpg,laion,0,3.424784404616091e-05
diffusion_datasets/laion/0_real/hhlwjuqsbz.jpg,laion,0,0.10925227174624526
diffusion_datasets/laion/0_real/sxbfuikltb.jpg,laion,0,0.0004704116281567473
diffusion_datasets/laion/0_real/xjokdvoxpk.jpg,laion,0,0.44588850227639426
diffusion_datasets/laion/0_real/yxdmgabgrh.jpg,laion,0,0.9995770992475915
diffusion_datasets/laion/0_real/nnuuhindgj.jpg,laion,0,0.685907425732146
diffusion_datasets/laion/0_real/temvvnfwvq.jpg,laion,0,0.00022948373593563489
diffusion_datasets/laion/0_real/tzgkmgcgjt.jpg,laion,0,0.04871416075578681
diffusion_datasets/laion/0_real/ovuipynpix.jpg,laion,0,0.0070921318005912
diffusion_datasets/laion/0_real/nvsdiqcxdc.jpg,laion,0,0.9746132056644461
diffusion_datasets/laion/0_real/cubclpdlyb.jpg,laion,0,0.005507942839798943
diffusion_datasets/laion/0_real/dbifuulczh.jpg,laion,0,4.910421551371716e-05
diffusion_datasets/laion/0_real/ikesdclcne.jpg,laion,0,7.370728554882869e-05
diffusion_datasets/laion/0_real/devyzpyxmr.jpg,laion,0,0.00614483384511782
diffusion_datasets/laion/0_real/paozbcurkw.jpg,laion,0,0.0002148036044504297
diffusion_datasets/laion/0_real/vitzpaholy.jpg,laion,0,0.08472515242570178
diffusion_datasets/laion/0_real/nrqrcqxudf.jpg,laion,0,0.050496584203493365
diffusion_datasets/laion/0_real/gpwdhgxzbq.jpg,laion,0,0.2016400258867758
diffusion_datasets/laion/0_real/vwrsjumkmz.jpg,laion,0,0.00010353024409935234
diffusion_datasets/laion/0_real/tgihtkfpyi.jpg,laion,0,1.9485908346183888e-05
diffusion_datasets/laion/0_real/hajmuavfdr.jpg,laion,0,0.06003455597175398
diffusion_datasets/laion/0_real/cciqgyfbnw.jpg,laion,0,0.000893639932682906
diffusion_datasets/laion/0_real/gbmtgdhzrx.jpg,laion,0,0.0004532409122833845
diffusion_datasets/laion/0_real/wkkhoodytf.jpg,laion,0,0.0005397368247509567
diffusion_datasets/laion/0_real/uqgovdwcrr.jpg,laion,0,0.0045036407788124535
diffusion_datasets/laion/0_real/stnicrfcsk.jpg,laion,0,2.3710541408730273e-06
diffusion_datasets/laion/0_real/hbdtraluzp.jpg,laion,0,0.00010776359531453843
diffusion_datasets/laion/0_real/zchftlmgnh.jpg,laion,0,0.017165872043808195
diffusion_datasets/laion/0_real/jsytpmwrvb.jpg,laion,0,0.5480556100030363
diffusion_datasets/laion/0_real/gcenmxpfnz.jpg,laion,0,0.008431357004820804
diffusion_datasets/laion/0_real/mfoxhwrofa.jpg,laion,0,0.001988754926603303
diffusion_datasets/laion/0_real/xfblvcbesb.jpg,laion,0,0.3649839305309256
diffusion_datasets/laion/0_real/izuqfuuvtc.jpg,laion,0,0.0003608829218605221
diffusion_datasets/laion/0_real/arfbiucpar.jpg,laion,0,0.7481578500124837
diffusion_datasets/laion/0_real/figfzyfhkt.jpg,laion,0,0.012059844042815947
diffusion_datasets/laion/0_real/jsozceeudr.jpg,laion,0,0.03262129951740245
diffusion_datasets/laion/0_real/jvfamsvrme.jpg,laion,0,0.007919448170014769
diffusion_datasets/laion/0_real/hxyxqnzbzd.jpg,laion,0,0.2028850430382744
diffusion_datasets/laion/0_real/psvhorutyv.jpg,laion,0,0.0227711066489406
diffusion_datasets/laion/0_real/owwrkfwvmg.jpg,laion,0,0.005258160729747072
diffusion_datasets/laion/0_real/bbmeviacjm.jpg,laion,0,0.00702975652138579
diffusion_datasets/laion/0_real/hsweljupee.jpg,laion,0,0.8502792284613544
diffusion_datasets/laion/0_real/ywhajfzors.jpg,laion,0,0.08324950928762882
diffusion_datasets/laion/0_real/hjshyxnjca.jpg,laion,0,0.8970291706855206
diffusion_datasets/laion/0_real/vofhkesmtv.jpg,laion,0,0.9953078557056897
diffusion_datasets/laion/0_real/bfczagsxfw.jpg,laion,0,0.0504793800768334
diffusion_datasets/laion/0_real/touiowfclv.jpg,laion,0,0.005079657839958264
diffusion_datasets/laion/0_real/asxtxajrfc.jpg,laion,0,7.551640368893342e-06
diffusion_datasets/laion/0_real/wynbrdoyde.jpg,laion,0,0.14789119995093933
diffusion_datasets/laion/0_real/jhnbcswvmq.jpg,laion,0,0.009394779436974619
diffusion_datasets/laion/0_real/gzmbdszeyt.jpg,laion,0,0.006220585741665379
diffusion_datasets/laion/0_real/qpjsgmteke.jpg,laion,0,3.064196572152437e-05
diffusion_datasets/laion/0_real/qvxgfrmtjl.jpg,laion,0,0.08035611458891645
diffusion_datasets/laion/0_real/lmbvfedfye.jpg,laion,0,0.15260902234682958
diffusion_datasets/laion/0_real/arjjdokwee.jpg,laion,0,4.9675657615574115e-06
diffusion_datasets/laion/0_real/wbcncldemw.jpg,laion,0,0.06902259645153859
diffusion_datasets/laion/0_real/mizxozzqsb.jpg,laion,0,0.746537847240122
diffusion_datasets/laion/0_real/rzvoxvfpaz.jpg,laion,0,2.0572607593396435e-05
diffusion_datasets/laion/0_real/jrdflpqmct.jpg,laion,0,0.3997752486748332
diffusion_datasets/laion/0_real/qlhvuhhqol.jpg,laion,0,0.06346378650861371
diffusion_datasets/laion/0_real/eaesoxacae.jpg,laion,0,0.004533833777268034
diffusion_datasets/laion/0_real/gxvvzagtkn.jpg,laion,0,0.03477539954263764
diffusion_datasets/laion/0_real/bjipeebzgu.jpg,laion,0,3.129667291131647e-08
diffusion_datasets/laion/0_real/wrplkwvjrk.jpg,laion,0,0.24543427187170536
diffusion_datasets/laion/0_real/hzrxscnjew.jpg,laion,0,0.0009129968537755488
diffusion_datasets/laion/0_real/clnogwmxno.jpg,laion,0,0.49710304195936034
diffusion_datasets/laion/0_real/jbsbxfrewb.jpg,laion,0,0.7941558910950222
diffusion_datasets/laion/0_real/aujwkgbadp.jpg,laion,0,0.1155607178840593
diffusion_datasets/laion/0_real/nfysclasrr.jpg,laion,0,0.027649977435896676
diffusion_datasets/laion/0_real/iqijagswok.jpg,laion,0,0.4816792297133066
diffusion_datasets/laion/0_real/qtwdrpnjgz.jpg,laion,0,0.00023554880400560317
diffusion_datasets/ldm_200/1_fake/kszghluqlw.png,ldm_200,1,0.002185872874248224
diffusion_datasets/ldm_200/1_fake/pirwlvliku.png,ldm_200,1,0.16914645139134651
diffusion_datasets/ldm_200/1_fake/bxfbgvlfqu.png,ldm_200,1,0.024240732633557117
diffusion_datasets/ldm_200/1_fake/ywjlbpxbjz.png,ldm_200,1,0.9365822384983818
diffusion_datasets/ldm_200/1_fake/yvwtaordyd.png,ldm_200,1,0.8891802904752922
diffusion_datasets/ldm_200/1_fake/ofgvdkgdnd.png,ldm_200,1,0.6063315266905447
diffusion_datasets/ldm_200/1_fake/vqrdytkinp.png,ldm_200,1,0.0003402649126988186
diffusion_datasets/ldm_200/1_fake/vutxbsgjsz.png,ldm_200,1,0.026784113502379883
diffusion_datasets/ldm_200/1_fake/wzdhwjmvgy.png,ldm_200,1,0.9997866054297634
diffusion_datasets/ldm_200/1_fake/rprdsmygod.png,ldm_200,1,0.013966428476892124
diffusion_datasets/ldm_200/1_fake/rzrzcujvqg.png,ldm_200,1,0.03508459316869968
diffusion_datasets/ldm_200/1_fake/vmouwpueqp.png,ldm_200,1,0.0032547960768752617
diffusion_datasets/ldm_200/1_fake/eelzocmtws.png,ldm_200,1,0.9999118102215668
diffusion_datasets/ldm_200/1_fake/jhcimomcij.png,ldm_200,1,0.0005979940391001908
diffusion_datasets/ldm_200/1_fake/alzrdyourf.png,ldm_200,1,0.0018847736625168176
diffusion_datasets/ldm_200/1_fake/bicflvshvw.png,ldm_200,1,0.2696526474772991
diffusion_datasets/ldm_200/1_fake/hptzommwzk.png,ldm_200,1,0.9785652363200238
diffusion_datasets/ldm_200/1_fake/ivvevnakub.png,ldm_200,1,0.1304447870396417
diffusion_datasets/ldm_200/1_fake/fjjzjquuqt.png,ldm_200,1,0.9920994422701855
diffusion_datasets/ldm_200/1_fake/smmiazxocc.png,ldm_200,1,0.013072081975610682
diffusion_datasets/ldm_200/1_fake/cubsnkbrrm.png,ldm_200,1,0.1272134251784784
diffusion_datasets/ldm_200/1_fake/tnxiofobrb.png,ldm_200,1,0.6021244864402245
diffusion_datasets/ldm_200/1_fake/vmrobijbmc.png,ldm_200,1,0.11715326337339037
diffusion_datasets/ldm_200/1_fake/iqiospmdok.png,ldm_200,1,0.0016121633847816586
diffusion_datasets/ldm_200/1_fake/gayjhkcdkw.png,ldm_200,1,0.0011214435852597109
diffusion_datasets/ldm_200/1_fake/rpwhvvwxag.png,ldm_200,1,0.06498223159735397
diffusion_datasets/ldm_200/1_fake/wketmynlnj.png,ldm_200,1,0.19482566715240618
diffusion_datasets/ldm_200/1_fake/vsivgpmche.png,ldm_200,1,0.02148749231536216
diffusion_datasets/ldm_200/1_fake/oqgbxaotgn.png,ldm_200,1,0.00253275916222144
diffusion_datasets/ldm_200/1_fake/orgateeurw.png,ldm_200,1,0.047952495235393494
diffusion_datasets/ldm_200/1_fake/fgizsruyxb.png,ldm_200,1,0.1390483708560008
diffusion_datasets/ldm_200/1_fake/ftmhbluvwz.png,ldm_200,1,0.9762916830728791
diffusion_datasets/ldm_200/1_fake/temvvnfwvq.png,ldm_200,1,0.9787915581310491
diffusion_datasets/ldm_200/1_fake/kzaxlmhpyk.png,ldm_200,1,0.9761796113323139
diffusion_datasets/ldm_200/1_fake/mtftroydhh.png,ldm_200,1,0.9525957200073228
diffusion_datasets/ldm_200/1_fake/yaaqlxnzhi.png,ldm_200,1,0.8245894993800464
diffusion_datasets/ldm_200/1_fake/cyencgbdne.png,ldm_200,1,0.00221629689975024
diffusion_datasets/ldm_200/1_fake/crwemtqnoq.png,ldm_200,1,0.7466376525865615
diffusion_datasets/ldm_200/1_fake/bbupregfhp.png,ldm_200,1,0.008148448467377618
diffusion_datasets/ldm_200/1_fake/uqyyhogjkx.png,ldm_200,1,0.11928279540390681
diffusion_datasets/ldm_200/1_fake/pekxwkfhua.png,ldm_200,1,0.1399019815691628
diffusion_datasets/ldm_200/1_fake/dwgrruvbsz.png,ldm_200,1,0.9956523857890254
diffusion_datasets/ldm_200/1_fake/pjvqcnpfqy.png,ldm_200,1,0.4014318476135217
diffusion_datasets/ldm_200/1_fake/xiubxgyhcs.png,ldm_200,1,0.19143636954469018
diffusion_datasets/ldm_200/1_fake/ouirlfwsyx.png,ldm_200,1,0.15167094601353942
diffusion_datasets/ldm_200/1_fake/vpruwhsipu.png,ldm_200,1,0.015329124909722339
diffusion_datasets/ldm_200/1_fake/imkvcjrnck.png,ldm_200,1,0.3654159831633014
diffusion_datasets/ldm_200/1_fake/newahshtuc.png,ldm_200,1,0.0010469392188780177
diffusion_datasets/ldm_200/1_fake/aociqzuesd.png,ldm_200,1,0.6985902288263252
diffusion_datasets/ldm_200/1_fake/hhhwzgcieg.png,ldm_200,1,0.6302787793077227
diffusion_datasets/ldm_200/1_fake/utfokfmmbf.png,ldm_200,1,0.9116874038739018
diffusion_datasets/ldm_200/1_fake/shkxdbeqpn.png,ldm_200,1,0.7112832746715028
diffusion_datasets/ldm_200/1_fake/titltoewou.png,ldm_200,1,0.0011432019839736308
diffusion_datasets/ldm_200/1_fake/kxyebvmqsl.png,ldm_200,1,0.9985074614847342
diffusion_datasets/ldm_200/1_fake/eoacigirrk.png,ldm_200,1,0.22274116328211743
diffusion_datasets/ldm_200/1_fake/bxoicyhddk.png,ldm_200,1,0.35139340225576443
diffusion_datasets/ldm_200/1_fake/xoxubdjnhe.png,ldm_200,1,0.002351315820164048
diffusion_datasets/ldm_200/1_fake/pfvgbusewt.png,ldm_200,1,0.5211463418076996
diffusion_datasets/ldm_200/1_fake/cxjsjqusph.png,ldm_200,1,0.06456138333904798
diffusion_datasets/ldm_200/1_fake/hpmppyffov.png,ldm_200,1,0.3454308906218976
diffusion_datasets/ldm_200/1_fake/mkkaiicgks.png,ldm_200,1,0.507206105914675
diffusion_datasets/ldm_200/1_fake/ftojusbwcq.png,ldm_200,1,0.04768448835203009
diffusion_datasets/ldm_200/1_fake/uzjbonpwla.png,ldm_200,1,0.7088370569928871
diffusion_datasets/ldm_200/1_fake/clnogwmxno.png,ldm_200,1,0.13220961299476203
diffusion_datasets/ldm_200/1_fake/ynescstwdk.png,ldm_200,1,0.10249426375283183
diffusion_datasets/ldm_200/1_fake/vwsjebonhl.png,ldm_200,1,0.2904806195273755
diffusion_datasets/ldm_200/1_fake/sbuowwvzjw.png,ldm_200,1,0.8172936358036922
diffusion_datasets/ldm_200/1_fake/hectwezedz.png,ldm_200,1,0.12495503598535784
diffusion_datasets/ldm_200/1_fake/dimuqznulw.png,ldm_200,1,0.2878086277698806
diffusion_datasets/ldm_200/1_fake/myjibkfcjw.png,ldm_200,1,0.011831759421900349
diffusion_datasets/ldm_200/1_fake/vwkbynfcdl.png,ldm_200,1,0.9479923386168136
diffusion_datasets/ldm_200/1_fake/bjipeebzgu.png,ldm_200,1,0.016550281599757636
diffusion_datasets/ldm_200/1_fake/gsjragxgrg.png,ldm_200,1,0.9751751458137329
diffusion_datasets/ldm_200/1_fake/yfnrrhachx.png,ldm_200,1,0.2707479307873705
diffusion_datasets/ldm_200/1_fake/fuqmkbouip.png,ldm_200,1,0.9987674538706707
diffusion_datasets/ldm_200/1_fake/usrafpawra.png,ldm_200,1,0.9993739522069733
diffusion_datasets/ldm_200/1_fake/llaiteusmv.png,ldm_200,1,0.07056242080957595
diffusion_datasets/ldm_200/1_fake/zdteumqsqf.png,ldm_200,1,0.820378888149391
diffusion_datasets/ldm_200/1_fake/wipphellrw.png,ldm_200,1,0.7378610370635242
diffusion_datasets/ldm_200/1_fake/aadlygmazf.png,ldm_200,1,0.6209908992442321
diffusion_datasets/ldm_200/1_fake/cspmbvyjpm.png,ldm_200,1,0.056035885313968845
diffusion_datasets/ldm_200/1_fake/kwqbkshqjn.png,ldm_200,1,0.9814158414619707
diffusion_datasets/ldm_200/1_fake/kiimhjeatg.png,ldm_200,1,0.9994927732831271
diffusion_datasets/ldm_200/1_fake/kkqnltzvmr.png,ldm_200,1,0.0006452889149399422
diffusion_datasets/ldm_200/1_fake/bzuoezatge.png,ldm_200,1,0.5514812967654
diffusion_datasets/ldm_200/1_fake/dpsfehmqme.png,ldm_200,1,0.8316565958617962
diffusion_datasets/ldm_200/1_fake/ppufoaihkk.png,ldm_200,1,0.02003723480615594
diffusion_datasets/ldm_200/1_fake/xdpqtpwyiz.png,ldm_200,1,0.6601733077939935
diffusion_datasets/ldm_200/1_fake/nhmoimaaqz.png,ldm_200,1,0.1221081110635956
diffusion_datasets/ldm_200/1_fake/ccbrpvitlb.png,ldm_200,1,0.4578542231506978
diffusion_datasets/ldm_200/1_fake/rsekavebcp.png,ldm_200,1,0.6574074657063473
diffusion_datasets/ldm_200/1_fake/mbkwfjqeay.png,ldm_200,1,0.03998761023591182
diffusion_datasets/ldm_200/1_fake/hisyohahzi.png,ldm_200,1,0.9556380322944955
diffusion_datasets/ldm_200/1_fake/xvrgnnvmdu.png,ldm_200,1,0.11160624986495171
diffusion_datasets/ldm_200/1_fake/figfzyfhkt.png,ldm_200,1,0.9764684265631519
diffusion_datasets/ldm_200/1_fake/drnfeijjlp.png,ldm_200,1,0.16467564739964433
diffusion_datasets/ldm_200/1_fake/gropzgdcno.png,ldm_200,1,0.9702563513275188
diffusion_datasets/ldm_200/1_fake/ywhajfzors.png,ldm_200,1,0.1249050833166869
diffusion_datasets/ldm_200/1_fake/qtwdrpnjgz.png,ldm_200,1,0.05317293152734786
diffusion_datasets/ldm_200/1_fake/ajefhvvxek.png,ldm_200,1,1.4404201827271345e-05
diffusion_datasets/ldm_200/1_fake/bqeilhkbun.png,ldm_200,1,0.9321704772504751
diffusion_datasets/ldm_200/1_fake/qyjvmgdrmq.png,ldm_200,1,0.711952409020271
diffusion_datasets/ldm_200/1_fake/bbsnktsonl.png,ldm_200,1,0.023165200093275287
diffusion_datasets/ldm_200/1_fake/sevosnzutr.png,ldm_200,1,0.8948750732735398
diffusion_datasets/ldm_200/1_fake/npgjxoaxcz.png,ldm_200,1,0.999025674701895
diffusion_datasets/ldm_200/1_fake/jnifdomopt.png,ldm_200,1,0.9715279915393407
diffusion_datasets/ldm_200/1_fake/jgyprvacek.png,ldm_200,1,0.6180036056944558
diffusion_datasets/ldm_200/1_fake/jzcptodnmr.png,ldm_200,1,0.8386823154462593
diffusion_datasets/ldm_200/1_fake/vwklacfxmw.png,ldm_200,1,0.000305444996994459
diffusion_datasets/ldm_200/1_fake/bbdiioaqyn.png,ldm_200,1,1.5586918646284884e-06
diffusion_datasets/ldm_200/1_fake/nejpnuzhor.png,ldm_200,1,0.002064824469602265
diffusion_datasets/ldm_200/1_fake/umnlmiykjp.png,ldm_200,1,0.7745571598906634
diffusion_datasets/ldm_200/1_fake/cpyrataump.png,ldm_200,1,0.005292524822174349
diffusion_datasets/ldm_200/1_fake/awjhtixyqd.png,ldm_200,1,0.8056048592439449
diffusion_datasets/ldm_200/1_fake/qsndeimedb.png,ldm_200,1,5.803463726079549e-05
diffusion_datasets/ldm_200/1_fake/sltdkynkrd.png,ldm_200,1,0.9998990160038681
diffusion_datasets/ldm_200/1_fake/kysxvylzkk.png,ldm_200,1,0.19718143664411616
diffusion_datasets/ldm_200/1_fake/jmqnijkden.png,ldm_200,1,0.6288065448528829
diffusion_datasets/ldm_200/1_fake/bxmsmmxizq.png,ldm_200,1,0.0010620680041401283
diffusion_datasets/ldm_200/1_fake/iibymqusjk.png,ldm_200,1,0.00027317711989274275
diffusion_datasets/ldm_200/1_fake/xhhbffrquk.png,ldm_200,1,8.426408032961344e-05
diffusion_datasets/ldm_200/1_fake/jezlovnknx.png,ldm_200,1,0.9903824126337196
diffusion_datasets/ldm_200/1_fake/siheeokstl.png,ldm_200,1,0.744594973774563
diffusion_datasets/ldm_200/1_fake/ygbcaqrvep.png,ldm_200,1,0.6445302083615987
diffusion_datasets/ldm_200/1_fake/yxdmgabgrh.png,ldm_200,1,0.07386662875226077
diffusion_datasets/ldm_200/1_fake/bvbspxdfxz.png,ldm_200,1,0.035638612538468686
diffusion_datasets/ldm_200/1_fake/qsuodtmksx.png,ldm_200,1,0.9743308130767889
diffusion_datasets/ldm_200/1_fake/jdoqiuxxvj.png,ldm_200,1,0.00982201893670773
diffusion_datasets/ldm_200/1_fake/lakovwneny.png,ldm_200,1,0.9445147069116152
diffusion_datasets/ldm_200/1_fake/rdudakwwfl.png,ldm_200,1,0.9098800044756562
diffusion_datasets/ldm_200/1_fake/sxbarbxbis.png,ldm_200,1,0.8947262854868995
diffusion_datasets/ldm_200/1_fake/qwawgjhkcz.png,ldm_200,1,0.8473643472662475
diffusion_datasets/ldm_200/1_fake/nhlvajciai.png,ldm_200,1,0.9906923544222794
diffusion_datasets/ldm_200/1_fake/nhcqvlreou.png,ldm_200,1,0.5873909288491276
diffusion_datasets/ldm_200/1_fake/wsbyyiugsn.png,ldm_200,1,0.9556862824666857
diffusion_datasets/ldm_200/1_fake/eayzvzrytx.png,ldm_200,1,0.08882169876841411
diffusion_datasets/ldm_200/1_fake/vjkzbfozoo.png,ldm_200,1,0.24308052888266413
diffusion_datasets/ldm_200/1_fake/hjovhnpjdf.png,ldm_200,1,0.2866154520873443
diffusion_datasets/ldm_200/1_fake/fcgojsqxhw.png,ldm_200,1,0.8215652475898035
diffusion_datasets/ldm_200/1_fake/panagqebev.png,ldm_200,1,0.17028496382879899
diffusion_datasets/ldm_200/1_fake/vfhdjmajxv.png,ldm_200,1,0.19434406244315217
diffusion_datasets/ldm_200/1_fake/ivswfntzwh.png,ldm_200,1,0.009152421332705786
diffusion_datasets/ldm_200/1_fake/cmuzaenxtt.png,ldm_200,1,0.9210253713018531
diffusion_datasets/ldm_200/1_fake/gczswsnqpp.png,ldm_200,1,0.35921192813715225
diffusion_datasets/ldm_200/1_fake/oertmmpfuq.png,ldm_200,1,0.3662924218018696
diffusion_datasets/ldm_200/1_fake/sxbfuikltb.png,ldm_200,1,0.9764106491463531
diffusion_datasets/ldm_200/1_fake/pbblbgdzjz.png,ldm_200,1,0.9963617115391517
diffusion_datasets/ldm_200/1_fake/qtlexhtorg.png,ldm_200,1,0.934915897197347
diffusion_datasets/ldm_200/1_fake/hxyxqnzbzd.png,ldm_200,1,0.01644533033080448
diffusion_datasets/ldm_200/1_fake/jezexlfhiq.png,ldm_200,1,0.44223236367728586
diffusion_datasets/ldm_200/1_fake/oxkzwdrxay.png,ldm_200,1,0.00013218615981647842
diffusion_datasets/ldm_200/1_fake/fxxzogdrnu.png,ldm_200,1,0.0052114069263539745
diffusion_datasets/ldm_200/1_fake/tgzykjsqqa.png,ldm_200,1,0.9983051333504525
diffusion_datasets/ldm_200/1_fake/pcwvbmjrea.png,ldm_200,1,0.0008956592734787272
diffusion_datasets/ldm_200/1_fake/owymrcrmoo.png,ldm_200,1,0.13251289931931165
diffusion_datasets/ldm_200/1_fake/aowpbzokmp.png,ldm_200,1,0.7502549688371579
diffusion_datasets/ldm_200/1_fake/wrplkwvjrk.png,ldm_200,1,0.9812999113517958
diffusion_datasets/ldm_200/1_fake/mtclcgxdyh.png,ldm_200,1,0.8756219108254089
diffusion_datasets/ldm_200/1_fake/xnesojheqr.png,ldm_200,1,0.011562139135331514
diffusion_datasets/ldm_200/1_fake/yxyqoryjpu.png,ldm_200,1,0.8218084255385638
diffusion_datasets/ldm_200/1_fake/yecvsijdsn.png,ldm_200,1,0.32801464630865185
diffusion_datasets/ldm_200/1_fake/xvulqfblsf.png,ldm_200,1,0.9812276339354468
diffusion_datasets/ldm_200/1_fake/annkzxvqsz.png,ldm_200,1,0.6908300439548082
diffusion_datasets/ldm_200/1_fake/niehixqsig.png,ldm_200,1,0.7763900569581488
diffusion_datasets/ldm_200/1_fake/tptqwsoovh.png,ldm_200,1,0.00010833422666652508
diffusion_datasets/ldm_200/1_fake/zxaydtvcbx.png,ldm_200,1,0.00044767145153849156
diffusion_datasets/ldm_200/1_fake/iuwybjqiha.png,ldm_200,1,0.8224812428582
diffusion_datasets/ldm_200/1_fake/qaafihkbbk.png,ldm_200,1,0.2569615599196702
diffusion_datasets/ldm_200/1_fake/vocoamkcza.png,ldm_200,1,0.5930422173734763
diffusion_datasets/ldm_200/1_fake/likeehktbp.png,ldm_200,1,0.10465241660975991
diffusion_datasets/ldm_200/1_fake/eqtzpzsbnp.png,ldm_200,1,0.8229903325159267
diffusion_datasets/ldm_200/1_fake/iqruwytkxd.png,ldm_200,1,0.0004923913484665135
diffusion_datasets/ldm_200/1_fake/sgnnltafbd.png,ldm_200,1,0.9635614700049452
diffusion_datasets/ldm_200/1_fake/qtpttlawjz.png,ldm_200,1,0.03818286652065129
diffusion_datasets/ldm_200/1_fake/xfhgbduucl.png,ldm_200,1,0.9350983095428143
diffusion_datasets/ldm_200/1_fake/mfoxhwrofa.png,ldm_200,1,0.9771211042413439
diffusion_datasets/ldm_200/1_fake/mbtqfbwlry.png,ldm_200,1,0.210874627099438
diffusion_datasets/ldm_200/1_fake/ftobdflmuz.png,ldm_200,1,0.0012665959910118242
diffusion_datasets/ldm_200/1_fake/mfmhhrlxuy.png,ldm_200,1,0.3436503961442925
diffusion_datasets/ldm_200/1_fake/xqyjzhnfqu.png,ldm_200,1,0.9711169937578567
diffusion_datasets/ldm_200/1_fake/qpjsgmteke.png,ldm_200,1,0.00223982132257729
diffusion_datasets/ldm_200/1_fake/txviitvyvk.png,ldm_200,1,0.35720614141799445
diffusion_datasets/ldm_200/1_fake/sinwhncecv.png,ldm_200,1,0.4963979038220604
diffusion_datasets/ldm_200/1_fake/qgxnqynxwh.png,ldm_200,1,0.9994572876252533
diffusion_datasets/ldm_200/1_fake/njslnjximf.png,ldm_200,1,0.5004605244430183
diffusion_datasets/ldm_200/1_fake/ewspkgvjkv.png,ldm_200,1,0.02143767067948428
diffusion_datasets/ldm_200/1_fake/ciwgbjibcd.png,ldm_200,1,0.1173878032898069
diffusion_datasets/ldm_200/1_fake/smdvfqmevj.png,ldm_200,1,0.851187350836786
diffusion_datasets/ldm_200/1_fake/spuypppvyh.png,ldm_200,1,0.9303113544796762
diffusion_datasets/ldm_200/1_fake/yatxnhyhyw.png,ldm_200,1,0.5300216518393959
diffusion_datasets/ldm_200/1_fake/llmwutwhbl.png,ldm_200,1,0.9937731434673699
diffusion_datasets/ldm_200/1_fake/vrwfguctin.png,ldm_200,1,0.9941784137751322
diffusion_datasets/ldm_200/1_fake/uesrfqrmys.png,ldm_200,1,0.2747313274407529
diffusion_datasets/ldm_200/1_fake/muszivpifs.png,ldm_200,1,0.5657224025235964
diffusion_datasets/ldm_200/1_fake/zdqmadvhbl.png,ldm_200,1,0.5472042941634575
diffusion_datasets/ldm_200/1_fake/mzwodmlccu.png,ldm_200,1,0.08613836459275326
diffusion_datasets/ldm_200/1_fake/ikesdclcne.png,ldm_200,1,0.0031432153461749173
diffusion_datasets/ldm_200/1_fake/wcuupgwotu.png,ldm_200,1,0.6381407439421339
diffusion_datasets/ldm_200/1_fake/kgmqyotoqo.png,ldm_200,1,0.9942059296065807
diffusion_datasets/ldm_200/1_fake/ixykpgtooh.png,ldm_200,1,0.18214108976906787
diffusion_datasets/ldm_200/1_fake/tgkezflbjz.png,ldm_200,1,0.08454167742032678
diffusion_datasets/ldm_200/1_fake/lmbvfedfye.png,ldm_200,1,0.9766705598931665
diffusion_datasets/ldm_200/1_fake/gfdekurnbz.png,ldm_200,1,0.6316509560530655
diffusion_datasets/ldm_200/1_fake/rtbrwgwkho.png,ldm_200,1,0.0031005652863786877
diffusion_datasets/ldm_200/1_fake/splerbaidx.png,ldm_200,1,0.13217136870459026
diffusion_datasets/ldm_200/1_fake/wekyyrslyw.png,ldm_200,1,0.7816239142057712
diffusion_datasets/ldm_200/1_fake/kqmbpossfq.png,ldm_200,1,0.0033291374247678557
diffusion_datasets/ldm_200/1_fake/fwqtzyeait.png,ldm_200,1,0.9627262808302691
diffusion_datasets/ldm_200/1_fake/rlarzjlvnd.png,ldm_200,1,0.09601382037115166
diffusion_datasets/ldm_200/1_fake/adizyjvxam.png,ldm_200,1,0.0029592823719985584
diffusion_datasets/ldm_200/1_fake/jbteyioohc.png,ldm_200,1,0.004393881627334611
diffusion_datasets/ldm_200/1_fake/fihznganle.png,ldm_200,1,0.4687839771778898
diffusion_datasets/ldm_200/1_fake/krqkilakxw.png,ldm_200,1,0.40495022985539725
diffusion_datasets/ldm_200/1_fake/ascyfbgfmn.png,ldm_200,1,0.9980276405152924
diffusion_datasets/ldm_200/1_fake/wtzwjbopzy.png,ldm_200,1,0.053116912997130436
diffusion_datasets/ldm_200/1_fake/izuqfuuvtc.png,ldm_200,1,0.8535219725975461
diffusion_datasets/ldm_200/1_fake/crzzjqmtan.png,ldm_200,1,0.5398425665580281
diffusion_datasets/ldm_200/1_fake/kobditubhr.png,ldm_200,1,0.9357654359834819
diffusion_datasets/ldm_200/1_fake/nypkpjmzri.png,ldm_200,1,0.9320338717676881
diffusion_datasets/ldm_200/1_fake/nrzbgujfll.png,ldm_200,1,0.003973396342207037
diffusion_datasets/ldm_200/1_fake/pptvyzosrk.png,ldm_200,1,0.09339861322736363
diffusion_datasets/ldm_200/1_fake/gwwimiekeh.png,ldm_200,1,0.9786774360277959
diffusion_datasets/ldm_200/1_fake/gxvvzagtkn.png,ldm_200,1,0.0545947464333256
diffusion_datasets/ldm_200/1_fake/jrzuxwwxsh.png,ldm_200,1,0.7797614738902892
diffusion_datasets/ldm_200/1_fake/llbqajpkux.png,ldm_200,1,0.9955177088480093
diffusion_datasets/ldm_200/1_fake/psosqfwlqc.png,ldm_200,1,0.62105982305926
diffusion_datasets/ldm_200/1_fake/ddeuvxknie.png,ldm_200,1,0.0015286628404622136
diffusion_datasets/ldm_200/1_fake/fegqolkrls.png,ldm_200,1,0.005237399598983061
diffusion_datasets/ldm_200/1_fake/vcuznpgkuo.png,ldm_200,1,0.9856145236602544
diffusion_datasets/ldm_200/1_fake/hjshyxnjca.png,ldm_200,1,0.9887944416194959
diffusion_datasets/ldm_200/1_fake/iwkrlrqsbn.png,ldm_200,1,0.09808754653786218
diffusion_datasets/ldm_200/1_fake/vpokhpnoyy.png,ldm_200,1,0.00012190727351371328
diffusion_datasets/ldm_200/1_fake/spnummyudf.png,ldm_200,1,0.30051818839942196
diffusion_datasets/ldm_200/1_fake/nipnhttkcg.png,ldm_200,1,0.9647181738680595
diffusion_datasets/ldm_200/1_fake/fvbwueqmmc.png,ldm_200,1,0.15021033318877222
diffusion_datasets/ldm_200/1_fake/psvhorutyv.png,ldm_200,1,0.3335212978315666
diffusion_datasets/ldm_200/1_fake/oyxvwvxuzr.png,ldm_200,1,0.8369740877390124
diffusion_datasets/ldm_200/1_fake/vftoepxxkj.png,ldm_200,1,0.5922896251292851
diffusion_datasets/ldm_200/1_fake/rigaxqbjbr.png,ldm_200,1,0.885587254452953
diffusion_datasets/ldm_200/1_fake/eltlpjgnai.png,ldm_200,1,0.0006590472927756515
diffusion_datasets/ldm_200/1_fake/umhgkshvea.png,ldm_200,1,0.2798928526559275
diffusion_datasets/ldm_200/1_fake/fksurkvzeg.png,ldm_200,1,0.25175668188941364
diffusion_datasets/ldm_200/1_fake/njrelhtzux.png,ldm_200,1,0.4299356684628955
diffusion_datasets/ldm_200/1_fake/cmgdpkxuef.png,ldm_200,1,0.0002609983669585583
diffusion_datasets/ldm_200/1_fake/omsyxrsufp.png,ldm_200,1,0.612524414651211
diffusion_datasets/ldm_200/1_fake/dbmufhmuzs.png,ldm_200,1,0.8131827917736087
diffusion_datasets/ldm_200/1_fake/qbhxmjxsev.png,ldm_200,1,0.05960236413436754
diffusion_datasets/ldm_200/1_fake/nyrfgpglht.png,ldm_200,1,0.0006207502435860172
diffusion_datasets/ldm_200/1_fake/bsoomuiluf.png,ldm_200,1,0.5515956088726074
diffusion_datasets/ldm_200/1_fake/ifqwneltpg.png,ldm_200,1,0.13380950865300387
diffusion_datasets/ldm_200/1_fake/leadpebgwn.png,ldm_200,1,0.5914857403556318
diffusion_datasets/ldm_200/1_fake/ncyvrxsbym.png,ldm_200,1,0.010465281936998291
diffusion_datasets/ldm_200/1_fake/hbdtraluzp.png,ldm_200,1,0.9622073909209765
diffusion_datasets/ldm_200/1_fake/ktsfcdbxkp.png,ldm_200,1,0.8976114608200211
diffusion_datasets/ldm_200/1_fake/hiqkigzfrk.png,ldm_200,1,0.9373582663505453
diffusion_datasets/ldm_200/1_fake/qkkcelqgiq.png,ldm_200,1,0.4462771245987217
diffusion_datasets/ldm_200/1_fake/yytnnkmkun.png,ldm_200,1,0.9936481084878855
diffusion_datasets/ldm_200/1_fake/vmlzuywhlr.png,ldm_200,1,0.9977125692924304
diffusion_datasets/ldm_200/1_fake/dbifuulczh.png,ldm_200,1,0.44598427879450203
diffusion_datasets/ldm_200/1_fake/fzmzemtxkr.png,ldm_200,1,0.0060761779250391125
diffusion_datasets/ldm_200/1_fake/uwzfugbfno.png,ldm_200,1,0.090326735494472
diffusion_datasets/ldm_200/1_fake/fdetgrcfyf.png,ldm_200,1,0.8875791143612833
diffusion_datasets/ldm_200/1_fake/owavsapwhv.png,ldm_200,1,0.007892740221813802
diffusion_datasets/ldm_200/1_fake/xnidvmnavp.png,ldm_200,1,0.09202131652764796
diffusion_datasets/ldm_200/1_fake/ybpiflwjwj.png,ldm_200,1,0.2467935308241962
diffusion_datasets/ldm_200/1_fake/xjokdvoxpk.png,ldm_200,1,0.3865170672797965
diffusion_datasets/ldm_200/1_fake/vfjqbhhdhb.png,ldm_200,1,0.0689585241871942
diffusion_datasets/ldm_200/1_fake/hhlwjuqsbz.png,ldm_200,1,0.03648122097649214
diffusion_datasets/ldm_200/1_fake/pepkgtkonx.png,ldm_200,1,0.5157172074601639
diffusion_datasets/ldm_200/1_fake/lkealtdsyd.png,ldm_200,1,0.9781939497356269
diffusion_datasets/ldm_200/1_fake/nvglpmddru.png,ldm_200,1,0.00042619436132763407
diffusion_datasets/ldm_200/1_fake/rtiaijvnif.png,ldm_200,1,0.008678364555874523
diffusion_datasets/ldm_200/1_fake/ahnijblsap.png,ldm_200,1,0.9956573178864835
diffusion_datasets/ldm_200/1_fake/paozbcurkw.png,ldm_200,1,0.12110283721767734
diffusion_datasets/ldm_200/1_fake/pwhjtzqmis.png,ldm_200,1,0.013302330383964424
diffusion_datasets/ldm_200/1_fake/vispixnoqk.png,ldm_200,1,0.04859571680013064
diffusion_datasets/ldm_200/1_fake/cvohxivzjd.png,ldm_200,1,0.014416683795233549
diffusion_datasets/ldm_200/1_fake/hypftiguck.png,ldm_200,1,0.9971812109103655
diffusion_datasets/ldm_200/1_fake/hrdlxdegxy.png,ldm_200,1,0.44586185353784763
diffusion_datasets/ldm_200/1_fake/devyzpyxmr.png,ldm_200,1,0.009116490114689672
diffusion_datasets/ldm_200/1_fake/tbxpyvxjym.png,ldm_200,1,0.7331401301122047
diffusion_datasets/ldm_200/1_fake/nfysclasrr.png,ldm_200,1,0.0019575377269493133
diffusion_datasets/ldm_200/1_fake/odhzcmznnr.png,ldm_200,1,0.03533546479868303
diffusion_datasets/ldm_200/1_fake/ikiqryhfmf.png,ldm_200,1,0.011799668380222448
diffusion_datasets/ldm_200/1_fake/usipjcyjoy.png,ldm_200,1,9.168953635211182e-05
diffusion_datasets/ldm_200/1_fake/ybihqfczqf.png,ldm_200,1,0.7848892786716053
diffusion_datasets/ldm_200/1_fake/zrifjlbkwb.png,ldm_200,1,0.9854886199743684
diffusion_datasets/ldm_200/1_fake/jhuyduptth.png,ldm_200,1,0.5532685918766429
diffusion_datasets/ldm_200/1_fake/abaxzegfoi.png,ldm_200,1,0.16668450322955694
diffusion_datasets/ldm_200/1_fake/evwfvofdll.png,ldm_200,1,0.9828718433844529
diffusion_datasets/ldm_200/1_fake/yrantjwhqk.png,ldm_200,1,0.9959767632587389
diffusion_datasets/ldm_200/1_fake/lizvdcrrbp.png,ldm_200,1,0.9891414415734564
diffusion_datasets/ldm_200/1_fake/uvweqxeurs.png,ldm_200,1,0.9998389733384356
diffusion_datasets/ldm_200/1_fake/gdomuubpmo.png,ldm_200,1,0.002186428991138932
diffusion_datasets/ldm_200/1_fake/klcsuijwqh.png,ldm_200,1,0.6083278788782844
diffusion_datasets/ldm_200/1_fake/efgchmasis.png,ldm_200,1,0.03188435132903729
diffusion_datasets/ldm_200/1_fake/zynieagnms.png,ldm_200,1,0.2016673875618608
diffusion_datasets/ldm_200/1_fake/tvhyjyjvbi.png,ldm_200,1,0.41128823795517333
diffusion_datasets/ldm_200/1_fake/vkjmgldjai.png,ldm_200,1,0.07197759144707165
diffusion_datasets/ldm_200/1_fake/smlabsrifo.png,ldm_200,1,0.1131572402000597
diffusion_datasets/ldm_200/1_fake/dsxuevcdxk.png,ldm_200,1,0.006418911127353869
diffusion_datasets/ldm_200/1_fake/znxaufdjpv.png,ldm_200,1,0.7619189194154002
diffusion_datasets/ldm_200/1_fake/wbcncldemw.png,ldm_200,1,0.7935388377657903
diffusion_datasets/ldm_200/1_fake/olecerouzv.png,ldm_200,1,0.9773738021730822
diffusion_datasets/ldm_200/1_fake/ybpkzmxsoj.png,ldm_200,1,0.009951236380805074
diffusion_datasets/ldm_200/1_fake/jecdlrpjba.png,ldm_200,1,0.22933996947206656
diffusion_datasets/ldm_200/1_fake/lsvzbqhxgl.png,ldm_200,1,6.987611237036198e-05
diffusion_datasets/ldm_200/1_fake/msccvtyrqo.png,ldm_200,1,0.9913554557220482
diffusion_datasets/ldm_200/1_fake/oulguvnvpq.png,ldm_200,1,0.7879214088823812
diffusion_datasets/ldm_200/1_fake/ukoxsbspvb.png,ldm_200,1,0.08757273700119889
diffusion_datasets/ldm_200/1_fake/gaephzrdih.png,ldm_200,1,0.018562841167583912
diffusion_datasets/ldm_200/1_fake/rrcbbbylog.png,ldm_200,1,0.06694120207061266
diffusion_datasets/ldm_200/1_fake/lkwvbsljma.png,ldm_200,1,0.027426866507880492
diffusion_datasets/ldm_200/1_fake/xdudczawtx.png,ldm_200,1,0.9305360993044343
diffusion_datasets/ldm_200/1_fake/jrdflpqmct.png,ldm_200,1,0.015444459703583402
diffusion_datasets/ldm_200/1_fake/gaezkwugoh.png,ldm_200,1,0.3933101259756822
diffusion_datasets/ldm_200/1_fake/lxdnodpvuz.png,ldm_200,1,0.9864151747473768
diffusion_datasets/ldm_200/1_fake/rsiiuivgsv.png,ldm_200,1,0.15133607871664972
diffusion_datasets/ldm_200/1_fake/wkkhoodytf.png,ldm_200,1,0.98577391560611
diffusion_datasets/ldm_200/1_fake/yeysnhxrmp.png,ldm_200,1,0.9915533025151038
diffusion_datasets/ldm_200/1_fake/zbnbosutcn.png,ldm_200,1,0.08201704853934799
diffusion_datasets/ldm_200/1_fake/ovebmmaneb.png,ldm_200,1,0.2547452293142708
diffusion_datasets/ldm_200/1_fake/cubclpdlyb.png,ldm_200,1,0.00012534613136564045
diffusion_datasets/ldm_200/1_fake/ygsthmtuoh.png,ldm_200,1,0.7161247907455625
diffusion_datasets/ldm_200/1_fake/gnjefwyemy.png,ldm_200,1,0.9747696202461918
diffusion_datasets/ldm_200/1_fake/jirfxpsjiz.png,ldm_200,1,0.993574571456095
diffusion_datasets/ldm_200/1_fake/rakzbwxeme.png,ldm_200,1,0.9994501740829078
diffusion_datasets/ldm_200/1_fake/rxrwofckks.png,ldm_200,1,0.41726189380752615
diffusion_datasets/ldm_200/1_fake/xtupempfsd.png,ldm_200,1,0.05370814450260156
diffusion_datasets/ldm_200/1_fake/lgpvmdfncv.png,ldm_200,1,0.46291559391464654
diffusion_datasets/ldm_200/1_fake/sneggiimdk.png,ldm_200,1,0.6469188194377762
diffusion_datasets/ldm_200/1_fake/uzgkdnsvbt.png,ldm_200,1,0.0008323067120037899
diffusion_datasets/ldm_200/1_fake/idxzmkymeu.png,ldm_200,1,0.00522443474479827
diffusion_datasets/ldm_200/1_fake/rtkpyywobl.png,ldm_200,1,0.6986628989328536
diffusion_datasets/ldm_200/1_fake/skkprfujmw.png,ldm_200,1,0.0002041294177674384
diffusion_datasets/ldm_200/1_fake/ykyioyylud.png,ldm_200,1,0.012887686966465958
diffusion_datasets/ldm_200/1_fake/sdpkvjboba.png,ldm_200,1,0.24404280701564376
diffusion_datasets/ldm_200/1_fake/itvslvcuiy.png,ldm_200,1,0.22255799201273693
diffusion_datasets/ldm_200/1_fake/fjxuybiebs.png,ldm_200,1,0.8319418510853096
diffusion_datasets/ldm_200/1_fake/rpggiliowp.png,ldm_200,1,0.8856431436194042
diffusion_datasets/ldm_200/1_fake/timdfnwgho.png,ldm_200,1,0.993197027741789
diffusion_datasets/ldm_200/1_fake/qdnqcoyzar.png,ldm_200,1,0.0005166594758694575
diffusion_datasets/ldm_200/1_fake/bghliglwng.png,ldm_200,1,0.9565527385902883
diffusion_datasets/ldm_200/1_fake/gacytxnrbg.png,ldm_200,1,0.7697084866197886
diffusion_datasets/ldm_200/1_fake/fmlqvsmgwg.png,ldm_200,1,0.37444392630925294
diffusion_datasets/ldm_200/1_fake/vcbnrxukwp.png,ldm_200,1,0.9769894183326403
diffusion_datasets/ldm_200/1_fake/ranqpkoerl.png,ldm_200,1,0.7575960932185285
diffusion_datasets/ldm_200/1_fake/ttfwqkviia.png,ldm_200,1,0.015998772513175916
diffusion_datasets/ldm_200/1_fake/qgkzujpyka.png,ldm_200,1,0.009364282931123962
diffusion_datasets/ldm_200/1_fake/szocurmzdp.png,ldm_200,1,0.0010255628222394007
diffusion_datasets/ldm_200/1_fake/olxhrrlaut.png,ldm_200,1,0.19654994017271876
diffusion_datasets/ldm_200/1_fake/hnsubaglth.png,ldm_200,1,4.417212272716719e-05
diffusion_datasets/ldm_200/1_fake/xmyblzhwwh.png,ldm_200,1,0.05250100965077071
diffusion_datasets/ldm_200/1_fake/qhnjseyjbw.png,ldm_200,1,0.008842943724033646
diffusion_datasets/ldm_200/1_fake/pcudblgobu.png,ldm_200,1,0.22554650181413688
diffusion_datasets/ldm_200/1_fake/ayibbogxvl.png,ldm_200,1,0.958791179600103
diffusion_datasets/ldm_200/1_fake/dbcoycuiyt.png,ldm_200,1,0.6469244932920638
diffusion_datasets/ldm_200/1_fake/wfyfdsoqjb.png,ldm_200,1,0.5648433995381266
diffusion_datasets/ldm_200/1_fake/oqargxuywp.png,ldm_200,1,0.9968726633808029
diffusion_datasets/ldm_200/1_fake/ndjgpgfppo.png,ldm_200,1,0.36344419793746224
diffusion_datasets/ldm_200/1_fake/exoglvpvei.png,ldm_200,1,0.15336086711828198
diffusion_datasets/ldm_200/1_fake/vumdsauhht.png,ldm_200,1,0.1792218023591428
diffusion_datasets/ldm_200/1_fake/fneghrqtsf.png,ldm_200,1,0.999237916225174
diffusion_datasets/ldm_200/1_fake/ffuzczfqav.png,ldm_200,1,0.9347503933879505
diffusion_datasets/ldm_200/1_fake/tflsufulfn.png,ldm_200,1,0.015510265670173683
diffusion_datasets/ldm_200/1_fake/djumibnmaq.png,ldm_200,1,0.002893741888303457
diffusion_datasets/ldm_200/1_fake/bljmtryslc.png,ldm_200,1,0.825459270469296
diffusion_datasets/ldm_200/1_fake/wrmxjiicmz.png,ldm_200,1,2.3118392197625408e-05
diffusion_datasets/ldm_200/1_fake/jgmtkjqepx.png,ldm_200,1,0.8117534579388531
diffusion_datasets/ldm_200/1_fake/zoxknkpgoh.png,ldm_200,1,0.9867080216133725
diffusion_datasets/ldm_200/1_fake/tvdnjojlmh.png,ldm_200,1,0.028400401088600077
diffusion_datasets/ldm_200/1_fake/hcyfeanpao.png,ldm_200,1,0.37407621062790286
diffusion_datasets/ldm_200/1_fake/xxxlutdoia.png,ldm_200,1,0.8668646524974785
diffusion_datasets/ldm_200/1_fake/czkhjnfjgr.png,ldm_200,1,0.3052531664037436
diffusion_datasets/ldm_200/1_fake/qngsmynlht.png,ldm_200,1,0.586108480777703
diffusion_datasets/ldm_200/1_fake/szebyvzlqt.png,ldm_200,1,0.9880734830083334
diffusion_datasets/ldm_200/1_fake/utlevcsfzc.png,ldm_200,1,0.43133136065074285
diffusion_datasets/ldm_200/1_fake/qlhvuhhqol.png,ldm_200,1,0.12498455827043212
diffusion_datasets/ldm_200/1_fake/dhjedfczru.png,ldm_200,1,0.9979501104286693
diffusion_datasets/ldm_200/1_fake/dhepjncjkt.png,ldm_200,1,0.3936848567483676
diffusion_datasets/ldm_200/1_fake/tigzfxjaeg.png,ldm_200,1,0.06260566313506716
diffusion_datasets/ldm_200/1_fake/wiweponjic.png,ldm_200,1,0.07275296635161725
diffusion_datasets/ldm_200/1_fake/tycynadkoj.png,ldm_200,1,0.994630571291777
diffusion_datasets/ldm_200/1_fake/mtuopsldka.png,ldm_200,1,0.00022210780758156838
diffusion_datasets/ldm_200/1_fake/mhaimbeqgl.png,ldm_200,1,0.11296452089444564
diffusion_datasets/ldm_200/1_fake/qofcjlhwbv.png,ldm_200,1,0.5316040845143344
diffusion_datasets/ldm_200/1_fake/flislizwvd.png,ldm_200,1,0.3549115053292302
diffusion_datasets/ldm_200/1_fake/fvfgzexjcm.png,ldm_200,1,0.010702387219593497
diffusion_datasets/ldm_200/1_fake/fwnswugajt.png,ldm_200,1,0.9952328436751952
diffusion_datasets/ldm_200/1_fake/psvmrypqai.png,ldm_200,1,0.27459953372686163
diffusion_datasets/ldm_200/1_fake/jgcuwqiqsa.png,ldm_200,1,0.18820489137951113
diffusion_datasets/ldm_200/1_fake/gjpzqplype.png,ldm_200,1,0.9436206558318344
diffusion_datasets/ldm_200/1_fake/ycojahdoqs.png,ldm_200,1,0.002109009511192798
diffusion_datasets/ldm_200/1_fake/lvndezxcir.png,ldm_200,1,0.9191552134542487
diffusion_datasets/ldm_200/1_fake/vueczavslq.png,ldm_200,1,0.9931580673540416
diffusion_datasets/ldm_200/1_fake/hkjmvhgmso.png,ldm_200,1,0.0012329380853105597
diffusion_datasets/ldm_200/1_fake/swhkqaywlh.png,ldm_200,1,0.594107628673572
diffusion_datasets/ldm_200/1_fake/arfbiucpar.png,ldm_200,1,0.5428851085048244
diffusion_datasets/ldm_200/1_fake/njnnphhwll.png,ldm_200,1,0.6120430432246998
diffusion_datasets/ldm_200/1_fake/okuolqaypa.png,ldm_200,1,0.9615771251394545
diffusion_datasets/ldm_200/1_fake/rjddhlzmqd.png,ldm_200,1,0.9925817574437277
diffusion_datasets/ldm_200/1_fake/fnjmysjhqo.png,ldm_200,1,0.0038481228207131934
diffusion_datasets/ldm_200/1_fake/uxbuickkha.png,ldm_200,1,0.07487388493728588
diffusion_datasets/ldm_200/1_fake/htpewtqebr.png,ldm_200,1,0.7898260289295858
diffusion_datasets/ldm_200/1_fake/uvsazktssr.png,ldm_200,1,0.6618352366536281
diffusion_datasets/ldm_200/1_fake/yyfgzdkznw.png,ldm_200,1,0.05128463347446694
diffusion_datasets/ldm_200/1_fake/bbqlufpjnl.png,ldm_200,1,0.6064763146835086
diffusion_datasets/ldm_200/1_fake/jsytpmwrvb.png,ldm_200,1,0.495019047322471
diffusion_datasets/ldm_200/1_fake/ueoeojrsyj.png,ldm_200,1,0.04575284280052406
diffusion_datasets/ldm_200/1_fake/ogdtdsagel.png,ldm_200,1,7.681098686292226e-05
diffusion_datasets/ldm_200/1_fake/snjzonvpow.png,ldm_200,1,0.01982641804029083
diffusion_datasets/ldm_200/1_fake/djfymdweky.png,ldm_200,1,0.9985365966186687
diffusion_datasets/ldm_200/1_fake/jbsbxfrewb.png,ldm_200,1,0.013534086818112903
diffusion_datasets/ldm_200/1_fake/mltvjsqnjm.png,ldm_200,1,0.8505311199327215
diffusion_datasets/ldm_200/1_fake/gkbjdvwiuz.png,ldm_200,1,0.9867616010537591
diffusion_datasets/ldm_200/1_fake/yqqmbglayb.png,ldm_200,1,0.9653739335859411
diffusion_datasets/ldm_200/1_fake/hrayggkgxb.png,ldm_200,1,0.7576370266914747
diffusion_datasets/ldm_200/1_fake/sssvouruij.png,ldm_200,1,0.0008841590902616944
diffusion_datasets/ldm_200/1_fake/gxexzzlcld.png,ldm_200,1,0.02372493585256399
diffusion_datasets/ldm_200/1_fake/usxygmfmlb.png,ldm_200,1,0.007144390852370528
diffusion_datasets/ldm_200/1_fake/hdcbgrxqza.png,ldm_200,1,0.9579009697904796
diffusion_datasets/ldm_200/1_fake/mpozbazafp.png,ldm_200,1,0.02583316807474839
diffusion_datasets/ldm_200/1_fake/xuzzmcdpux.png,ldm_200,1,0.9256273064426438
diffusion_datasets/ldm_200/1_fake/dldztvvwrt.png,ldm_200,1,0.3736200596151622
diffusion_datasets/ldm_200/1_fake/hdtfurantf.png,ldm_200,1,0.1736811174173996
diffusion_datasets/ldm_200/1_fake/wgrmpdejfv.png,ldm_200,1,0.0028049158121221016
diffusion_datasets/ldm_200/1_fake/lqrkxsvuvt.png,ldm_200,1,0.712943273407374
diffusion_datasets/ldm_200/1_fake/dtvfjwtgbk.png,ldm_200,1,0.19789745968845301
diffusion_datasets/ldm_200/1_fake/vitzpaholy.png,ldm_200,1,0.03828322100344792
diffusion_datasets/ldm_200/1_fake/zniuujlsax.png,ldm_200,1,0.34623864527674536
diffusion_datasets/ldm_200/1_fake/ponotiiits.png,ldm_200,1,0.9619502554445215
diffusion_datasets/ldm_200/1_fake/gchslncruv.png,ldm_200,1,0.07300897191827513
diffusion_datasets/ldm_200/1_fake/vyjvqkrjmv.png,ldm_200,1,0.0004381843987194251
diffusion_datasets/ldm_200/1_fake/wsbgevekgf.png,ldm_200,1,0.2096813120170025
diffusion_datasets/ldm_200/1_fake/msdsnlzcre.png,ldm_200,1,0.13905236194920984
diffusion_datasets/ldm_200/1_fake/jefxajnwbk.png,ldm_200,1,0.17238636255467107
diffusion_datasets/ldm_200/1_fake/vipmyyceny.png,ldm_200,1,0.7460061045462614
diffusion_datasets/ldm_200/1_fake/slrtleyncm.png,ldm_200,1,0.09171896163079878
diffusion_datasets/ldm_200/1_fake/jpkbhfmhql.png,ldm_200,1,0.4187400502326031
diffusion_datasets/ldm_200/1_fake/mcsihazpje.png,ldm_200,1,0.25501263969600924
diffusion_datasets/ldm_200/1_fake/bulfplvjow.png,ldm_200,1,0.26676345069120183
diffusion_datasets/ldm_200/1_fake/rjdnzhbvwc.png,ldm_200,1,0.03410603646543962
diffusion_datasets/ldm_200/1_fake/ruyafogtjk.png,ldm_200,1,0.7154306005628887
diffusion_datasets/ldm_200/1_fake/gudkwzmgfo.png,ldm_200,1,0.018019502481702573
diffusion_datasets/ldm_200/1_fake/rbihqctsdb.png,ldm_200,1,0.010864345300484165
diffusion_datasets/ldm_200/1_fake/hnfbzeaoqb.png,ldm_200,1,0.36428652866909106
diffusion_datasets/ldm_200/1_fake/xbwwtavscv.png,ldm_200,1,0.999552786380766
diffusion_datasets/ldm_200/1_fake/ugrxyyeknx.png,ldm_200,1,0.5198047730775516
diffusion_datasets/ldm_200/1_fake/frrzmsczog.png,ldm_200,1,0.013244241061793834
diffusion_datasets/ldm_200/1_fake/vblsrmonrr.png,ldm_200,1,0.8808553741307509
diffusion_datasets/ldm_200/1_fake/ykhbfkbqqc.png,ldm_200,1,0.000218596337251044
diffusion_datasets/ldm_200/1_fake/xpdelxvksw.png,ldm_200,1,0.47898285870617663
diffusion_datasets/ldm_200/1_fake/vofhkesmtv.png,ldm_200,1,0.6097127234393313
diffusion_datasets/ldm_200/1_fake/qbannzwxnv.png,ldm_200,1,0.09957346042025526
diffusion_datasets/ldm_200/1_fake/dsxzmqgrfv.png,ldm_200,1,0.8939250843008624
diffusion_datasets/ldm_200/1_fake/gckzbyionz.png,ldm_200,1,0.5703424400619915
diffusion_datasets/ldm_200/1_fake/aqfnjpltvb.png,ldm_200,1,9.246543142001883e-05
diffusion_datasets/ldm_200/1_fake/nnuuhindgj.png,ldm_200,1,0.9194806497381893
diffusion_datasets/ldm_200/1_fake/lfpytrxtnd.png,ldm_200,1,0.1915867735601104
diffusion_datasets/ldm_200/1_fake/hsvrfsodig.png,ldm_200,1,0.15611204970886947
diffusion_datasets/ldm_200/1_fake/ohycivlfdy.png,ldm_200,1,7.680777370044136e-05
diffusion_datasets/ldm_200/1_fake/zzrybysskm.png,ldm_200,1,0.007708757688301619
diffusion_datasets/ldm_200/1_fake/xnyhohvpna.png,ldm_200,1,0.0006320727097447035
diffusion_datasets/ldm_200/1_fake/enrmnsxepz.png,ldm_200,1,0.991762428213421
diffusion_datasets/ldm_200/1_fake/pcuxcikgcq.png,ldm_200,1,5.835114981558291e-05
diffusion_datasets/ldm_200/1_fake/clutkoqhvu.png,ldm_200,1,0.9918945465454064
diffusion_datasets/ldm_200/1_fake/amthaokcfg.png,ldm_200,1,0.007230380873886683
diffusion_datasets/ldm_200/1_fake/kvomczokut.png,ldm_200,1,0.0005932398339738262
diffusion_datasets/ldm_200/1_fake/uyfkdpzowl.png,ldm_200,1,0.872341581036161
diffusion_datasets/ldm_200/1_fake/uydofqnwdz.png,ldm_200,1,0.0002194233598031611
diffusion_datasets/ldm_200/1_fake/wotrziuyhj.png,ldm_200,1,0.0035719136027831297
diffusion_datasets/ldm_200/1_fake/ntwekxxoly.png,ldm_200,1,0.5965504836071963
diffusion_datasets/ldm_200/1_fake/mnbrpiakwa.png,ldm_200,1,0.5733183945362382
diffusion_datasets/ldm_200/1_fake/aqdcxmcowi.png,ldm_200,1,0.22205632175220427
diffusion_datasets/ldm_200/1_fake/jqnuoffbtb.png,ldm_200,1,0.072361600854941
diffusion_datasets/ldm_200/1_fake/gzzhkwcczo.png,ldm_200,1,0.8781403638746509
diffusion_datasets/ldm_200/1_fake/fjyemnydtk.png,ldm_200,1,0.006987939898437872
diffusion_datasets/ldm_200/1_fake/fgbgiwekim.png,ldm_200,1,0.001497765454576224
diffusion_datasets/ldm_200/1_fake/eaesoxacae.png,ldm_200,1,0.18860921174627499
diffusion_datasets/ldm_200/1_fake/rdtvftkyww.png,ldm_200,1,2.7742215245294737e-06
diffusion_datasets/ldm_200/1_fake/jkepwzmrqu.png,ldm_200,1,0.005310781513380742
diffusion_datasets/ldm_200/1_fake/kbpanibqgu.png,ldm_200,1,0.8006049399061084
diffusion_datasets/ldm_200/1_fake/etawvbajib.png,ldm_200,1,0.5116931979445851
diffusion_datasets/ldm_200/1_fake/ypdjyjlopx.png,ldm_200,1,0.5909364295659486
diffusion_datasets/ldm_200/1_fake/nkdchwutlw.png,ldm_200,1,0.13009136354073078
diffusion_datasets/ldm_200/1_fake/ayzndlluru.png,ldm_200,1,0.046640518340617006
diffusion_datasets/ldm_200/1_fake/bfiknazsha.png,ldm_200,1,0.023007275374505774
diffusion_datasets/ldm_200/1_fake/nhlzsfyryf.png,ldm_200,1,0.008946906406084656
diffusion_datasets/ldm_200/1_fake/asxtxajrfc.png,ldm_200,1,0.016347055376624998
diffusion_datasets/ldm_200/1_fake/zchftlmgnh.png,ldm_200,1,0.7053480175137915
diffusion_datasets/ldm_200/1_fake/zmqpqnavds.png,ldm_200,1,0.937606299741713
diffusion_datasets/ldm_200/1_fake/mfcceezfwn.png,ldm_200,1,0.9953227542778376
diffusion_datasets/ldm_200/1_fake/kpzyfbuxhi.png,ldm_200,1,0.0006814976102419043
diffusion_datasets/ldm_200/1_fake/lpofppxlqt.png,ldm_200,1,0.2531109086325373
diffusion_datasets/ldm_200/1_fake/gyzuhrjhfj.png,ldm_200,1,0.9166032998275451
diffusion_datasets/ldm_200/1_fake/bhlyixirpi.png,ldm_200,1,0.09319213611950405
diffusion_datasets/ldm_200/1_fake/yyrtmboyuo.png,ldm_200,1,0.00084560866473152
diffusion_datasets/ldm_200/1_fake/jfqdxkbnuz.png,ldm_200,1,0.9724904312147524
diffusion_datasets/ldm_200/1_fake/qvldneoiwj.png,ldm_200,1,0.9948595259513491
diffusion_datasets/ldm_200/1_fake/flzalpsilp.png,ldm_200,1,0.7141264426881219
