path,domain,label,ai_score
diffusion_datasets/guided/1_fake/lnavxqqxfa.png,guided,1,0.9661887937863316
diffusion_datasets/guided/1_fake/eolimvhygz.png,guided,1,0.433570499128809
diffusion_datasets/guided/1_fake/nkdchwutlw.png,guided,1,0.016047935871772463
diffusion_datasets/guided/1_fake/eoacigirrk.png,guided,1,0.3644123724258914
diffusion_datasets/guided/1_fake/msccvtyrqo.png,guided,1,4.115355859838444e-05
diffusion_datasets/guided/1_fake/cmjapngcpn.png,guided,1,0.23709989546362883
diffusion_datasets/guided/1_fake/vrwfguctin.png,guided,1,0.007795648555112529
diffusion_datasets/guided/1_fake/slrtleyncm.png,guided,1,0.7039373074692801
diffusion_datasets/guided/1_fake/jkepwzmrqu.png,guided,1,0.9052023087670943
diffusion_datasets/guided/1_fake/fwnswugajt.png,guided,1,0.0074896446324313306
diffusion_datasets/guided/1_fake/jgcuwqiqsa.png,guided,1,0.0429202472954093
diffusion_datasets/guided/1_fake/kjkmmniwcv.png,guided,1,0.008109368507023903
diffusion_datasets/guided/1_fake/aowpbzokmp.png,guided,1,0.974711846657523
diffusion_datasets/guided/1_fake/pjvqcnpfqy.png,guided,1,0.1714465204283996
diffusion_datasets/guided/1_fake/mpzjrdeutv.png,guided,1,0.8492455153595201
diffusion_datasets/guided/1_fake/mcrhlmdumo.png,guided,1,0.3023382559613078
diffusion_datasets/guided/1_fake/oaepibbwpe.png,guided,1,0.0007963392023213618
diffusion_datasets/guided/1_fake/aujwkgbadp.png,guided,1,0.0007956273795283053
diffusion_datasets/guided/1_fake/hzrxscnjew.png,guided,1,0.45648843588336985
diffusion_datasets/guided/1_fake/tknxjephgy.png,guided,1,0.9876006627668851
diffusion_datasets/guided/1_fake/ttwsrquzox.png,guided,1,0.8761266775881366
diffusion_datasets/guided/1_fake/ixykpgtooh.png,guided,1,0.14921804582539588
diffusion_datasets/guided/1_fake/hnfbzeaoqb.png,guided,1,0.9588552213044067
diffusion_datasets/guided/1_fake/gczswsnqpp.png,guided,1,0.956458975067612
diffusion_datasets/guided/1_fake/ikpmthprsw.png,guided,1,0.9999392688792994
diffusion_datasets/guided/1_fake/vmjmkqeggv.png,guided,1,0.7984736476068385
diffusion_datasets/guided/1_fake/ltwpiurdob.png,guided,1,0.7152049322120347
diffusion_datasets/guided/1_fake/clutkoqhvu.png,guided,1,0.7768135877502742
diffusion_datasets/guided/1_fake/qnqvwdpmam.png,guided,1,0.9952191716378352
diffusion_datasets/guided/1_fake/fzmzemtxkr.png,guided,1,0.8938875818595897
diffusion_datasets/guided/1_fake/kxyebvmqsl.png,guided,1,0.0015036694132765848
diffusion_datasets/guided/1_fake/jrzuxwwxsh.png,guided,1,0.00024297502605724006
diffusion_datasets/guided/1_fake/lavlfbgnkn.png,guided,1,0.8206076339122244
diffusion_datasets/guided/1_fake/amcjhcqbxr.png,guided,1,0.5816869637971683
diffusion_datasets/guided/1_fake/cbmykoukdb.png,guided,1,0.08564551086500864
diffusion_datasets/guided/1_fake/hjovhnpjdf.png,guided,1,0.8471854363351785
diffusion_datasets/guided/1_fake/picuojlsec.png,guided,1,0.8743595486891931
diffusion_datasets/guided/1_fake/jhnzthaool.png,guided,1,0.02808211917444876
diffusion_datasets/guided/1_fake/adizyjvxam.png,guided,1,0.06741270489988592
diffusion_datasets/guided/1_fake/gjpzqplype.png,guided,1,0.008079712343627973
diffusion_datasets/guided/1_fake/vwklacfxmw.png,guided,1,0.5605239898748519
diffusion_datasets/guided/1_fake/lvsgpxrabw.png,guided,1,0.011086713046344704
diffusion_datasets/guided/1_fake/yvwtaordyd.png,guided,1,0.9288818635849886
diffusion_datasets/guided/1_fake/lfpytrxtnd.png,guided,1,0.08675543050916525
diffusion_datasets/guided/1_fake/jnrpfsvjdm.png,guided,1,0.9760343211382095
diffusion_datasets/guided/1_fake/xucelwnaqz.png,guided,1,0.816394821445722
diffusion_datasets/guided/1_fake/ayzndlluru.png,guided,1,0.008961101363522945
diffusion_datasets/guided/1_fake/fnjmysjhqo.png,guided,1,0.6829203245124402
diffusion_datasets/guided/1_fake/rtbrwgwkho.png,guided,1,0.6444267618598635
diffusion_datasets/guided/1_fake/pbblbgdzjz.png,guided,1,0.7027617013097467
diffusion_datasets/guided/1_fake/zxaydtvcbx.png,guided,1,0.056436500643568616
diffusion_datasets/guided/1_fake/asxtxajrfc.png,guided,1,0.00018718213669617105
diffusion_datasets/guided/1_fake/jvctzionai.png,guided,1,0.9211308848358222
diffusion_datasets/guided/1_fake/timdfnwgho.png,guided,1,0.016789921451941397
diffusion_datasets/guided/1_fake/pfvgbusewt.png,guided,1,0.02167986951736359
diffusion_datasets/guided/1_fake/ulpnibnvvc.png,guided,1,0.001990683850093951
diffusion_datasets/guided/1_fake/xphjlaxygh.png,guided,1,0.43169947611361026
diffusion_datasets/guided/1_fake/qafswzymfy.png,guided,1,0.9738484597240259
diffusion_datasets/guided/1_fake/kgmqyotoqo.png,guided,1,0.2738805994091259
diffusion_datasets/guided/1_fake/bbdiioaqyn.png,guided,1,0.6554278607113698
diffusion_datasets/guided/1_fake/apwufqzgrg.png,guided,1,0.49515888499831373
diffusion_datasets/guided/1_fake/lttnaabznd.png,guided,1,0.37613317864300816
diffusion_datasets/guided/1_fake/raxqxyzhrc.png,guided,1,0.9470756941085591
diffusion_datasets/guided/1_fake/mfmhhrlxuy.png,guided,1,0.8793437886934816
diffusion_datasets/guided/1_fake/bulfplvjow.png,guided,1,0.9991616319047687
diffusion_datasets/guided/1_fake/ybbbdeihcf.png,guided,1,0.06541941402827255
diffusion_datasets/guided/1_fake/qlhvuhhqol.png,guided,1,0.17237330859523414
diffusion_datasets/guided/1_fake/xdudczawtx.png,guided,1,0.10164726450683763
diffusion_datasets/guided/1_fake/vcbnrxukwp.png,guided,1,0.012886377176976863
diffusion_datasets/guided/1_fake/ifqwneltpg.png,guided,1,0.6830717306678894
diffusion_datasets/guided/1_fake/psosqfwlqc.png,guided,1,0.24102531539759808
diffusion_datasets/guided/1_fake/znwafizosm.png,guided,1,0.06915329486675964
diffusion_datasets/guided/1_fake/qsndeimedb.png,guided,1,0.002288940742848168
diffusion_datasets/guided/1_fake/ajefhvvxek.png,guided,1,0.023119238214592885
diffusion_datasets/guided/1_fake/jgvhyrcgyx.png,guided,1,0.7347508032625774
diffusion_datasets/guided/1_fake/kbpanibqgu.png,guided,1,0.9970996990284626
diffusion_datasets/guided/1_fake/gzmbdszeyt.png,guided,1,0.0464580529141374
diffusion_datasets/guided/1_fake/dtoeuxdocm.png,guided,1,0.8876521420667658
diffusion_datasets/guided/1_fake/jckrxjozhx.png,guided,1,0.931465408281252
diffusion_datasets/guided/1_fake/nyrfgpglht.png,guided,1,0.03826106682513976
diffusion_datasets/guided/1_fake/pvrfveosdy.png,guided,1,0.2971934488309013
diffusion_datasets/guided/1_fake/zatnelrcct.png,guided,1,0.1155093912070322
diffusion_datasets/guided/1_fake/nhmcszkgcq.png,guided,1,0.0005242402267676136
diffusion_datasets/guided/1_fake/yyrtmboyuo.png,guided,1,0.4182612654911715
diffusion_datasets/guided/1_fake/lsdusudljb.png,guided,1,0.5830652755518314
diffusion_datasets/guided/1_fake/bnhkqppcfl.png,guided,1,0.8935996076878235
diffusion_datasets/guided/1_fake/cspmbvyjpm.png,guided,1,0.02891120665016475
diffusion_datasets/guided/1_fake/wrxxltdsxi.png,guided,1,0.002072680018902965
diffusion_datasets/guided/1_fake/efykeyysvi.png,guided,1,0.00043382500473775504
diffusion_datasets/guided/1_fake/usrafpawra.png,guided,1,0.44361019426781584
diffusion_datasets/guided/1_fake/snkshpixle.png,guided,1,0.001609478604124075
diffusion_datasets/guided/1_fake/izrfhzbwzc.png,guided,1,0.015480982759616393
diffusion_datasets/guided/1_fake/iedkqtkbtj.png,guided,1,0.1393165222768745
diffusion_datasets/guided/1_fake/rzrzcujvqg.png,guided,1,0.0003930607784937474
diffusion_datasets/guided/1_fake/klcsuijwqh.png,guided,1,0.9989170876413123
diffusion_datasets/guided/1_fake/bljmtryslc.png,guided,1,0.19950989397557678
diffusion_datasets/guided/1_fake/muszivpifs.png,guided,1,0.0001637330124268964
diffusion_datasets/guided/1_fake/myekqhvgnw.png,guided,1,0.7866331502444133
diffusion_datasets/guided/1_fake/umnlmiykjp.png,guided,1,0.411091525078987
diffusion_datasets/guided/1_fake/vfhdjmajxv.png,guided,1,0.2236924233453413
diffusion_datasets/guided/1_fake/enmfgbxzpf.png,guided,1,0.1939652108412047
diffusion_datasets/guided/1_fake/wjvuvyodzv.png,guided,1,0.02279519324605221
diffusion_datasets/guided/1_fake/fksurkvzeg.png,guided,1,0.9908790200034716
diffusion_datasets/guided/1_fake/hypftiguck.png,guided,1,0.8869714633227618
diffusion_datasets/guided/1_fake/aofcqpcyfk.png,guided,1,0.8590502302172484
diffusion_datasets/guided/1_fake/bolqiuvdbo.png,guided,1,0.011463224512878952
diffusion_datasets/guided/1_fake/whqsatsqum.png,guided,1,0.17637795863289163
diffusion_datasets/guided/1_fake/bxmsmmxizq.png,guided,1,9.549482200374585e-05
diffusion_datasets/guided/1_fake/eowkckioii.png,guided,1,0.1564140722320472
diffusion_datasets/guided/1_fake/drpsdefmzh.png,guided,1,0.07829701572019547
diffusion_datasets/guided/1_fake/yjjufldsnq.png,guided,1,0.2364041496801961
diffusion_datasets/guided/1_fake/hmasnickhh.png,guided,1,0.00032683615083677
diffusion_datasets/guided/1_fake/siheeokstl.png,guided,1,0.0013506373347686395
diffusion_datasets/guided/1_fake/sgggkqzghg.png,guided,1,0.8344375846562486
diffusion_datasets/guided/1_fake/sjezxhpiwr.png,guided,1,0.9684928009804789
diffusion_datasets/guided/1_fake/ueehiquixb.png,guided,1,0.9976198102983448
diffusion_datasets/guided/1_fake/yldbjbxfzj.png,guided,1,0.28757527718109743
diffusion_datasets/guided/1_fake/czqsnkbvng.png,guided,1,0.35049781681349906
diffusion_datasets/guided/1_fake/snjzonvpow.png,guided,1,0.4881670138504816
diffusion_datasets/guided/1_fake/bjipeebzgu.png,guided,1,0.9186218701046627
diffusion_datasets/guided/1_fake/bqeilhkbun.png,guided,1,0.02259663715509865
diffusion_datasets/guided/1_fake/gkbjdvwiuz.png,guided,1,0.020793383041348125
diffusion_datasets/guided/1_fake/jsozceeudr.png,guided,1,0.007825028002361902
diffusion_datasets/guided/1_fake/vqrdytkinp.png,guided,1,0.03801839563975467
diffusion_datasets/guided/1_fake/tzirqivkgc.png,guided,1,0.15475806782606344
diffusion_datasets/guided/1_fake/zniuujlsax.png,guided,1,0.0027523771418423238
diffusion_datasets/guided/1_fake/oxkzwdrxay.png,guided,1,0.006262973154558467
diffusion_datasets/guided/1_fake/fvfgzexjcm.png,guided,1,0.9668238258238595
diffusion_datasets/guided/1_fake/msujwlrujo.png,guided,1,0.08459403918561235
diffusion_datasets/guided/1_fake/iwkrlrqsbn.png,guided,1,0.46273221583665985
diffusion_datasets/guided/1_fake/ommdrgxtbr.png,guided,1,0.08943236048529962
diffusion_datasets/guided/1_fake/aadlygmazf.png,guided,1,0.35553712130101
diffusion_datasets/guided/1_fake/wzdhwjmvgy.png,guided,1,0.7764763377095104
diffusion_datasets/guided/1_fake/lxlphyyeaw.png,guided,1,0.00226216792462275
diffusion_datasets/guided/1_fake/enrmnsxepz.png,guided,1,0.14704096894309565
diffusion_datasets/guided/1_fake/jeyotfdecp.png,guided,1,0.05559378686259088
diffusion_datasets/guided/1_fake/ahnijblsap.png,guided,1,0.7542391591026967
diffusion_datasets/guided/1_fake/etiolecymt.png,guided,1,0.02029341342746549
diffusion_datasets/guided/1_fake/nrzbgujfll.png,guided,1,0.10507333404533782
diffusion_datasets/guided/1_fake/fjyemnydtk.png,guided,1,0.842332820851675
diffusion_datasets/guided/1_fake/zacjdmmloj.png,guided,1,0.0007227837209772463
diffusion_datasets/guided/1_fake/awjhtixyqd.png,guided,1,0.007025840219278237
diffusion_datasets/guided/1_fake/pwhjtzqmis.png,guided,1,0.9626104396645789
diffusion_datasets/guided/1_fake/fmlqvsmgwg.png,guided,1,0.8566231319537055
diffusion_datasets/guided/1_fake/vfjqbhhdhb.png,guided,1,0.42964073174543005
diffusion_datasets/guided/1_fake/ybpkzmxsoj.png,guided,1,0.17065535862179898
diffusion_datasets/guided/1_fake/hdtfurantf.png,guided,1,0.005433743997146364
diffusion_datasets/guided/1_fake/vitzpaholy.png,guided,1,0.2507811558082653
diffusion_datasets/guided/1_fake/gsjragxgrg.png,guided,1,0.7056017941093073
diffusion_datasets/guided/1_fake/npfhwxylge.png,guided,1,0.9709832767632111
diffusion_datasets/guided/1_fake/ynescstwdk.png,guided,1,0.0003396135585564116
diffusion_datasets/guided/1_fake/sevosnzutr.png,guided,1,0.13472491916243265
diffusion_datasets/guided/1_fake/bxoicyhddk.png,guided,1,0.9967828996128494
diffusion_datasets/guided/1_fake/opueqmfkcd.png,guided,1,0.9930725565439217
diffusion_datasets/guided/1_fake/jecdlrpjba.png,guided,1,0.00714959713952419
diffusion_datasets/guided/1_fake/surgjkswmj.png,guided,1,0.0015020100791945622
diffusion_datasets/guided/1_fake/ohycivlfdy.png,guided,1,0.10687979856821439
diffusion_datasets/guided/1_fake/ajaqvfgsih.png,guided,1,0.42911297382115887
diffusion_datasets/guided/1_fake/xuzzmcdpux.png,guided,1,0.22597564374587473
diffusion_datasets/guided/1_fake/msdsnlzcre.png,guided,1,0.02152548658698789
diffusion_datasets/guided/1_fake/jhnbcswvmq.png,guided,1,0.008743967949813249
diffusion_datasets/guided/1_fake/rakzbwxeme.png,guided,1,0.013908408270036551
diffusion_datasets/guided/1_fake/llaiteusmv.png,guided,1,0.6533159497711949
diffusion_datasets/guided/1_fake/ucxiudybpx.png,guided,1,0.9051200337423126
diffusion_datasets/guided/1_fake/ybpiflwjwj.png,guided,1,0.1325822341557515
diffusion_datasets/guided/1_fake/uzgkdnsvbt.png,guided,1,0.4959937771492606
diffusion_datasets/guided/1_fake/dpsfehmqme.png,guided,1,0.9061147506753621
diffusion_datasets/guided/1_fake/wxhrxapobk.png,guided,1,0.1051546744738432
diffusion_datasets/guided/1_fake/gufjiiwgrf.png,guided,1,0.5522325931860016
diffusion_datasets/guided/1_fake/eelzocmtws.png,guided,1,0.0003852733436780215
diffusion_datasets/guided/1_fake/gtjyzhcqoi.png,guided,1,0.5614250104660162
diffusion_datasets/guided/1_fake/ppufoaihkk.png,guided,1,0.646323620856635
diffusion_datasets/guided/1_fake/ponotiiits.png,guided,1,0.00019039876660648198
diffusion_datasets/guided/1_fake/tibxcunvom.png,guided,1,0.03986280776725583
diffusion_datasets/guided/1_fake/wdxoxbbogy.png,guided,1,0.12702867611413732
diffusion_datasets/guided/1_fake/xbftnrscst.png,guided,1,0.9773692581689726
diffusion_datasets/guided/1_fake/njfscemusa.png,guided,1,0.019233748012476556
diffusion_datasets/guided/1_fake/ujtxojadtt.png,guided,1,0.024377084521681695
diffusion_datasets/guided/1_fake/hnihvkmnje.png,guided,1,0.019551846985557036
diffusion_datasets/guided/1_fake/xqyjzhnfqu.png,guided,1,0.8188453407741617
diffusion_datasets/guided/1_fake/njnnphhwll.png,guided,1,0.006963757743099178
diffusion_datasets/guided/1_fake/gudkwzmgfo.png,guided,1,0.9399517458638528
diffusion_datasets/guided/1_fake/orgclftabd.png,guided,1,0.16620732016197937
diffusion_datasets/guided/1_fake/zwkapmobkx.png,guided,1,0.98921207410153
diffusion_datasets/guided/1_fake/qqdphhznqg.png,guided,1,0.0025638582077164196
diffusion_datasets/guided/1_fake/pepkgtkonx.png,guided,1,0.7826772808600306
diffusion_datasets/guided/1_fake/stzvgskice.png,guided,1,0.20707692062318636
diffusion_datasets/guided/1_fake/irwxnqcndk.png,guided,1,0.999859384041135
diffusion_datasets/guided/1_fake/nrglavnpuu.png,guided,1,0.04733350487055125
diffusion_datasets/guided/1_fake/tdegwqcdxk.png,guided,1,0.8011032165345905
diffusion_datasets/guided/1_fake/gbkfcdebke.png,guided,1,0.20382823944202227
diffusion_datasets/guided/1_fake/idvfzzxvyh.png,guided,1,0.08402531604906482
diffusion_datasets/guided/1_fake/gvvfxpftgt.png,guided,1,0.10379135983454926
diffusion_datasets/guided/1_fake/fjxuybiebs.png,guided,1,0.024763156043133047
diffusion_datasets/guided/1_fake/rjddhlzmqd.png,guided,1,0.9236425944544
diffusion_datasets/guided/1_fake/pcudblgobu.png,guided,1,0.003588695007417596
diffusion_datasets/guided/1_fake/cpyrataump.png,guided,1,0.11026827165226691
diffusion_datasets/guided/1_fake/tfubqflahj.png,guided,1,0.07092505329637597
diffusion_datasets/guided/1_fake/ughldndbio.png,guided,1,0.00022664084076357553
diffusion_datasets/guided/1_fake/ukcwfevbtz.png,guided,1,0.03483995488725828
diffusion_datasets/guided/1_fake/lmbvfedfye.png,guided,1,0.7285369502135932
diffusion_datasets/guided/1_fake/zhkybzbekn.png,guided,1,0.0169215179945132
diffusion_datasets/guided/1_fake/gliascthpi.png,guided,1,0.9505493107931684
diffusion_datasets/guided/1_fake/myypljgqkg.png,guided,1,0.9445765785662024
diffusion_datasets/guided/1_fake/jabklaioxf.png,guided,1,0.0414617169700982
diffusion_datasets/guided/1_fake/xjokdvoxpk.png,guided,1,0.008762157438071157
diffusion_datasets/guided/1_fake/yatxnhyhyw.png,guided,1,0.6142549601548676
diffusion_datasets/guided/1_fake/gacytxnrbg.png,guided,1,0.1317058946266998
diffusion_datasets/guided/1_fake/tzgkmgcgjt.png,guided,1,0.9963051543044024
diffusion_datasets/guided/1_fake/devyzpyxmr.png,guided,1,0.8484202216879313
diffusion_datasets/guided/1_fake/shkxdbeqpn.png,guided,1,0.9851311948568208
diffusion_datasets/guided/1_fake/mocygqjmlh.png,guided,1,0.4826679109783428
diffusion_datasets/guided/1_fake/jzpjgkemjx.png,guided,1,0.3961318560126536
diffusion_datasets/guided/1_fake/afwwethmvf.png,guided,1,0.40547844147317824
diffusion_datasets/guided/1_fake/gwfboomsuw.png,guided,1,0.12080664770247555
diffusion_datasets/guided/1_fake/viedszojsm.png,guided,1,0.0033652065959723807
diffusion_datasets/guided/1_fake/cciqgyfbnw.png,guided,1,0.40425652948932217
diffusion_datasets/guided/1_fake/vofhkesmtv.png,guided,1,0.674509097820294
diffusion_datasets/guided/1_fake/gdomuubpmo.png,guided,1,0.8965450154350825
diffusion_datasets/guided/1_fake/figfzyfhkt.png,guided,1,0.06513229498074327
diffusion_datasets/guided/1_fake/ygqiosrden.png,guided,1,0.557420706145258
diffusion_datasets/guided/1_fake/xqlumlknls.png,guided,1,0.9869593200507341
diffusion_datasets/guided/1_fake/lvtmqaadzz.png,guided,1,0.7946744314563227
diffusion_datasets/guided/1_fake/dwgrruvbsz.png,guided,1,0.010198648494723841
diffusion_datasets/guided/1_fake/zcsnybxdqj.png,guided,1,0.06423435609882032
diffusion_datasets/guided/1_fake/tycynadkoj.png,guided,1,0.9968099828661966
diffusion_datasets/guided/1_fake/fizdknwdwf.png,guided,1,0.9843336653752462
diffusion_datasets/guided/1_fake/bthfwgfwqz.png,guided,1,0.017426079933146484
diffusion_datasets/guided/1_fake/qhhsiahqdz.png,guided,1,0.8147943932761474
diffusion_datasets/guided/1_fake/nejpnuzhor.png,guided,1,0.11168422073817597
diffusion_datasets/guided/1_fake/flislizwvd.png,guided,1,0.009675698584897202
diffusion_datasets/guided/1_fake/vuvkrfmrfw.png,guided,1,0.006927191675711818
diffusion_datasets/guided/1_fake/kgwpuybmdo.png,guided,1,0.06114762579826464
diffusion_datasets/guided/1_fake/uyfkdpzowl.png,guided,1,0.023838908694488837
diffusion_datasets/guided/1_fake/fvbwueqmmc.png,guided,1,0.08162540707019113
diffusion_datasets/guided/1_fake/ftampoyprn.png,guided,1,0.08380466064287927
diffusion_datasets/guided/1_fake/jtprghimeh.png,guided,1,0.38618787435180985
diffusion_datasets/guided/1_fake/gmjuidkgzm.png,guided,1,0.21605179209606898
diffusion_datasets/guided/1_fake/fwqtzyeait.png,guided,1,0.2573073040799084
diffusion_datasets/guided/1_fake/rrcbbbylog.png,guided,1,0.0027577293957325773
diffusion_datasets/guided/1_fake/wbcncldemw.png,guided,1,0.997453426035451
diffusion_datasets/guided/1_fake/texcjvnjug.png,guided,1,0.9903668209919329
diffusion_datasets/guided/1_fake/flcafzqbyt.png,guided,1,0.08067596077269847
diffusion_datasets/guided/1_fake/cnthnmxcwh.png,guided,1,0.05927857902201277
diffusion_datasets/guided/1_fake/ceyagwkqcf.png,guided,1,0.7982992661581836
diffusion_datasets/guided/1_fake/wyyltkwttn.png,guided,1,0.13462255457314093
diffusion_datasets/guided/1_fake/drnfeijjlp.png,guided,1,0.02941577537306708
diffusion_datasets/guided/1_fake/usxygmfmlb.png,guided,1,0.7152924937038078
diffusion_datasets/guided/1_fake/nnuuhindgj.png,guided,1,0.0659911403884995
diffusion_datasets/guided/1_fake/nfysclasrr.png,guided,1,0.9587473504291691
diffusion_datasets/guided/1_fake/oucmaedfum.png,guided,1,0.6796441247390587
diffusion_datasets/guided/1_fake/oqgbxaotgn.png,guided,1,0.033180181490431504
diffusion_datasets/guided/1_fake/khmsldutff.png,guided,1,0.988703681490439
diffusion_datasets/guided/1_fake/qwawgjhkcz.png,guided,1,0.4394317729954379
diffusion_datasets/guided/1_fake/kyrjicorfj.png,guided,1,0.030699376762320093
diffusion_datasets/guided/1_fake/pccthywpgs.png,guided,1,0.014445968504054659
diffusion_datasets/guided/1_fake/nmdxktenko.png,guided,1,0.9914232133463611
diffusion_datasets/guided/1_fake/zxnpcvwbfb.png,guided,1,0.5797490283094608
diffusion_datasets/guided/1_fake/swhkqaywlh.png,guided,1,0.02180798656632019
diffusion_datasets/guided/1_fake/jzcptodnmr.png,guided,1,0.9429207150755963
diffusion_datasets/guided/1_fake/kpmxquicco.png,guided,1,0.009802025952413716
diffusion_datasets/guided/1_fake/nhlzsfyryf.png,guided,1,0.2632985199008676
diffusion_datasets/guided/1_fake/eayzvzrytx.png,guided,1,0.9768199459008543
diffusion_datasets/guided/1_fake/mqzlaxdcyf.png,guided,1,0.9950171812607541
diffusion_datasets/guided/1_fake/lxjrxqzveb.png,guided,1,0.3170873894691593
diffusion_datasets/guided/1_fake/tgihtkfpyi.png,guided,1,0.11726132748714355
diffusion_datasets/guided/1_fake/rzvoxvfpaz.png,guided,1,0.050218243084933896
diffusion_datasets/guided/1_fake/kguycdreay.png,guided,1,0.4528181900391678
diffusion_datasets/guided/1_fake/ewspkgvjkv.png,guided,1,0.18195599361779682
diffusion_datasets/guided/1_fake/gckzbyionz.png,guided,1,0.9964304677720613
diffusion_datasets/guided/1_fake/zoxknkpgoh.png,guided,1,0.8136727392774704
diffusion_datasets/guided/1_fake/qjrpujocxn.png,guided,1,0.26308805600099616
diffusion_datasets/guided/1_fake/uzunqwixgv.png,guided,1,0.9421572866039356
diffusion_datasets/guided/1_fake/bqcltegxdf.png,guided,1,0.23583968614176853
diffusion_datasets/guided/1_fake/sinwhncecv.png,guided,1,0.19578378354215523
diffusion_datasets/guided/1_fake/xyhvtzywzh.png,guided,1,0.018266567267566317
diffusion_datasets/guided/1_fake/wsreukpzwe.png,guided,1,0.008086759089744346
diffusion_datasets/guided/1_fake/kvaphythne.png,guided,1,0.9920108943832804
diffusion_datasets/guided/1_fake/fzrimmsozw.png,guided,1,0.00294553877200839
diffusion_datasets/guided/1_fake/flzalpsilp.png,guided,1,0.42178774243785944
diffusion_datasets/guided/1_fake/szebyvzlqt.png,guided,1,0.604108356921083
diffusion_datasets/guided/1_fake/hwfugtliat.png,guided,1,0.06853262914576873
diffusion_datasets/guided/1_fake/qsuodtmksx.png,guided,1,0.03563117911232585
diffusion_datasets/guided/1_fake/xbwwtavscv.png,guided,1,0.12118355060051483
diffusion_datasets/guided/1_fake/ddeuvxknie.png,guided,1,0.007449251777809016
diffusion_datasets/guided/1_fake/dexhjtncni.png,guided,1,0.9416960221527167
diffusion_datasets/guided/1_fake/lsvzbqhxgl.png,guided,1,0.020867276514710115
diffusion_datasets/guided/1_fake/ajdylzvnwn.png,guided,1,0.4893308993358336
diffusion_datasets/guided/1_fake/aoyyeorqer.png,guided,1,0.0428648646594001
diffusion_datasets/guided/1_fake/ahwxcijnxm.png,guided,1,0.9934915331829379
diffusion_datasets/guided/1_fake/kiimhjeatg.png,guided,1,0.02539175561368431
diffusion_datasets/guided/1_fake/bhlyixirpi.png,guided,1,0.6036028944389433
diffusion_datasets/guided/1_fake/gudshwhvvv.png,guided,1,0.0026139328141422586
diffusion_datasets/guided/1_fake/gbmtgdhzrx.png,guided,1,0.9713885784686331
diffusion_datasets/guided/1_fake/ypvdkreobg.png,guided,1,0.05997690088978413
diffusion_datasets/guided/1_fake/sssvouruij.png,guided,1,0.9170073642662186
diffusion_datasets/guided/1_fake/ascyfbgfmn.png,guided,1,0.3934973014139197
diffusion_datasets/guided/1_fake/zbnbosutcn.png,guided,1,0.9085161389647638
diffusion_datasets/guided/1_fake/uxbuickkha.png,guided,1,0.6803885848365677
diffusion_datasets/guided/1_fake/svpwqjhjbu.png,guided,1,0.8800424531346657
diffusion_datasets/guided/1_fake/uvwnmuvfio.png,guided,1,0.4928566201871748
diffusion_datasets/guided/1_fake/ykhbfkbqqc.png,guided,1,0.0845788869389017
diffusion_datasets/guided/1_fake/mijuwhirnm.png,guided,1,0.9539003163064717
diffusion_datasets/guided/1_fake/pbdegkyycl.png,guided,1,0.5877260810871415
diffusion_datasets/guided/1_fake/cxjsjqusph.png,guided,1,0.0013617605454036839
diffusion_datasets/guided/1_fake/gllomgthtj.png,guided,1,0.351631234211412
diffusion_datasets/guided/1_fake/utlevcsfzc.png,guided,1,0.9997606634783007
diffusion_datasets/guided/1_fake/wfyfdsoqjb.png,guided,1,0.9802312836950436
diffusion_datasets/guided/1_fake/ywjlbpxbjz.png,guided,1,0.2700395480334275
diffusion_datasets/guided/1_fake/cjmyrxrisl.png,guided,1,0.19379558867191185
diffusion_datasets/guided/1_fake/onojezltok.png,guided,1,0.19238215569539582
diffusion_datasets/guided/1_fake/gxexzzlcld.png,guided,1,0.9734630380702712
diffusion_datasets/guided/1_fake/iwsairnpes.png,guided,1,0.013877020449998317
diffusion_datasets/guided/1_fake/bobirihsmf.png,guided,1,0.23633808756382066
diffusion_datasets/guided/1_fake/wrplkwvjrk.png,guided,1,0.09521987959770675
diffusion_datasets/guided/1_fake/annkzxvqsz.png,guided,1,0.042924216552053474
diffusion_datasets/guided/1_fake/gcenmxpfnz.png,guided,1,0.013656774400702835
diffusion_datasets/guided/1_fake/jykjuscrhb.png,guided,1,0.9961849472611477
diffusion_datasets/guided/1_fake/lcyxnaodgl.png,guided,1,0.34906852946438904
diffusion_datasets/guided/1_fake/tigzfxjaeg.png,guided,1,0.6700813709382474
diffusion_datasets/guided/1_fake/oqlgvyltdu.png,guided,1,0.95631616860367
diffusion_datasets/guided/1_fake/kqtezbdvua.png,guided,1,0.04794548725103173
diffusion_datasets/guided/1_fake/vumdsauhht.png,guided,1,0.389648490823359
diffusion_datasets/guided/1_fake/nhlvajciai.png,guided,1,0.04950723983829306
diffusion_datasets/guided/1_fake/kysxvylzkk.png,guided,1,0.3019187653065648
diffusion_datasets/guided/1_fake/dawfktkzad.png,guided,1,0.3612455170307501
diffusion_datasets/guided/1_fake/zchftlmgnh.png,guided,1,0.32317588093351474
diffusion_datasets/guided/1_fake/dojapmtjlo.png,guided,1,0.3264560914846771
diffusion_datasets/guided/1_fake/eqndltlggi.png,guided,1,0.3789428306976414
diffusion_datasets/guided/1_fake/mfoxhwrofa.png,guided,1,0.9558371319853933
diffusion_datasets/guided/1_fake/pieahxylhf.png,guided,1,0.23519635381920515
diffusion_datasets/guided/1_fake/rxsgddveyy.png,guided,1,0.899099764013706
diffusion_datasets/guided/1_fake/uvsazktssr.png,guided,1,0.8932960614787366
diffusion_datasets/guided/1_fake/pptvyzosrk.png,guided,1,0.0010432122550538324
diffusion_datasets/guided/1_fake/lzgwytfbdh.png,guided,1,0.9697435325098993
diffusion_datasets/guided/1_fake/truenadnmf.png,guided,1,0.4380806034806302
diffusion_datasets/guided/1_fake/tecfsxrdsg.png,guided,1,0.28015655063333034
diffusion_datasets/guided/1_fake/pwvremoaiz.png,guided,1,0.03312173045843616
diffusion_datasets/guided/1_fake/hkjmvhgmso.png,guided,1,0.005759470118450295
diffusion_datasets/guided/1_fake/dldztvvwrt.png,guided,1,0.04288397892383448
diffusion_datasets/guided/1_fake/uesrfqrmys.png,guided,1,0.8613412747865038
diffusion_datasets/guided/1_fake/phqxvaxgfc.png,guided,1,0.877996260837943
diffusion_datasets/guided/1_fake/eecrzmaxjv.png,guided,1,0.014939413292051435
diffusion_datasets/guided/1_fake/auannvrmrm.png,guided,1,0.6308278774420266
diffusion_datasets/guided/1_fake/qvxgfrmtjl.png,guided,1,0.9617372900945693
diffusion_datasets/guided/1_fake/wxmydpmpup.png,guided,1,0.15639449861614194
diffusion_datasets/guided/1_fake/owymrcrmoo.png,guided,1,0.0521725935273153
diffusion_datasets/guided/1_fake/gwwprxqtre.png,guided,1,0.7513324581257738
diffusion_datasets/guided/1_fake/izmzwnwzxb.png,guided,1,0.9999462201931875
diffusion_datasets/guided/1_fake/mbtqfbwlry.png,guided,1,0.2115124380359835
diffusion_datasets/guided/1_fake/bfczagsxfw.png,guided,1,0.00038682620553375847
diffusion_datasets/guided/1_fake/fpjptmloys.png,guided,1,0.00010179060287791957
diffusion_datasets/guided/1_fake/rsekavebcp.png,guided,1,0.001206090015356756
diffusion_datasets/guided/1_fake/wsbyyiugsn.png,guided,1,0.5381996387045206
diffusion_datasets/guided/1_fake/aynkpajrmy.png,guided,1,0.2911454768349659
diffusion_datasets/guided/1_fake/hhmqvefsdm.png,guided,1,0.9869284579762208
diffusion_datasets/guided/1_fake/ypdjyjlopx.png,guided,1,0.5923772194072201
diffusion_datasets/guided/1_fake/ranqpkoerl.png,guided,1,0.03565419230969677
diffusion_datasets/guided/1_fake/olecerouzv.png,guided,1,0.020627806506840696
diffusion_datasets/guided/1_fake/xmppkkdynh.png,guided,1,0.010765212978855168
diffusion_datasets/guided/1_fake/csvtttfwut.png,guided,1,0.9938372910560441
diffusion_datasets/guided/1_fake/owbarkgfyc.png,guided,1,0.9428222487808502
diffusion_datasets/guided/1_fake/fuqmkbouip.png,guided,1,0.19328085452620847
diffusion_datasets/guided/1_fake/jpkbhfmhql.png,guided,1,0.12037034173379894
diffusion_datasets/guided/1_fake/txviitvyvk.png,guided,1,0.317885218626202
diffusion_datasets/guided/1_fake/mgeezotzdw.png,guided,1,0.0010911148542256312
diffusion_datasets/guided/1_fake/cubsnkbrrm.png,guided,1,0.0958495076237453
diffusion_datasets/guided/1_fake/pxefeippis.png,guided,1,0.38283856438806046
diffusion_datasets/guided/1_fake/edqamoutbf.png,guided,1,0.8493360841652818
diffusion_datasets/guided/1_fake/yfxdzkbfpk.png,guided,1,0.0011689892538130893
diffusion_datasets/guided/1_fake/dimuqznulw.png,guided,1,0.7306832087576587
diffusion_datasets/guided/1_fake/psvhorutyv.png,guided,1,0.006151961464185051
diffusion_datasets/guided/1_fake/albdpubxka.png,guided,1,0.42968593459894955
diffusion_datasets/guided/1_fake/oulguvnvpq.png,guided,1,0.4805711572885269
diffusion_datasets/guided/1_fake/fnqlfrabai.png,guided,1,0.23440751658933015
diffusion_datasets/guided/1_fake/osigoexsbv.png,guided,1,0.0032937023343437835
diffusion_datasets/guided/1_fake/dncoarxujc.png,guided,1,0.44189583138369554
diffusion_datasets/guided/1_fake/joshvzhgck.png,guided,1,0.6825140943445431
diffusion_datasets/guided/1_fake/wnjjxqinho.png,guided,1,0.7680051816270749
diffusion_datasets/guided/1_fake/nytqcbcfth.png,guided,1,0.9849602983429943
diffusion_datasets/guided/1_fake/iqruwytkxd.png,guided,1,4.0549337779774844e-06
diffusion_datasets/guided/1_fake/toteczliil.png,guided,1,0.6472656507422462
diffusion_datasets/guided/1_fake/mobwrxioai.png,guided,1,0.9351411029784967
diffusion_datasets/guided/1_fake/dsxuevcdxk.png,guided,1,0.08680872325982927
diffusion_datasets/guided/1_fake/hxfciehznr.png,guided,1,0.9656345291045848
diffusion_datasets/guided/1_fake/blaonzaskp.png,guided,1,0.1602053437514049
diffusion_datasets/guided/1_fake/bicflvshvw.png,guided,1,0.36585604008144773
diffusion_datasets/guided/1_fake/temvvnfwvq.png,guided,1,0.0011209659916444294
diffusion_datasets/guided/1_fake/isrzfmrbjo.png,guided,1,0.9689297195853475
diffusion_datasets/guided/1_fake/wpptcqobpu.png,guided,1,0.08150630429196797
diffusion_datasets/guided/1_fake/vrffpjmuir.png,guided,1,0.18667627525108513
diffusion_datasets/guided/1_fake/vcsznknzhw.png,guided,1,0.859044794057345
diffusion_datasets/guided/1_fake/mfzrfiyjrf.png,guided,1,0.10490962833283447
diffusion_datasets/guided/1_fake/sndlxnwwey.png,guided,1,0.007283904248793537
diffusion_datasets/guided/1_fake/uyrgewsxvy.png,guided,1,0.9965712849006676
diffusion_datasets/guided/1_fake/odhzcmznnr.png,guided,1,0.00524443667493408
diffusion_datasets/guided/1_fake/czkhjnfjgr.png,guided,1,0.9558842807042356
diffusion_datasets/guided/1_fake/splerbaidx.png,guided,1,0.8616081087349583
diffusion_datasets/guided/1_fake/yaaqlxnzhi.png,guided,1,0.1660163606594191
diffusion_datasets/guided/1_fake/kszghluqlw.png,guided,1,0.26157890988568644
diffusion_datasets/guided/1_fake/aakydlwfer.png,guided,1,0.7807254457477882
diffusion_datasets/guided/1_fake/vwrsjumkmz.png,guided,1,0.12217011825764434
diffusion_datasets/guided/1_fake/stnicrfcsk.png,guided,1,0.0009887364472583142
diffusion_datasets/guided/1_fake/niehixqsig.png,guided,1,0.42598326113705237
diffusion_datasets/guided/1_fake/wqvahtytps.png,guided,1,0.0007654767444810973
diffusion_datasets/guided/1_fake/fegqolkrls.png,guided,1,0.0009351939654208629
diffusion_datasets/guided/1_fake/bbmeviacjm.png,guided,1,0.8269601994969966
diffusion_datasets/guided/1_fake/hgcafbxres.png,guided,1,0.9104256683241156
diffusion_datasets/guided/1_fake/spuypppvyh.png,guided,1,0.9992159101087454
diffusion_datasets/guided/1_fake/htqmkwgkwb.png,guided,1,0.005363787088284226
diffusion_datasets/guided/1_fake/jqnuoffbtb.png,guided,1,0.9802809248642272
diffusion_datasets/guided/1_fake/rpwhvvwxag.png,guided,1,0.011688170384214356
diffusion_datasets/guided/1_fake/uwzfugbfno.png,guided,1,0.7766940172414367
diffusion_datasets/guided/1_fake/sswokizojd.png,guided,1,0.512388485145361
diffusion_datasets/guided/1_fake/nuhcuxjnpx.png,guided,1,0.9633234399245789
diffusion_datasets/guided/1_fake/ftobdflmuz.png,guided,1,0.3383948724520606
diffusion_datasets/guided/1_fake/tuptxvyplv.png,guided,1,0.3635808979548695
diffusion_datasets/guided/1_fake/htpewtqebr.png,guided,1,0.9822769811295896
diffusion_datasets/guided/1_fake/kkxuptmzof.png,guided,1,0.68196270754625
diffusion_datasets/guided/1_fake/echehlitmr.png,guided,1,0.5444189938572133
diffusion_datasets/guided/1_fake/gtidkpfxcc.png,guided,1,0.9653600610506918
diffusion_datasets/guided/1_fake/ycojahdoqs.png,guided,1,0.2888419578152755
diffusion_datasets/guided/1_fake/attqnlwqgz.png,guided,1,0.9047802044866037
diffusion_datasets/guided/1_fake/ztytemyoxv.png,guided,1,0.06225468010617005
diffusion_datasets/guided/1_fake/pcwvbmjrea.png,guided,1,0.9968396596016553
diffusion_datasets/guided/1_fake/hzsujxzlcn.png,guided,1,0.018680139896449365
diffusion_datasets/guided/1_fake/kxwkjgbtdq.png,guided,1,0.9995994962606418
diffusion_datasets/guided/1_fake/mqbzprykrc.png,guided,1,0.5135017062491302
diffusion_datasets/guided/1_fake/wekyyrslyw.png,guided,1,0.8333171891272326
diffusion_datasets/guided/1_fake/sxbfuikltb.png,guided,1,0.056718854785177984
diffusion_datasets/guided/1_fake/hajmuavfdr.png,guided,1,0.04313698293056223
diffusion_datasets/guided/1_fake/qaafihkbbk.png,guided,1,0.7595042814961237
diffusion_datasets/guided/1_fake/hzfxwrmqch.png,guided,1,0.1547330467384773
diffusion_datasets/guided/1_fake/ftojusbwcq.png,guided,1,0.031082623242850486
diffusion_datasets/guided/1_fake/vsocilgayn.png,guided,1,0.9837365682364957
diffusion_datasets/guided/1_fake/npgjxoaxcz.png,guided,1,0.29065706350846854
diffusion_datasets/guided/1_fake/ikesdclcne.png,guided,1,0.9745928303526986
diffusion_datasets/guided/1_fake/ovjpkblzon.png,guided,1,0.26973578370066487
diffusion_datasets/guided/1_fake/rzkutenljp.png,guided,1,0.37468606624407624
diffusion_datasets/guided/1_fake/cubclpdlyb.png,guided,1,0.4376682485732775
diffusion_datasets/guided/1_fake/smmiazxocc.png,guided,1,0.1593662909970464
diffusion_datasets/guided/1_fake/kqmbpossfq.png,guided,1,0.09044359948941975
diffusion_datasets/guided/1_fake/yhwhnweccm.png,guided,1,0.3348653355153096
diffusion_datasets/guided/1_fake/ogjsxmnkxw.png,guided,1,0.23995143140168007
diffusion_datasets/guided/1_fake/xaetznfnpu.png,guided,1,0.18793210134296454
diffusion_datasets/guided/1_fake/olxtdigiux.png,guided,1,0.13676535699108316
diffusion_datasets/guided/1_fake/bvbspxdfxz.png,guided,1,0.0023890532086230823
diffusion_datasets/guided/1_fake/vwsjebonhl.png,guided,1,0.26354991227443075
diffusion_datasets/guided/1_fake/tvdnjojlmh.png,guided,1,0.9975722058422668
diffusion_datasets/guided/1_fake/abzfomfxjd.png,guided,1,0.0020062789229684293
diffusion_datasets/guided/1_fake/cqxwvqbknx.png,guided,1,0.456161190075296
diffusion_datasets/guided/1_fake/xhhbffrquk.png,guided,1,0.9855837028819543
diffusion_datasets/guided/1_fake/ccbrpvitlb.png,guided,1,0.939782515637508
diffusion_datasets/guided/1_fake/mykongsfgc.png,guided,1,0.10813524700441345
diffusion_datasets/guided/1_fake/ybihqfczqf.png,guided,1,0.3660743504527261
diffusion_datasets/guided/1_fake/obmkmjnvet.png,guided,1,0.6690364518793378
diffusion_datasets/guided/1_fake/crqwxhlcfy.png,guided,1,0.17032195584977436
diffusion_datasets/guided/1_fake/vmrobijbmc.png,guided,1,0.03507155676901022
diffusion_datasets/guided/1_fake/mcsihazpje.png,guided,1,0.9978628489535405
diffusion_datasets/guided/1_fake/lsmostdlua.png,guided,1,0.9615757768833704
diffusion_datasets/guided/1_fake/qejahcqthz.png,guided,1,0.7914930339309018
diffusion_datasets/guided/1_fake/wmgazqjjux.png,guided,1,0.20245973837901932
diffusion_datasets/guided/1_fake/oovxyyombs.png,guided,1,0.056222391939804106
diffusion_datasets/guided/1_fake/qgdbbafuhn.png,guided,1,0.36312912525146684
diffusion_datasets/guided/1_fake/jjplgayvlc.png,guided,1,0.24209280422278817
diffusion_datasets/guided/1_fake/xfhgbduucl.png,guided,1,0.03228311439440101
diffusion_datasets/guided/1_fake/vlwnndwtuh.png,guided,1,0.0022154315682632454
diffusion_datasets/guided/1_fake/dtvfjwtgbk.png,guided,1,0.33556284059269165
diffusion_datasets/guided/1_fake/rxrwofckks.png,guided,1,0.9265137032311715
diffusion_datasets/guided/1_fake/xdpqtpwyiz.png,guided,1,0.005665405898109135
diffusion_datasets/guided/1_fake/iojhamvzyv.png,guided,1,0.3391764780395435
diffusion_datasets/guided/1_fake/vsivgpmche.png,guided,1,0.9783839720689002
diffusion_datasets/guided/1_fake/lxdnodpvuz.png,guided,1,0.9424135455812161
diffusion_datasets/guided/1_fake/jezexlfhiq.png,guided,1,0.2765947828952817
diffusion_datasets/guided/1_fake/utfokfmmbf.png,guided,1,0.020383142920533875
diffusion_datasets/guided/1_fake/ilaptngbkl.png,guided,1,0.021507928154881808
diffusion_datasets/guided/1_fake/tvhyjyjvbi.png,guided,1,0.832945275732814
diffusion_datasets/guided/1_fake/ivswfntzwh.png,guided,1,0.2969283029351172
diffusion_datasets/guided/1_fake/mszjipjvvf.png,guided,1,0.9780116256146607
diffusion_datasets/guided/1_fake/osrdcrocjh.png,guided,1,0.9275581281148576
diffusion_datasets/guided/1_fake/pirwlvliku.png,guided,1,0.5123762927779315
diffusion_datasets/guided/1_fake/znxaufdjpv.png,guided,1,0.3486225840959529
diffusion_datasets/guided/1_fake/gnjefwyemy.png,guided,1,0.8751674469456885
diffusion_datasets/guided/1_fake/tptqwsoovh.png,guided,1,0.001046873098587862
diffusion_datasets/guided/1_fake/qvldneoiwj.png,guided,1,0.7382018794438818
diffusion_datasets/guided/1_fake/mhaimbeqgl.png,guided,1,0.16946739430254282
diffusion_datasets/guided/1_fake/ftmhbluvwz.png,guided,1,0.26370356942505924
diffusion_datasets/guided/1_fake/oertmmpfuq.png,guided,1,0.6769854896415153
diffusion_datasets/guided/1_fake/cyencgbdne.png,guided,1,0.6382916676375155
diffusion_datasets/guided/1_fake/dbifuulczh.png,guided,1,0.4354050295700287
diffusion_datasets/guided/1_fake/apdgetedbs.png,guided,1,0.0007948464264920799
diffusion_datasets/guided/1_fake/yfbwcnyvch.png,guided,1,0.0023158977581909075
diffusion_datasets/guided/1_fake/viwuulrpyk.png,guided,1,0.9985356839874134
diffusion_datasets/guided/1_fake/effiwpkvcy.png,guided,1,0.023942107146472505
diffusion_datasets/guided/1_fake/fneghrqtsf.png,guided,1,0.3719934968973651
diffusion_datasets/guided/1_fake/jvfamsvrme.png,guided,1,0.014899143109477217
diffusion_datasets/guided/1_fake/xmyblzhwwh.png,guided,1,0.9974465820102677
diffusion_datasets/guided/1_fake/eqtzpzsbnp.png,guided,1,0.008442102763457207
diffusion_datasets/guided/1_fake/hnzpgeledt.png,guided,1,0.0005291044257544633
diffusion_datasets/guided/1_fake/plszaygqda.png,guided,1,0.8394704518022124
diffusion_datasets/imagenet/0_real/kqhrtvmeux.JPEG,imagenet,0,0.2644385445476013
diffusion_datasets/imagenet/0_real/kqmbpossfq.JPEG,imagenet,0,0.0011355707103505796
diffusion_datasets/imagenet/0_real/gacytxnrbg.JPEG,imagenet,0,0.2510288896072621
diffusion_datasets/imagenet/0_real/vblsrmonrr.JPEG,imagenet,0,0.009114124400280645
diffusion_datasets/imagenet/0_real/qofcjlhwbv.JPEG,imagenet,0,0.0005626778689492066
diffusion_datasets/imagenet/0_real/khmsldutff.JPEG,imagenet,0,5.7273049512078294e-05
diffusion_datasets/imagenet/0_real/djumibnmaq.JPEG,imagenet,0,0.275618835908921
diffusion_datasets/imagenet/0_real/lkwvbsljma.JPEG,imagenet,0,0.10758766645739895
diffusion_datasets/imagenet/0_real/sinwhncecv.JPEG,imagenet,0,0.0018457321932438115
diffusion_datasets/imagenet/0_real/eowkckioii.JPEG,imagenet,0,0.05729548352673259
diffusion_datasets/imagenet/0_real/segiubdggo.JPEG,imagenet,0,0.0022184724088521943
diffusion_datasets/imagenet/0_real/gqpoiykvcs.JPEG,imagenet,0,0.0908252904484704
diffusion_datasets/imagenet/0_real/aqfnjpltvb.JPEG,imagenet,0,0.0027454408416835254
diffusion_datasets/imagenet/0_real/clnogwmxno.JPEG,imagenet,0,0.0014178405246261763
diffusion_datasets/imagenet/0_real/lttnaabznd.JPEG,imagenet,0,0.8818906950578717
diffusion_datasets/imagenet/0_real/eelzocmtws.JPEG,imagenet,0,4.420420160723418e-06
diffusion_datasets/imagenet/0_real/jsytpmwrvb.JPEG,imagenet,0,0.0009893082885564046
diffusion_datasets/imagenet/0_real/envczpiyds.JPEG,imagenet,0,0.9377612716113862
diffusion_datasets/imagenet/0_real/bqmyueubdu.JPEG,imagenet,0,0.036566588868246694
diffusion_datasets/imagenet/0_real/hwfugtliat.JPEG,imagenet,0,0.6814568916861031
diffusion_datasets/imagenet/0_real/iibymqusjk.JPEG,imagenet,0,0.11200934838093865
diffusion_datasets/imagenet/0_real/hnihvkmnje.JPEG,imagenet,0,0.003947632945267327
diffusion_datasets/imagenet/0_real/jhcbtfuziq.JPEG,imagenet,0,0.002251439055687389
diffusion_datasets/imagenet/0_real/ffduxyansq.JPEG,imagenet,0,0.000882136967337595
diffusion_datasets/imagenet/0_real/qyjvmgdrmq.JPEG,imagenet,0,0.005623015032560282
diffusion_datasets/imagenet/0_real/tinlvxgqxw.JPEG,imagenet,0,0.012047552503802968
diffusion_datasets/imagenet/0_real/niehixqsig.JPEG,imagenet,0,0.01129294529407851
diffusion_datasets/imagenet/0_real/gayjhkcdkw.JPEG,imagenet,0,4.937233786245611e-05
diffusion_datasets/imagenet/0_real/ahbiztymlj.JPEG,imagenet,0,0.0014577257088116274
diffusion_datasets/imagenet/0_real/bcdxmvfonp.JPEG,imagenet,0,6.243151165975371e-05
diffusion_datasets/imagenet/0_real/myypljgqkg.JPEG,imagenet,0,2.7115756028921508e-05
diffusion_datasets/imagenet/0_real/lmbvfedfye.JPEG,imagenet,0,0.00042866967713088886
diffusion_datasets/imagenet/0_real/npgjxoaxcz.JPEG,imagenet,0,0.0001209051486530853
diffusion_datasets/imagenet/0_real/wnjjxqinho.JPEG,imagenet,0,0.0001320217756052343
diffusion_datasets/imagenet/0_real/sneggiimdk.JPEG,imagenet,0,0.2394003459818915
diffusion_datasets/imagenet/0_real/tgihtkfpyi.JPEG,imagenet,0,0.003572868045263405
diffusion_datasets/imagenet/0_real/arfbiucpar.JPEG,imagenet,0,3.0531167507563196e-06
diffusion_datasets/imagenet/0_real/wrmxjiicmz.JPEG,imagenet,0,0.0002831593998571802
diffusion_datasets/imagenet/0_real/tvhyjyjvbi.JPEG,imagenet,0,0.02364438806377394
diffusion_datasets/imagenet/0_real/kpmxquicco.JPEG,imagenet,0,0.010871137075018114
diffusion_datasets/imagenet/0_real/nvsdiqcxdc.JPEG,imagenet,0,0.09232789403180269
diffusion_datasets/imagenet/0_real/wfyfdsoqjb.JPEG,imagenet,0,0.021934488071349092
diffusion_datasets/imagenet/0_real/ftojusbwcq.JPEG,imagenet,0,0.036113430000175646
diffusion_datasets/imagenet/0_real/wqvahtytps.JPEG,imagenet,0,0.4916411979387622
diffusion_datasets/imagenet/0_real/crqwxhlcfy.JPEG,imagenet,0,0.36323216960338933
diffusion_datasets/imagenet/0_real/fzmzemtxkr.JPEG,imagenet,0,1.8122586291584255e-05
diffusion_datasets/imagenet/0_real/viwuulrpyk.JPEG,imagenet,0,0.11144991704768971
diffusion_datasets/imagenet/0_real/uxbuickkha.JPEG,imagenet,0,0.0014478445931117231
diffusion_datasets/imagenet/0_real/yeysnhxrmp.JPEG,imagenet,0,0.001431127837979288
diffusion_datasets/imagenet/0_real/oegsdqwgax.JPEG,imagenet,0,0.009945441677278895
diffusion_datasets/imagenet/0_real/dexbjiwpmb.JPEG,imagenet,0,0.007652508093965753
diffusion_datasets/imagenet/0_real/lnavxqqxfa.JPEG,imagenet,0,0.033817200840047155
diffusion_datasets/imagenet/0_real/psosqfwlqc.JPEG,imagenet,0,0.01823436905059235
diffusion_datasets/imagenet/0_real/yzkphttipt.JPEG,imagenet,0,0.007179428506042074
diffusion_datasets/imagenet/0_real/qvxgfrmtjl.JPEG,imagenet,0,0.0077785344330555785
diffusion_datasets/imagenet/0_real/xmppkkdynh.JPEG,imagenet,0,0.08685747840690114
diffusion_datasets/imagenet/0_real/vtswogmbhi.JPEG,imagenet,0,0.12481970517779756
diffusion_datasets/imagenet/0_real/lavlfbgnkn.JPEG,imagenet,0,0.06849970929643663
diffusion_datasets/imagenet/0_real/ftmhbluvwz.JPEG,imagenet,0,0.04900147305553922
diffusion_datasets/imagenet/0_real/oqargxuywp.JPEG,imagenet,0,0.0002652404358872635
diffusion_datasets/imagenet/0_real/krqkilakxw.JPEG,imagenet,0,0.0004975300657459819
diffusion_datasets/imagenet/0_real/gcenmxpfnz.JPEG,imagenet,0,0.06538403765334082
diffusion_datasets/imagenet/0_real/nmgqcqjyhs.JPEG,imagenet,0,0.000406589005767287
diffusion_datasets/imagenet/0_real/yytnnkmkun.JPEG,imagenet,0,0.10495757031298732
diffusion_datasets/imagenet/0_real/bsoomuiluf.JPEG,imagenet,0,0.00545898234431241
diffusion_datasets/imagenet/0_real/fgizsruyxb.JPEG,imagenet,0,0.15350180010601727
diffusion_datasets/imagenet/0_real/orgateeurw.JPEG,imagenet,0,0.00011884351084763182
diffusion_datasets/imagenet/0_real/iqiospmdok.JPEG,imagenet,0,0.0004949839447187084
diffusion_datasets/imagenet/0_real/yptdaozbuw.JPEG,imagenet,0,7.548917143568917e-05
diffusion_datasets/imagenet/0_real/zdqmadvhbl.JPEG,imagenet,0,0.05370289829572957
diffusion_datasets/imagenet/0_real/dtoeuxdocm.JPEG,imagenet,0,0.004889777411504222
diffusion_datasets/imagenet/0_real/tuptxvyplv.JPEG,imagenet,0,0.0784509460367124
diffusion_datasets/imagenet/0_real/rsiiuivgsv.JPEG,imagenet,0,0.0001118266661868092
diffusion_datasets/imagenet/0_real/msujwlrujo.JPEG,imagenet,0,6.022318548567286e-05
diffusion_datasets/imagenet/0_real/rlzfziqqrd.JPEG,imagenet,0,0.02318247406743686
diffusion_datasets/imagenet/0_real/oovxyyombs.JPEG,imagenet,0,5.473102488200076e-05
diffusion_datasets/imagenet/0_real/usipjcyjoy.JPEG,imagenet,0,8.621436477806306e-05
diffusion_datasets/imagenet/0_real/wynbrdoyde.JPEG,imagenet,0,0.00015241915908907112
diffusion_datasets/imagenet/0_real/marjmzmnja.JPEG,imagenet,0,0.3184190765500654
diffusion_datasets/imagenet/0_real/otvbonovtr.JPEG,imagenet,0,0.0008088716124717659
diffusion_datasets/imagenet/0_real/bvbspxdfxz.JPEG,imagenet,0,0.01794033019655539
diffusion_datasets/imagenet/0_real/annkzxvqsz.JPEG,imagenet,0,0.003452365496533691
diffusion_datasets/imagenet/0_real/yqqmbglayb.JPEG,imagenet,0,0.005215980068856722
diffusion_datasets/imagenet/0_real/drnfeijjlp.JPEG,imagenet,0,0.0028831657497435793
diffusion_datasets/imagenet/0_real/qyaknxvzwp.JPEG,imagenet,0,6.666266763159422e-06
diffusion_datasets/imagenet/0_real/gzmbdszeyt.JPEG,imagenet,0,0.6411095973038409
diffusion_datasets/imagenet/0_real/ofgvdkgdnd.JPEG,imagenet,0,1.7523275115643264e-05
diffusion_datasets/imagenet/0_real/lcaexbqxar.JPEG,imagenet,0,0.0006626521458619574
diffusion_datasets/imagenet/0_real/rxrwofckks.JPEG,imagenet,0,0.0011654652729320713
diffusion_datasets/imagenet/0_real/gkbjdvwiuz.JPEG,imagenet,0,0.0022380295947537323
diffusion_datasets/imagenet/0_real/fksurkvzeg.JPEG,imagenet,0,0.002058248110416516
diffusion_datasets/imagenet/0_real/rlarzjlvnd.JPEG,imagenet,0,0.0006246662459147878
diffusion_datasets/imagenet/0_real/sjigynomsm.JPEG,imagenet,0,0.09800419092507047
diffusion_datasets/imagenet/0_real/xdudczawtx.JPEG,imagenet,0,0.00045613734929771837
diffusion_datasets/imagenet/0_real/xbgkvftfss.JPEG,imagenet,0,0.0004924640579879064
diffusion_datasets/imagenet/0_real/whqsatsqum.JPEG,imagenet,0,0.0023440420746677457
diffusion_datasets/imagenet/0_real/qlqolbjcgb.JPEG,imagenet,0,0.0012611450484084027
diffusion_datasets/imagenet/0_real/llmwutwhbl.JPEG,imagenet,0,0.00025277155546971146
diffusion_datasets/imagenet/0_real/sqtxlhaqbh.JPEG,imagenet,0,0.0016706857808319387
diffusion_datasets/imagenet/0_real/dexhjtncni.JPEG,imagenet,0,0.011369180029091298
diffusion_datasets/imagenet/0_real/pcvfvfsxek.JPEG,imagenet,0,0.33374284097435
diffusion_datasets/imagenet/0_real/mykongsfgc.JPEG,imagenet,0,0.13925901286437925
diffusion_datasets/imagenet/0_real/qngsmynlht.JPEG,imagenet,0,0.0002375126014696049
diffusion_datasets/imagenet/0_real/qjrpujocxn.JPEG,imagenet,0,0.6542892776798753
diffusion_datasets/imagenet/0_real/pepkgtkonx.JPEG,imagenet,0,0.18669428009839426
diffusion_datasets/imagenet/0_real/rdtvftkyww.JPEG,imagenet,0,0.024501028183319846
diffusion_datasets/imagenet/0_real/hcnhiyscgm.JPEG,imagenet,0,0.226187309788284
diffusion_datasets/imagenet/0_real/vrffpjmuir.JPEG,imagenet,0,0.008970961744289036
diffusion_datasets/imagenet/0_real/qhnjseyjbw.JPEG,imagenet,0,2.9571062042720853e-06
diffusion_datasets/imagenet/0_real/ondtlaugas.JPEG,imagenet,0,0.001073567645132365
diffusion_datasets/imagenet/0_real/ugrxyyeknx.JPEG,imagenet,0,0.002334597161677
diffusion_datasets/imagenet/0_real/zzrnxnjzyx.JPEG,imagenet,0,1.3720602288624663e-05
diffusion_datasets/imagenet/0_real/leadpebgwn.JPEG,imagenet,0,0.0004514155522258467
diffusion_datasets/imagenet/0_real/mltvjsqnjm.JPEG,imagenet,0,2.0058049704084473e-05
diffusion_datasets/imagenet/0_real/wdxoxbbogy.JPEG,imagenet,0,0.001175470865969795
diffusion_datasets/imagenet/0_real/ixykpgtooh.JPEG,imagenet,0,0.011340534622024659
diffusion_datasets/imagenet/0_real/sltdkynkrd.JPEG,imagenet,0,0.0010498285135802639
diffusion_datasets/imagenet/0_real/pirwlvliku.JPEG,imagenet,0,0.021085052357083467
diffusion_datasets/imagenet/0_real/xnesojheqr.JPEG,imagenet,0,0.0034580162988503546
diffusion_datasets/imagenet/0_real/onojezltok.JPEG,imagenet,0,0.0011819198172703341
diffusion_datasets/imagenet/0_real/cubsnkbrrm.JPEG,imagenet,0,0.0002873012955059997
diffusion_datasets/imagenet/0_real/gudshwhvvv.JPEG,imagenet,0,0.003870997724088928
diffusion_datasets/imagenet/0_real/touiowfclv.JPEG,imagenet,0,2.577011810508505e-05
diffusion_datasets/imagenet/0_real/fjjzjquuqt.JPEG,imagenet,0,0.010494774226746523
diffusion_datasets/imagenet/0_real/jnifdomopt.JPEG,imagenet,0,0.008559359635228268
diffusion_datasets/imagenet/0_real/hnfbzeaoqb.JPEG,imagenet,0,0.0033474659893288337
diffusion_datasets/imagenet/0_real/snkshpixle.JPEG,imagenet,0,8.453754471006887e-05
diffusion_datasets/imagenet/0_real/cvohxivzjd.JPEG,imagenet,0,0.0017975100052247028
diffusion_datasets/imagenet/0_real/cpyrataump.JPEG,imagenet,0,0.06395827555222452
diffusion_datasets/imagenet/0_real/uzslfnchhd.JPEG,imagenet,0,4.962246827529199e-05
diffusion_datasets/imagenet/0_real/aynkpajrmy.JPEG,imagenet,0,0.01467611320644727
diffusion_datasets/imagenet/0_real/cubclpdlyb.JPEG,imagenet,0,0.0017502018472308042
diffusion_datasets/imagenet/0_real/uvweqxeurs.JPEG,imagenet,0,0.21835490303272112
diffusion_datasets/imagenet/0_real/wpptcqobpu.JPEG,imagenet,0,0.06408222985037443
diffusion_datasets/imagenet/0_real/qgxnqynxwh.JPEG,imagenet,0,0.0001378366753509603
diffusion_datasets/imagenet/0_real/arnnhazyia.JPEG,imagenet,0,0.0001465951686076332
diffusion_datasets/imagenet/0_real/sxbfuikltb.JPEG,imagenet,0,0.043403708944964384
diffusion_datasets/imagenet/0_real/nypkpjmzri.JPEG,imagenet,0,0.31306634906321323
diffusion_datasets/imagenet/0_real/vwsjebonhl.JPEG,imagenet,0,0.006016066379199828
diffusion_datasets/imagenet/0_real/mfmhhrlxuy.JPEG,imagenet,0,0.00020976863043025516
diffusion_datasets/imagenet/0_real/yhxjifarjw.JPEG,imagenet,0,0.0016492777359896904
diffusion_datasets/imagenet/0_real/afwwethmvf.JPEG,imagenet,0,0.016153565936602977
diffusion_datasets/imagenet/0_real/bkyusgjzud.JPEG,imagenet,0,0.009571150225687311
diffusion_datasets/imagenet/0_real/hnzpgeledt.JPEG,imagenet,0,0.08539416192589062
diffusion_datasets/imagenet/0_real/uxbgzfafqm.JPEG,imagenet,0,0.00010787353477337344
diffusion_datasets/imagenet/0_real/bfczagsxfw.JPEG,imagenet,0,0.00026123698921809907
diffusion_datasets/imagenet/0_real/slrtleyncm.JPEG,imagenet,0,1.7198104393549147e-05
diffusion_datasets/imagenet/0_real/llaiteusmv.JPEG,imagenet,0,0.9292418807945743
diffusion_datasets/imagenet/0_real/rzrzcujvqg.JPEG,imagenet,0,0.0022376318892530353
diffusion_datasets/imagenet/0_real/devyzpyxmr.JPEG,imagenet,0,0.07624552319428493
diffusion_datasets/imagenet/0_real/bxfbgvlfqu.JPEG,imagenet,0,0.0001035443195850702
diffusion_datasets/imagenet/0_real/pyydtwntke.JPEG,imagenet,0,2.2610003961487787e-05
diffusion_datasets/imagenet/0_real/wdjkwiwroa.JPEG,imagenet,0,0.003360252747246579
diffusion_datasets/imagenet/0_real/gwfboomsuw.JPEG,imagenet,0,0.000814343860212365
diffusion_datasets/imagenet/0_real/jhnbcswvmq.JPEG,imagenet,0,6.659103794290446e-05
diffusion_datasets/imagenet/0_real/jecdlrpjba.JPEG,imagenet,0,0.003697408247522149
diffusion_datasets/imagenet/0_real/stnicrfcsk.JPEG,imagenet,0,0.05507947782998092
diffusion_datasets/imagenet/0_real/czkhjnfjgr.JPEG,imagenet,0,0.17342854242674255
diffusion_datasets/imagenet/0_real/ilaptngbkl.JPEG,imagenet,0,4.1985697937229697e-05
diffusion_datasets/imagenet/0_real/kwqbkshqjn.JPEG,imagenet,0,0.0006561919409159282
diffusion_datasets/imagenet/0_real/utfokfmmbf.JPEG,imagenet,0,0.14384421772282602
diffusion_datasets/imagenet/0_real/fvbwueqmmc.JPEG,imagenet,0,0.0020651427140872475
diffusion_datasets/imagenet/0_real/slmgcnpjiz.JPEG,imagenet,0,0.01246351317629918
diffusion_datasets/imagenet/0_real/ygqiosrden.JPEG,imagenet,0,0.011143784642631474
diffusion_datasets/imagenet/0_real/lxdnodpvuz.JPEG,imagenet,0,0.003053265890312859
diffusion_datasets/imagenet/0_real/fuahrcqbgk.JPEG,imagenet,0,0.04621277721289375
diffusion_datasets/imagenet/0_real/wedprdqjkr.JPEG,imagenet,0,1.4203372990613558e-06
diffusion_datasets/imagenet/0_real/smlabsrifo.JPEG,imagenet,0,1.7437686749013487e-06
diffusion_datasets/imagenet/0_real/enrmnsxepz.JPEG,imagenet,0,0.026065372109643437
diffusion_datasets/imagenet/0_real/ybbbdeihcf.JPEG,imagenet,0,0.003857302357479826
diffusion_datasets/imagenet/0_real/asxtxajrfc.JPEG,imagenet,0,0.003962689642247497
diffusion_datasets/imagenet/0_real/eqndltlggi.JPEG,imagenet,0,0.31190409657381246
diffusion_datasets/imagenet/0_real/wotrziuyhj.JPEG,imagenet,0,0.0070095447480040445
diffusion_datasets/imagenet/0_real/xnidvmnavp.JPEG,imagenet,0,0.1590577629442466
diffusion_datasets/imagenet/0_real/qpjsgmteke.JPEG,imagenet,0,0.03571085528976183
diffusion_datasets/imagenet/0_real/mfcceezfwn.JPEG,imagenet,0,0.0073242160361690865
diffusion_datasets/imagenet/0_real/bbdiioaqyn.JPEG,imagenet,0,0.2627239745684018
diffusion_datasets/imagenet/0_real/yvwtaordyd.JPEG,imagenet,0,5.0794752918051895e-05
diffusion_datasets/imagenet/0_real/dbmufhmuzs.JPEG,imagenet,0,0.009686356314379184
diffusion_datasets/imagenet/0_real/odyhbcgchi.JPEG,imagenet,0,0.013270841891583533
diffusion_datasets/imagenet/0_real/shkxdbeqpn.JPEG,imagenet,0,0.00976908208765409
diffusion_datasets/imagenet/0_real/xdpqtpwyiz.JPEG,imagenet,0,0.001589002253121688
diffusion_datasets/imagenet/0_real/vmlzuywhlr.JPEG,imagenet,0,0.13697578001267646
diffusion_datasets/imagenet/0_real/ivvevnakub.JPEG,imagenet,0,1.2464480710853757e-05
diffusion_datasets/imagenet/0_real/hzsujxzlcn.JPEG,imagenet,0,1.786296007439287e-05
diffusion_datasets/imagenet/0_real/ybpiflwjwj.JPEG,imagenet,0,0.01754663751623589
diffusion_datasets/imagenet/0_real/sgnnltafbd.JPEG,imagenet,0,0.055671547112016814
diffusion_datasets/imagenet/0_real/fuqmkbouip.JPEG,imagenet,0,0.00029575223625773303
diffusion_datasets/imagenet/0_real/owavsapwhv.JPEG,imagenet,0,0.23860428997942487
diffusion_datasets/imagenet/0_real/gliascthpi.JPEG,imagenet,0,0.025055466687022458
diffusion_datasets/imagenet/0_real/phqxvaxgfc.JPEG,imagenet,0,0.0012992423452039908
diffusion_datasets/imagenet/0_real/owymrcrmoo.JPEG,imagenet,0,0.29969475572115856
diffusion_datasets/imagenet/0_real/qvizqxsbvw.JPEG,imagenet,0,2.5462440162729515e-05
diffusion_datasets/imagenet/0_real/vthfgmonzr.JPEG,imagenet,0,0.00440668564347816
diffusion_datasets/imagenet/0_real/lmrswyanpv.JPEG,imagenet,0,3.5635143240365146e-05
diffusion_datasets/imagenet/0_real/fiejjmdcwg.JPEG,imagenet,0,0.22379107870883003
diffusion_datasets/imagenet/0_real/oqgbxaotgn.JPEG,imagenet,0,0.0004004283355109594
diffusion_datasets/imagenet/0_real/imcwvnqwdv.JPEG,imagenet,0,0.4179659931647254
diffusion_datasets/imagenet/0_real/psvmrypqai.JPEG,imagenet,0,0.010982273091731965
diffusion_datasets/imagenet/0_real/okuolqaypa.JPEG,imagenet,0,0.2262909312543763
diffusion_datasets/imagenet/0_real/cbmykoukdb.JPEG,imagenet,0,0.008967877594500491
diffusion_datasets/imagenet/0_real/mzuykzukvb.JPEG,imagenet,0,0.003359012562162033
diffusion_datasets/imagenet/0_real/edqamoutbf.JPEG,imagenet,0,0.0005984393366518005
diffusion_datasets/imagenet/0_real/temvvnfwvq.JPEG,imagenet,0,0.0005424893479795733
diffusion_datasets/imagenet/0_real/vapzubzcvf.JPEG,imagenet,0,0.014531094825142999
diffusion_datasets/imagenet/0_real/dhepjncjkt.JPEG,imagenet,0,0.08245489871048962
diffusion_datasets/imagenet/0_real/lpvhehbmzv.JPEG,imagenet,0,0.8227845457741952
diffusion_datasets/imagenet/0_real/sbuowwvzjw.JPEG,imagenet,0,0.08576516122546009
diffusion_datasets/imagenet/0_real/eaesoxacae.JPEG,imagenet,0,0.0002150884953069838
diffusion_datasets/imagenet/0_real/wsbyyiugsn.JPEG,imagenet,0,0.00016818663658054166
diffusion_datasets/imagenet/0_real/vqrdytkinp.JPEG,imagenet,0,0.5098880306775102
diffusion_datasets/imagenet/0_real/lqrkxsvuvt.JPEG,imagenet,0,0.00011973124297546222
diffusion_datasets/imagenet/0_real/bwvinmojcw.JPEG,imagenet,0,0.005489860287721115
diffusion_datasets/imagenet/0_real/zhkktdnkhl.JPEG,imagenet,0,0.006816323952877532
diffusion_datasets/imagenet/0_real/fegqolkrls.JPEG,imagenet,0,0.42033527049885383
diffusion_datasets/imagenet/0_real/jykjuscrhb.JPEG,imagenet,0,0.047267104669132
diffusion_datasets/imagenet/0_real/iwbpqeobxw.JPEG,imagenet,0,4.3122318290228746e-05
diffusion_datasets/imagenet/0_real/ijeyjgrtgr.JPEG,imagenet,0,0.16901853581168488
diffusion_datasets/imagenet/0_real/hsvrfsodig.JPEG,imagenet,0,0.11926396838829038
diffusion_datasets/imagenet/0_real/mgeezotzdw.JPEG,imagenet,0,0.0016266450478348291
diffusion_datasets/imagenet/0_real/dhjedfczru.JPEG,imagenet,0,0.0035978153143212234
diffusion_datasets/imagenet/0_real/kgmqyotoqo.JPEG,imagenet,0,0.1383179506549433
diffusion_datasets/imagenet/0_real/zwkapmobkx.JPEG,imagenet,0,1.0054386719081561e-05
diffusion_datasets/imagenet/0_real/jhnzthaool.JPEG,imagenet,0,0.0018475500536025416
diffusion_datasets/imagenet/0_real/pwhjtzqmis.JPEG,imagenet,0,0.02119456007225026
diffusion_datasets/imagenet/0_real/jcbooxfwcy.JPEG,imagenet,0,5.979052793913167e-05
diffusion_datasets/imagenet/0_real/zzrybysskm.JPEG,imagenet,0,4.806109031960996e-07
diffusion_datasets/imagenet/0_real/hpmppyffov.JPEG,imagenet,0,0.018739150749545717
diffusion_datasets/imagenet/0_real/fneghrqtsf.JPEG,imagenet,0,0.168077255976372
diffusion_datasets/imagenet/0_real/iqijagswok.JPEG,imagenet,0,0.0019157713592547693
diffusion_datasets/imagenet/0_real/aieykhstre.JPEG,imagenet,0,0.0010767342737791384
diffusion_datasets/imagenet/0_real/fihznganle.JPEG,imagenet,0,4.940519593162155e-06
diffusion_datasets/imagenet/0_real/jxacexpmcn.JPEG,imagenet,0,0.0033232433413057493
diffusion_datasets/imagenet/0_real/gtjyzhcqoi.JPEG,imagenet,0,0.0010524161434129322
diffusion_datasets/imagenet/0_real/pfvgbusewt.JPEG,imagenet,0,0.01604849068584473
diffusion_datasets/imagenet/0_real/onkjvikzsj.JPEG,imagenet,0,0.0010712778931690203
diffusion_datasets/imagenet/0_real/kkqnltzvmr.JPEG,imagenet,0,0.007489368945370393
diffusion_datasets/imagenet/0_real/cyencgbdne.JPEG,imagenet,0,0.00020034339511072158
diffusion_datasets/imagenet/0_real/qdnqcoyzar.JPEG,imagenet,0,0.001868955260813579
diffusion_datasets/imagenet/0_real/ppufoaihkk.JPEG,imagenet,0,0.6671851388286326
diffusion_datasets/imagenet/0_real/jirfxpsjiz.JPEG,imagenet,0,0.24991697001857796
diffusion_datasets/imagenet/0_real/utlevcsfzc.JPEG,imagenet,0,3.126824669767654e-05
diffusion_datasets/imagenet/0_real/fmlqvsmgwg.JPEG,imagenet,0,0.1820723142450343
diffusion_datasets/imagenet/0_real/guljtnkdnj.JPEG,imagenet,0,0.6718629600074553
diffusion_datasets/imagenet/0_real/ouirlfwsyx.JPEG,imagenet,0,0.0007781189192377538
diffusion_datasets/imagenet/0_real/ybihqfczqf.JPEG,imagenet,0,0.0003446142336134457
diffusion_datasets/imagenet/0_real/surgjkswmj.JPEG,imagenet,0,0.2560570582966696
diffusion_datasets/imagenet/0_real/jqcakwrejy.JPEG,imagenet,0,0.000853764375260132
diffusion_datasets/imagenet/0_real/vispixnoqk.JPEG,imagenet,0,0.6679027346218455
diffusion_datasets/imagenet/0_real/yfnrrhachx.JPEG,imagenet,0,0.002367971907536244
diffusion_datasets/imagenet/0_real/vftoepxxkj.JPEG,imagenet,0,0.0003124442838571872
diffusion_datasets/imagenet/0_real/wgmfkffpbs.JPEG,imagenet,0,0.9578880562523296
diffusion_datasets/imagenet/0_real/jhcimomcij.JPEG,imagenet,0,8.132402697156154e-05
diffusion_datasets/imagenet/0_real/vvdfxbwxxd.JPEG,imagenet,0,7.925980829850997e-05
diffusion_datasets/imagenet/0_real/aesvfgnjye.JPEG,imagenet,0,0.00011792829042729357
diffusion_datasets/imagenet/0_real/vmouwpueqp.JPEG,imagenet,0,0.08738818335657338
diffusion_datasets/imagenet/0_real/imkvcjrnck.JPEG,imagenet,0,0.6316923027032864
diffusion_datasets/imagenet/0_real/ynescstwdk.JPEG,imagenet,0,0.0025437803131246094
diffusion_datasets/imagenet/0_real/lzletadhdl.JPEG,imagenet,0,0.009910095610339925
diffusion_datasets/imagenet/0_real/rpeighzltg.JPEG,imagenet,0,0.006080695647964436
diffusion_datasets/imagenet/0_real/nwpodhovep.JPEG,imagenet,0,0.002077390984874291
diffusion_datasets/imagenet/0_real/djtbqkzsak.JPEG,imagenet,0,0.0005416982779411344
diffusion_datasets/imagenet/0_real/olxhrrlaut.JPEG,imagenet,0,0.09372380124676694
diffusion_datasets/imagenet/0_real/vrwfguctin.JPEG,imagenet,0,0.007259256050623445
diffusion_datasets/imagenet/0_real/tbxpyvxjym.JPEG,imagenet,0,0.06902345343553716
diffusion_datasets/imagenet/0_real/szkmirkryb.JPEG,imagenet,0,0.00038357474948087935
diffusion_datasets/imagenet/0_real/lvndezxcir.JPEG,imagenet,0,0.06708010711726015
diffusion_datasets/imagenet/0_real/ltwpiurdob.JPEG,imagenet,0,0.0002353110024526891
diffusion_datasets/imagenet/0_real/ypvdkreobg.JPEG,imagenet,0,0.0004316100182520132
diffusion_datasets/imagenet/0_real/ueoeojrsyj.JPEG,imagenet,0,0.06382532997603833
diffusion_datasets/imagenet/0_real/txviitvyvk.JPEG,imagenet,0,0.16627029081973219
diffusion_datasets/imagenet/0_real/ykhbfkbqqc.JPEG,imagenet,0,0.008872058850918187
diffusion_datasets/imagenet/0_real/mfoxhwrofa.JPEG,imagenet,0,0.013339589637172742
diffusion_datasets/imagenet/0_real/wsbgevekgf.JPEG,imagenet,0,0.0001519741949329494
diffusion_datasets/imagenet/0_real/ewspkgvjkv.JPEG,imagenet,0,0.017531678109406257
diffusion_datasets/imagenet/0_real/dpsfehmqme.JPEG,imagenet,0,2.614043124035647e-05
diffusion_datasets/imagenet/0_real/nyrfgpglht.JPEG,imagenet,0,0.028687579481213484
diffusion_datasets/imagenet/0_real/ywjlbpxbjz.JPEG,imagenet,0,1.4622697961959594e-05
diffusion_datasets/imagenet/0_real/wtzwjbopzy.JPEG,imagenet,0,0.028675575098861702
diffusion_datasets/imagenet/0_real/cxjsjqusph.JPEG,imagenet,0,0.05261047482388945
diffusion_datasets/imagenet/0_real/sevosnzutr.JPEG,imagenet,0,0.06444655038286223
diffusion_datasets/imagenet/0_real/gaezkwugoh.JPEG,imagenet,0,0.00018978793685475007
diffusion_datasets/imagenet/0_real/tigzfxjaeg.JPEG,imagenet,0,0.005349448124553401
diffusion_datasets/imagenet/0_real/tqgzodmdpm.JPEG,imagenet,0,0.011185051645247109
diffusion_datasets/imagenet/0_real/nejpnuzhor.JPEG,imagenet,0,0.6345069713173823
diffusion_datasets/imagenet/0_real/vsoitgrurd.JPEG,imagenet,0,0.020232210991959293
diffusion_datasets/imagenet/0_real/jroisduzzw.JPEG,imagenet,0,0.00012180827883794878
diffusion_datasets/imagenet/0_real/jvfamsvrme.JPEG,imagenet,0,0.0011229424611053293
diffusion_datasets/imagenet/0_real/wcuupgwotu.JPEG,imagenet,0,0.40706778190880094
diffusion_datasets/imagenet/0_real/auannvrmrm.JPEG,imagenet,0,0.01471336286432464
diffusion_datasets/imagenet/0_real/qwawgjhkcz.JPEG,imagenet,0,0.10701794674091238
diffusion_datasets/imagenet/0_real/jrkctxyekx.JPEG,imagenet,0,0.019346556787237325
diffusion_datasets/imagenet/0_real/fpjptmloys.JPEG,imagenet,0,0.0019293161277577256
diffusion_datasets/imagenet/0_real/tibxcunvom.JPEG,imagenet,0,9.031533799607157e-05
diffusion_datasets/imagenet/0_real/clutkoqhvu.JPEG,imagenet,0,0.009988601758759258
diffusion_datasets/imagenet/0_real/hhhwzgcieg.JPEG,imagenet,0,0.5253979724051611
diffusion_datasets/imagenet/0_real/wrxxltdsxi.JPEG,imagenet,0,0.426239949198515
diffusion_datasets/imagenet/0_real/aaksjqrtil.JPEG,imagenet,0,0.001069667541383908
diffusion_datasets/imagenet/0_real/hypftiguck.JPEG,imagenet,0,0.00011923662246707109
diffusion_datasets/imagenet/0_real/ywhajfzors.JPEG,imagenet,0,1.159847447304579e-05
diffusion_datasets/imagenet/0_real/fjxuybiebs.JPEG,imagenet,0,0.0004978470948302612
diffusion_datasets/imagenet/0_real/yrantjwhqk.JPEG,imagenet,0,6.966700821469621e-05
diffusion_datasets/imagenet/0_real/hzfxwrmqch.JPEG,imagenet,0,0.00530933402127419
diffusion_datasets/imagenet/0_real/znxaufdjpv.JPEG,imagenet,0,0.028123331078023176
diffusion_datasets/imagenet/0_real/aahxgrlfqt.JPEG,imagenet,0,0.2605112397547204
diffusion_datasets/imagenet/0_real/uydofqnwdz.JPEG,imagenet,0,2.4496150706508665e-06
diffusion_datasets/imagenet/0_real/eoacigirrk.JPEG,imagenet,0,0.016445688775955283
diffusion_datasets/imagenet/0_real/ohycivlfdy.JPEG,imagenet,0,0.0020341423530538857
diffusion_datasets/imagenet/0_real/bolqiuvdbo.JPEG,imagenet,0,0.001708200287770682
diffusion_datasets/imagenet/0_real/bulfplvjow.JPEG,imagenet,0,0.05714124805043408
diffusion_datasets/imagenet/0_real/osigoexsbv.JPEG,imagenet,0,0.00038749268642551975
diffusion_datasets/imagenet/0_real/sjezxhpiwr.JPEG,imagenet,0,0.03796100434645027
diffusion_datasets/imagenet/0_real/xfhgbduucl.JPEG,imagenet,0,0.0005949837998021311
diffusion_datasets/imagenet/0_real/ndjgpgfppo.JPEG,imagenet,0,0.5233695838698502
diffusion_datasets/imagenet/0_real/tknxjephgy.JPEG,imagenet,0,0.00026493263922541696
diffusion_datasets/imagenet/0_real/irwxnqcndk.JPEG,imagenet,0,0.0002533122736439161
diffusion_datasets/imagenet/0_real/wzdhwjmvgy.JPEG,imagenet,0,5.934197981361932e-05
diffusion_datasets/imagenet/0_real/olxtdigiux.JPEG,imagenet,0,0.012688735250473246
diffusion_datasets/imagenet/0_real/lxjrxqzveb.JPEG,imagenet,0,0.02692673050293196
diffusion_datasets/imagenet/0_real/mubozyqcgp.JPEG,imagenet,0,0.00028875647484474733
diffusion_datasets/imagenet/0_real/sxwaupvkta.JPEG,imagenet,0,0.011143246905577898
diffusion_datasets/imagenet/0_real/zcaqqmomfv.JPEG,imagenet,0,0.00013247139933675623
diffusion_datasets/imagenet/0_real/hsweljupee.JPEG,imagenet,0,0.10345190675932861
diffusion_datasets/imagenet/0_real/bnhkqppcfl.JPEG,imagenet,0,0.13872144890306673
diffusion_datasets/imagenet/0_real/bljmtryslc.JPEG,imagenet,0,0.0021136726784669233
diffusion_datasets/imagenet/0_real/dojapmtjlo.JPEG,imagenet,0,0.06211688081406082
diffusion_datasets/imagenet/0_real/qvldneoiwj.JPEG,imagenet,0,0.003650595218835358
diffusion_datasets/imagenet/0_real/pcwvbmjrea.JPEG,imagenet,0,8.733207056884625e-05
diffusion_datasets/imagenet/0_real/aakydlwfer.JPEG,imagenet,0,0.0010234427099424014
diffusion_datasets/imagenet/0_real/zhkybzbekn.JPEG,imagenet,0,6.204817291119736e-05
diffusion_datasets/imagenet/0_real/jgyprvacek.JPEG,imagenet,0,0.07295718063339977
diffusion_datasets/imagenet/0_real/frrzmsczog.JPEG,imagenet,0,0.00045642601105644364
diffusion_datasets/imagenet/0_real/ahwxcijnxm.JPEG,imagenet,0,0.020086354705483745
diffusion_datasets/imagenet/0_real/xuzzmcdpux.JPEG,imagenet,0,0.2485640750507779
diffusion_datasets/imagenet/0_real/ucxiudybpx.JPEG,imagenet,0,0.08173562123728673
diffusion_datasets/imagenet/0_real/dncoarxujc.JPEG,imagenet,0,0.00889299381954014
diffusion_datasets/imagenet/0_real/mqzlaxdcyf.JPEG,imagenet,0,2.704772334992053e-05
diffusion_datasets/imagenet/0_real/drpsdefmzh.JPEG,imagenet,0,0.10708367349000004
diffusion_datasets/imagenet/0_real/tfdqevjhtk.JPEG,imagenet,0,0.0002436751906938316
diffusion_datasets/imagenet/0_real/mtclcgxdyh.JPEG,imagenet,0,0.0736295277216508
diffusion_datasets/imagenet/0_real/xvwgzjvahe.JPEG,imagenet,0,0.000293422635593341
diffusion_datasets/imagenet/0_real/ffubnjdhop.JPEG,imagenet,0,0.0008751609601263957
diffusion_datasets/imagenet/0_real/bicflvshvw.JPEG,imagenet,0,0.00016649052555596936
diffusion_datasets/imagenet/0_real/flcafzqbyt.JPEG,imagenet,0,0.002140017977581768
diffusion_datasets/imagenet/0_real/zatnelrcct.JPEG,imagenet,0,0.37671965723309897
diffusion_datasets/imagenet/0_real/qsndeimedb.JPEG,imagenet,0,4.007508614734742e-05
diffusion_datasets/imagenet/0_real/kbpanibqgu.JPEG,imagenet,0,3.438895309686858e-05
diffusion_datasets/imagenet/0_real/wjvuvyodzv.JPEG,imagenet,0,0.00016460048510762558
diffusion_datasets/imagenet/0_real/agjsmczzat.JPEG,imagenet,0,1.949923601360213e-05
diffusion_datasets/imagenet/0_real/jckrxjozhx.JPEG,imagenet,0,0.002276193745412122
diffusion_datasets/imagenet/0_real/mbtqfbwlry.JPEG,imagenet,0,0.02587685858117018
diffusion_datasets/imagenet/0_real/dsxuevcdxk.JPEG,imagenet,0,0.05495612301692059
diffusion_datasets/imagenet/0_real/jnrpfsvjdm.JPEG,imagenet,0,0.0025754727358010916
diffusion_datasets/imagenet/0_real/gsjragxgrg.JPEG,imagenet,0,0.02162983071386957
diffusion_datasets/imagenet/0_real/kyrjicorfj.JPEG,imagenet,0,0.03513064390700893
diffusion_datasets/imagenet/0_real/newahshtuc.JPEG,imagenet,0,0.0002374120413566651
diffusion_datasets/imagenet/0_real/hxayxhqfnz.JPEG,imagenet,0,9.057589860718568e-05
diffusion_datasets/imagenet/0_real/tbganwxklb.JPEG,imagenet,0,8.249146619183334e-06
diffusion_datasets/imagenet/0_real/rtiaijvnif.JPEG,imagenet,0,0.0009715647934660497
diffusion_datasets/imagenet/0_real/dsxzmqgrfv.JPEG,imagenet,0,0.01589278601974756
diffusion_datasets/imagenet/0_real/owwrkfwvmg.JPEG,imagenet,0,0.004327663810555276
diffusion_datasets/imagenet/0_real/pukjffussu.JPEG,imagenet,0,0.2160307989203357
diffusion_datasets/imagenet/0_real/lvtmqaadzz.JPEG,imagenet,0,0.09124455858129298
diffusion_datasets/imagenet/0_real/qgdbbafuhn.JPEG,imagenet,0,0.3490728538686367
diffusion_datasets/imagenet/0_real/mqbzprykrc.JPEG,imagenet,0,0.010405927580874209
diffusion_datasets/imagenet/0_real/ceyagwkqcf.JPEG,imagenet,0,0.16186404453842748
diffusion_datasets/imagenet/0_real/wekyyrslyw.JPEG,imagenet,0,0.0008862773040668011
diffusion_datasets/imagenet/0_real/vpokhpnoyy.JPEG,imagenet,0,0.00022223688271118315
diffusion_datasets/imagenet/0_real/yxdmgabgrh.JPEG,imagenet,0,0.9901690775454334
diffusion_datasets/imagenet/0_real/zoxknkpgoh.JPEG,imagenet,0,0.1469718828745836
diffusion_datasets/imagenet/0_real/ydufoinjbm.JPEG,imagenet,0,0.02640367522545079
diffusion_datasets/imagenet/0_real/kzaxlmhpyk.JPEG,imagenet,0,0.07739608839174618
diffusion_datasets/imagenet/0_real/ewldxwaqfh.JPEG,imagenet,0,0.01972499051949535
diffusion_datasets/imagenet/0_real/ybpkzmxsoj.JPEG,imagenet,0,0.20085031830548328
diffusion_datasets/imagenet/0_real/uzjbonpwla.JPEG,imagenet,0,0.4980865849406439
diffusion_datasets/imagenet/0_real/hjshyxnjca.JPEG,imagenet,0,0.03214412267661584
diffusion_datasets/imagenet/0_real/ttfwqkviia.JPEG,imagenet,0,0.0006250584443832773
diffusion_datasets/imagenet/0_real/shyyqqechu.JPEG,imagenet,0,2.9655065875690058e-05
diffusion_datasets/imagenet/0_real/jabklaioxf.JPEG,imagenet,0,0.002266562466206127
diffusion_datasets/imagenet/0_real/xnyhohvpna.JPEG,imagenet,0,0.5120463617718342
diffusion_datasets/imagenet/0_real/ikesdclcne.JPEG,imagenet,0,0.03347023960405697
diffusion_datasets/imagenet/0_real/njrelhtzux.JPEG,imagenet,0,0.00045280443148481273
diffusion_datasets/imagenet/0_real/lizvdcrrbp.JPEG,imagenet,0,0.00015080298881039236
diffusion_datasets/imagenet/0_real/albdpubxka.JPEG,imagenet,0,9.23058190001456e-06
diffusion_datasets/imagenet/0_real/gfdekurnbz.JPEG,imagenet,0,0.5710957414696495
diffusion_datasets/imagenet/0_real/pzvgfnoiln.JPEG,imagenet,0,0.1451684673698126
diffusion_datasets/imagenet/0_real/zchftlmgnh.JPEG,imagenet,0,0.010969453465541823
diffusion_datasets/imagenet/0_real/fwhacyybom.JPEG,imagenet,0,0.0006548368289683125
diffusion_datasets/imagenet/0_real/dbcoycuiyt.JPEG,imagenet,0,0.0004442807114847469
diffusion_datasets/imagenet/0_real/qsuodtmksx.JPEG,imagenet,0,0.0017501293783115724
diffusion_datasets/imagenet/0_real/zbnbosutcn.JPEG,imagenet,0,0.05566060629626322
diffusion_datasets/imagenet/0_real/muszivpifs.JPEG,imagenet,0,0.00011494527285771391
diffusion_datasets/imagenet/0_real/hlwefvuprq.JPEG,imagenet,0,0.01061167542820752
diffusion_datasets/imagenet/0_real/nnylgyqsxs.JPEG,imagenet,0,0.010913991769999227
diffusion_datasets/imagenet/0_real/qitcgxcdmj.JPEG,imagenet,0,0.3837099151650272
diffusion_datasets/imagenet/0_real/jgvhyrcgyx.JPEG,imagenet,0,0.02764780991472462
diffusion_datasets/imagenet/0_real/ulpnibnvvc.JPEG,imagenet,0,0.1413771601579038
diffusion_datasets/imagenet/0_real/figfzyfhkt.JPEG,imagenet,0,0.012159395738034772
diffusion_datasets/imagenet/0_real/oyxvwvxuzr.JPEG,imagenet,0,0.0005288355922242383
diffusion_datasets/imagenet/0_real/effiwpkvcy.JPEG,imagenet,0,0.009243841182935437
diffusion_datasets/imagenet/0_real/wipphellrw.JPEG,imagenet,0,0.002246924978276102
diffusion_datasets/imagenet/0_real/vipmyyceny.JPEG,imagenet,0,0.7329021257847308
diffusion_datasets/imagenet/0_real/ftobdflmuz.JPEG,imagenet,0,0.00983218135533473
diffusion_datasets/imagenet/0_real/dldztvvwrt.JPEG,imagenet,0,0.01816861182726825
diffusion_datasets/imagenet/0_real/nmdxktenko.JPEG,imagenet,0,6.747238009228696e-07
diffusion_datasets/imagenet/0_real/yldbjbxfzj.JPEG,imagenet,0,0.0011858026703611881
diffusion_datasets/imagenet/0_real/oaepibbwpe.JPEG,imagenet,0,0.008840617523480315
diffusion_datasets/imagenet/0_real/jdoqiuxxvj.JPEG,imagenet,0,0.0004360909169464746
diffusion_datasets/imagenet/0_real/vlwnndwtuh.JPEG,imagenet,0,0.001972424845956581
diffusion_datasets/imagenet/0_real/gufjiiwgrf.JPEG,imagenet,0,0.0007528474242142459
diffusion_datasets/imagenet/0_real/werhusireg.JPEG,imagenet,0,0.0001559968574814812
diffusion_datasets/imagenet/0_real/nytqcbcfth.JPEG,imagenet,0,0.001934406477410519
diffusion_datasets/imagenet/0_real/tvdnjojlmh.JPEG,imagenet,0,0.0009675531622465168
diffusion_datasets/imagenet/0_real/mfzrfiyjrf.JPEG,imagenet,0,0.0035765982485706192
diffusion_datasets/imagenet/0_real/znwafizosm.JPEG,imagenet,0,0.005109606973481732
diffusion_datasets/imagenet/0_real/ughldndbio.JPEG,imagenet,0,6.403887239868884e-06
diffusion_datasets/imagenet/0_real/zkioiunenq.JPEG,imagenet,0,0.010957854412196487
diffusion_datasets/imagenet/0_real/echehlitmr.JPEG,imagenet,0,0.00032538114208408096
diffusion_datasets/imagenet/0_real/hvuyhhryut.JPEG,imagenet,0,0.0002543177618880957
diffusion_datasets/imagenet/0_real/qhuylytsyy.JPEG,imagenet,0,0.0009335526461988487
diffusion_datasets/imagenet/0_real/dbifuulczh.JPEG,imagenet,0,0.00018157364348966493
diffusion_datasets/imagenet/0_real/vsivgpmche.JPEG,imagenet,0,0.10104088179874461
diffusion_datasets/imagenet/0_real/jhuyduptth.JPEG,imagenet,0,0.13118203022627362
diffusion_datasets/imagenet/0_real/likeehktbp.JPEG,imagenet,0,2.7458307211132984e-05
diffusion_datasets/imagenet/0_real/ddeuvxknie.JPEG,imagenet,0,0.002113673707746551
diffusion_datasets/imagenet/0_real/vwkbynfcdl.JPEG,imagenet,0,0.000791362442465722
diffusion_datasets/imagenet/0_real/gropzgdcno.JPEG,imagenet,0,0.002456821314687549
diffusion_datasets/imagenet/0_real/myjibkfcjw.JPEG,imagenet,0,0.07741501170731724
diffusion_datasets/imagenet/0_real/ixyzaufrnr.JPEG,imagenet,0,0.04611395622537323
diffusion_datasets/imagenet/0_real/rakzbwxeme.JPEG,imagenet,0,0.0023764845700014344
diffusion_datasets/imagenet/0_real/xoxubdjnhe.JPEG,imagenet,0,0.00014453280789758903
diffusion_datasets/imagenet/0_real/htqmkwgkwb.JPEG,imagenet,0,5.3051868754665046e-05
diffusion_datasets/imagenet/0_real/yfbwcnyvch.JPEG,imagenet,0,3.515958768347589e-05
diffusion_datasets/imagenet/0_real/nvwywbybsj.JPEG,imagenet,0,0.00587266750098202
diffusion_datasets/imagenet/0_real/heasqjcmsg.JPEG,imagenet,0,0.3013931457530587
diffusion_datasets/imagenet/0_real/pieahxylhf.JPEG,imagenet,0,0.024217838898197556
diffusion_datasets/imagenet/0_real/trssloofom.JPEG,imagenet,0,0.002459969918703509
diffusion_datasets/imagenet/0_real/dawfktkzad.JPEG,imagenet,0,1.0828342459027052e-07
diffusion_datasets/imagenet/0_real/pptvyzosrk.JPEG,imagenet,0,0.35256278871240515
diffusion_datasets/imagenet/0_real/aujwkgbadp.JPEG,imagenet,0,2.9743611789352326e-08
diffusion_datasets/imagenet/0_real/jlmbbubxmr.JPEG,imagenet,0,0.039646323569805915
diffusion_datasets/imagenet/0_real/aadlygmazf.JPEG,imagenet,0,0.0026232558602071066
diffusion_datasets/imagenet/0_real/uesrfqrmys.JPEG,imagenet,0,4.783984593027544e-06
diffusion_datasets/imagenet/0_real/hkjmvhgmso.JPEG,imagenet,0,0.004522082462640781
diffusion_datasets/imagenet/0_real/xsmkmdlmux.JPEG,imagenet,0,0.00021947200667767427
diffusion_datasets/imagenet/0_real/pjvqcnpfqy.JPEG,imagenet,0,0.2679720984769478
diffusion_datasets/imagenet/0_real/nuhcuxjnpx.JPEG,imagenet,0,0.0029369722532000438
diffusion_datasets/imagenet/0_real/oertmmpfuq.JPEG,imagenet,0,0.0863882164730614
diffusion_datasets/imagenet/0_real/xfblvcbesb.JPEG,imagenet,0,0.0065218499872882665
diffusion_datasets/imagenet/0_real/nrglavnpuu.JPEG,imagenet,0,0.4195854245872609
diffusion_datasets/imagenet/0_real/rxsgddveyy.JPEG,imagenet,0,0.00015499992280321577
diffusion_datasets/imagenet/0_real/ajldduomvc.JPEG,imagenet,0,0.03601835717630762
diffusion_datasets/imagenet/0_real/umhgkshvea.JPEG,imagenet,0,0.16532302125787493
diffusion_datasets/imagenet/0_real/sepihwqglu.JPEG,imagenet,0,0.01770930818482619
diffusion_datasets/imagenet/0_real/eufbtfldxd.JPEG,imagenet,0,0.5886447586054661
diffusion_datasets/imagenet/0_real/yinujujzud.JPEG,imagenet,0,0.02465475945950639
diffusion_datasets/imagenet/0_real/cdjghtyvsn.JPEG,imagenet,0,0.11984971337109372
diffusion_datasets/imagenet/0_real/gwwimiekeh.JPEG,imagenet,0,0.002220455458672537
diffusion_datasets/imagenet/0_real/ajaqvfgsih.JPEG,imagenet,0,0.0750936873641369
diffusion_datasets/imagenet/0_real/aoyyeorqer.JPEG,imagenet,0,0.0017737053999840107
diffusion_datasets/imagenet/0_real/gudkwzmgfo.JPEG,imagenet,0,0.06170937175590879
diffusion_datasets/imagenet/0_real/smdvfqmevj.JPEG,imagenet,0,0.0006545794856927891
diffusion_datasets/imagenet/0_real/rhwouyajcq.JPEG,imagenet,0,0.07147058196067052
diffusion_datasets/imagenet/0_real/njnnphhwll.JPEG,imagenet,0,0.0059570968178602
diffusion_datasets/imagenet/0_real/tgkezflbjz.JPEG,imagenet,0,0.01293479785449906
diffusion_datasets/imagenet/0_real/kszghluqlw.JPEG,imagenet,0,0.05257064816651001
diffusion_datasets/imagenet/0_real/orgclftabd.JPEG,imagenet,0,0.0017286033876063919
diffusion_datasets/imagenet/0_real/vuvkrfmrfw.JPEG,imagenet,0,0.024392408982884424
diffusion_datasets/imagenet/0_real/cspmbvyjpm.JPEG,imagenet,0,0.00020472829399967153
diffusion_datasets/imagenet/0_real/jkdydiqkym.JPEG,imagenet,0,0.1797338500101994
diffusion_datasets/imagenet/0_real/rtbrwgwkho.JPEG,imagenet,0,0.033963149095073523
diffusion_datasets/imagenet/0_real/jgcuwqiqsa.JPEG,imagenet,0,0.06373817255785523
diffusion_datasets/imagenet/0_real/pcaodmknyo.JPEG,imagenet,0,0.0009187036154814966
diffusion_datasets/imagenet/0_real/rprdsmygod.JPEG,imagenet,0,0.392578434936695
diffusion_datasets/imagenet/0_real/ztytemyoxv.JPEG,imagenet,0,0.002219176810458653
diffusion_datasets/imagenet/0_real/xjsfnrjtst.JPEG,imagenet,0,0.002410047179331439
diffusion_datasets/imagenet/0_real/xahepmkkki.JPEG,imagenet,0,0.07228018560596414
diffusion_datasets/imagenet/0_real/hptzommwzk.JPEG,imagenet,0,0.28388942736952866
diffusion_datasets/imagenet/0_real/acpwmtyztu.JPEG,imagenet,0,0.0001627371377961353
diffusion_datasets/imagenet/0_real/kkxuptmzof.JPEG,imagenet,0,0.5167583876781462
diffusion_datasets/imagenet/0_real/csvtttfwut.JPEG,imagenet,0,0.767696113761016
diffusion_datasets/imagenet/0_real/mocygqjmlh.JPEG,imagenet,0,0.00038000622453095216
diffusion_datasets/imagenet/0_real/nipnhttkcg.JPEG,imagenet,0,0.25214050455195375
diffusion_datasets/imagenet/0_real/ajdylzvnwn.JPEG,imagenet,0,0.00010508666395345
diffusion_datasets/imagenet/0_real/vmrobijbmc.JPEG,imagenet,0,0.044394716482035884
diffusion_datasets/imagenet/0_real/sdbpzpettf.JPEG,imagenet,0,8.342091293274509e-05
diffusion_datasets/imagenet/0_real/vitzpaholy.JPEG,imagenet,0,0.011445614234433202
diffusion_datasets/imagenet/0_real/hnsubaglth.JPEG,imagenet,0,0.03412040623383907
diffusion_datasets/imagenet/0_real/lqdjvtnjqn.JPEG,imagenet,0,0.004087065439883288
diffusion_datasets/imagenet/0_real/szebyvzlqt.JPEG,imagenet,0,0.0012198988980764325
diffusion_datasets/imagenet/0_real/iqruwytkxd.JPEG,imagenet,0,0.008080424175615468
diffusion_datasets/imagenet/0_real/xbwwtavscv.JPEG,imagenet,0,0.3547493346004807
diffusion_datasets/imagenet/0_real/vueczavslq.JPEG,imagenet,0,0.3394498645433465
diffusion_datasets/imagenet/0_real/mijuwhirnm.JPEG,imagenet,0,0.05581470778486676
diffusion_datasets/imagenet/0_real/hhmqvefsdm.JPEG,imagenet,0,4.549189468719066e-05
diffusion_datasets/imagenet/0_real/gtqyrcambg.JPEG,imagenet,0,0.03936554162993441
diffusion_datasets/imagenet/0_real/danyxpbnqf.JPEG,imagenet,0,0.0003227591833303664
diffusion_datasets/imagenet/0_real/zynieagnms.JPEG,imagenet,0,0.00010938125543371158
diffusion_datasets/imagenet/0_real/rgnjmqxait.JPEG,imagenet,0,0.221972990405084
diffusion_datasets/imagenet/0_real/wkkhoodytf.JPEG,imagenet,0,0.09951083422446574
diffusion_datasets/laion/0_real/xvulqfblsf.jpg,laion,0,0.9489807238590717
diffusion_datasets/laion/0_real/bqeilhkbun.jpg,laion,0,0.31602233485575343
diffusion_datasets/laion/0_real/kguycdreay.jpg,laion,0,0.06101983410133052
diffusion_datasets/laion/0_real/bxfbgvlfqu.jpg,laion,0,0.0014665953732388593
diffusion_datasets/laion/0_real/qdnqcoyzar.jpg,laion,0,0.6778974212325545
diffusion_datasets/laion/0_real/idvfzzxvyh.jpg,laion,0,0.016815178973087205
diffusion_datasets/laion/0_real/lvtmqaadzz.jpg,laion,0,0.12354771331754048
diffusion_datasets/laion/0_real/bghliglwng.jpg,laion,0,0.14138201769628347
diffusion_datasets/laion/0_real/jqnuoffbtb.jpg,laion,0,0.016591436553097007
diffusion_datasets/laion/0_real/tvdnjojlmh.jpg,laion,0,0.9494301131702839
diffusion_datasets/laion/0_real/jkdydiqkym.jpg,laion,0,0.27389884469338627
diffusion_datasets/laion/0_real/oqlgvyltdu.jpg,laion,0,0.41962915939865747
diffusion_datasets/laion/0_real/yecvsijdsn.jpg,laion,0,0.10273977208716026
diffusion_datasets/laion/0_real/vfjqbhhdhb.jpg,laion,0,0.9895273330821075
diffusion_datasets/laion/0_real/rpeighzltg.jpg,laion,0,0.03354870871651353
diffusion_datasets/laion/0_real/nytqcbcfth.jpg,laion,0,0.8351058176046956
diffusion_datasets/laion/0_real/mtuopsldka.jpg,laion,0,0.9329508221100449
diffusion_datasets/laion/0_real/ayibbogxvl.jpg,laion,0,0.3379086448214822
diffusion_datasets/laion/0_real/kkxuptmzof.jpg,laion,0,0.514537999683722
diffusion_datasets/laion/0_real/whqsatsqum.jpg,laion,0,0.030562925136516084
diffusion_datasets/laion/0_real/bolqiuvdbo.jpg,laion,0,0.00033364293965345296
diffusion_datasets/laion/0_real/lqrkxsvuvt.jpg,laion,0,0.6398013696739427
diffusion_datasets/laion/0_real/csvtttfwut.jpg,laion,0,0.006007230863570382
diffusion_datasets/laion/0_real/wketmynlnj.jpg,laion,0,0.7193124986222028
diffusion_datasets/laion/0_real/mubozyqcgp.jpg,laion,0,0.003917004793454917
diffusion_datasets/laion/0_real/mfcceezfwn.jpg,laion,0,0.9801939156391437
diffusion_datasets/laion/0_real/gayjhkcdkw.jpg,laion,0,0.009280067477532204
diffusion_datasets/laion/0_real/cnthnmxcwh.jpg,laion,0,0.9821308659420547
diffusion_datasets/laion/0_real/nvwywbybsj.jpg,laion,0,0.9304676004174839
diffusion_datasets/laion/0_real/zmqpqnavds.jpg,laion,0,0.02411306791032842
diffusion_datasets/laion/0_real/sneggiimdk.jpg,laion,0,0.019628143918017447
diffusion_datasets/laion/0_real/wsbyyiugsn.jpg,laion,0,0.9975041605436397
diffusion_datasets/laion/0_real/fzmzemtxkr.jpg,laion,0,0.05310055897057536
diffusion_datasets/laion/0_real/tgkezflbjz.jpg,laion,0,5.328704813816179e-06
diffusion_datasets/laion/0_real/ncyvrxsbym.jpg,laion,0,0.7461188613644487
diffusion_datasets/laion/0_real/osrdcrocjh.jpg,laion,0,0.00025683594218579896
diffusion_datasets/laion/0_real/vmjmkqeggv.jpg,laion,0,0.9828897621623501
diffusion_datasets/laion/0_real/gwhfxugran.jpg,laion,0,0.8890807479818493
diffusion_datasets/laion/0_real/lpofppxlqt.jpg,laion,0,0.016502736825002345
diffusion_datasets/laion/0_real/vispixnoqk.jpg,laion,0,8.508219518403408e-06
diffusion_datasets/laion/0_real/wrmxjiicmz.jpg,laion,0,0.8707580889013646
diffusion_datasets/laion/0_real/kzflnrbcwz.jpg,laion,0,0.9885631891503803
diffusion_datasets/laion/0_real/wedprdqjkr.jpg,laion,0,0.050577150576072254
diffusion_datasets/laion/0_real/utlevcsfzc.jpg,laion,0,0.16386072233451257
diffusion_datasets/laion/0_real/bbdiioaqyn.jpg,laion,0,0.015390179033871675
diffusion_datasets/laion/0_real/lqdjvtnjqn.jpg,laion,0,0.06299498851780055
diffusion_datasets/laion/0_real/yaaqlxnzhi.jpg,laion,0,0.43889703686527803
diffusion_datasets/laion/0_real/idrkdekvux.jpg,laion,0,0.005430213892367217
diffusion_datasets/laion/0_real/tmuzzrstsf.jpg,laion,0,0.2194039871281884
diffusion_datasets/laion/0_real/jqihknjmkf.jpg,laion,0,4.371785623326361e-05
diffusion_datasets/laion/0_real/fuahrcqbgk.jpg,laion,0,0.061587336118713434
diffusion_datasets/laion/0_real/mrdnzxhmlr.jpg,laion,0,0.6753815539476656
diffusion_datasets/laion/0_real/fwqtzyeait.jpg,laion,0,6.829581239149943e-06
diffusion_datasets/laion/0_real/ugrxyyeknx.jpg,laion,0,0.28730301368482103
diffusion_datasets/laion/0_real/oertmmpfuq.jpg,laion,0,0.07067813778818205
diffusion_datasets/laion/0_real/bcqofpsyca.jpg,laion,0,0.9382121443941339
diffusion_datasets/laion/0_real/nypkpjmzri.jpg,laion,0,0.7399365606863884
diffusion_datasets/laion/0_real/ybpkzmxsoj.jpg,laion,0,0.5535351953097821
diffusion_datasets/laion/0_real/surgjkswmj.jpg,laion,0,0.37025946764473466
diffusion_datasets/laion/0_real/nzfqdevtuu.jpg,laion,0,0.5257246822510977
diffusion_datasets/laion/0_real/plszaygqda.jpg,laion,0,0.04030117098149213
diffusion_datasets/laion/0_real/smdvfqmevj.jpg,laion,0,0.03935535632471662
diffusion_datasets/laion/0_real/gudkwzmgfo.jpg,laion,0,0.32845589257036995
diffusion_datasets/laion/0_real/sinwhncecv.jpg,laion,0,0.005601731427749986
diffusion_datasets/laion/0_real/rtiaijvnif.jpg,laion,0,0.20134368709039266
diffusion_datasets/laion/0_real/hwfugtliat.jpg,laion,0,0.7471342487065845
diffusion_datasets/laion/0_real/fzzunuvfgl.jpg,laion,0,0.0017907063653257497
diffusion_datasets/laion/0_real/buiozdnamh.jpg,laion,0,0.6750811652790812
diffusion_datasets/laion/0_real/ygsthmtuoh.jpg,laion,0,0.02996967394777036
diffusion_datasets/laion/0_real/bqcltegxdf.jpg,laion,0,0.00029282103580192064
diffusion_datasets/laion/0_real/enrmnsxepz.jpg,laion,0,0.00877555248790537
diffusion_datasets/laion/0_real/xbwwtavscv.jpg,laion,0,0.0001372968767086749
diffusion_datasets/laion/0_real/auannvrmrm.jpg,laion,0,0.9054955314878472
diffusion_datasets/laion/0_real/nvglpmddru.jpg,laion,0,0.3749717192786827
diffusion_datasets/laion/0_real/yxyqoryjpu.jpg,laion,0,0.028675697429240376
diffusion_datasets/laion/0_real/wsbgevekgf.jpg,laion,0,0.015920522780891094
diffusion_datasets/laion/0_real/szebyvzlqt.jpg,laion,0,0.00040780361775043597
diffusion_datasets/laion/0_real/adizyjvxam.jpg,laion,0,0.035063779285195364
diffusion_datasets/laion/0_real/dawfktkzad.jpg,laion,0,0.6119604614701084
diffusion_datasets/laion/0_real/eayzvzrytx.jpg,laion,0,0.08845674426049129
diffusion_datasets/laion/0_real/gzzhkwcczo.jpg,laion,0,0.004417038567843739
diffusion_datasets/laion/0_real/ycojahdoqs.jpg,laion,0,0.8669875106747191
diffusion_datasets/laion/0_real/bdwbeyarpc.jpg,laion,0,0.00033167430968104736
diffusion_datasets/laion/0_real/uzunqwixgv.jpg,laion,0,0.6722443417556618
diffusion_datasets/laion/0_real/ftobdflmuz.jpg,laion,0,0.004018717969159765
diffusion_datasets/laion/0_real/lcyxnaodgl.jpg,laion,0,0.9810359363398882
diffusion_datasets/laion/0_real/wqvahtytps.jpg,laion,0,0.00196973498464876
diffusion_datasets/laion/0_real/elpsbyigve.jpg,laion,0,0.7979839940927805
diffusion_datasets/laion/0_real/kvaphythne.jpg,laion,0,0.0016028403500168743
diffusion_datasets/laion/0_real/ypvdkreobg.jpg,laion,0,0.40566150026203907
diffusion_datasets/laion/0_real/mqbzprykrc.jpg,laion,0,0.004778915529038682
diffusion_datasets/laion/0_real/sltdkynkrd.jpg,laion,0,0.011921563558002918
diffusion_datasets/laion/0_real/fcgojsqxhw.jpg,laion,0,0.03646503546061172
diffusion_datasets/laion/0_real/jykjuscrhb.jpg,laion,0,0.08933492761935011
diffusion_datasets/laion/0_real/kvomczokut.jpg,laion,0,0.34249876736010715
diffusion_datasets/laion/0_real/yfnrrhachx.jpg,laion,0,0.00029902945552066977
diffusion_datasets/laion/0_real/owavsapwhv.jpg,laion,0,0.018769706577286566
diffusion_datasets/laion/0_real/bfuqjvwwlk.jpg,laion,0,0.08109229075291197
diffusion_datasets/laion/0_real/gvvfxpftgt.jpg,laion,0,0.06618782254370317
diffusion_datasets/laion/0_real/owymrcrmoo.jpg,laion,0,0.9231991629547553
diffusion_datasets/laion/0_real/mnbrpiakwa.jpg,laion,0,0.7603985110403226
diffusion_datasets/laion/0_real/rjdnzhbvwc.jpg,laion,0,0.8811406386479346
diffusion_datasets/laion/0_real/jvctzionai.jpg,laion,0,0.018104405903009116
diffusion_datasets/laion/0_real/smmiazxocc.jpg,laion,0,0.9616875166727417
diffusion_datasets/laion/0_real/pcvfvfsxek.jpg,laion,0,0.008982044719675284
diffusion_datasets/laion/0_real/uvwnmuvfio.jpg,laion,0,0.0033612612445034244
diffusion_datasets/laion/0_real/uxbuickkha.jpg,laion,0,0.4368694889438013
diffusion_datasets/laion/0_real/ikptlvvios.jpg,laion,0,0.9232020693024772
diffusion_datasets/laion/0_real/yutcusvily.jpg,laion,0,0.9906557483192865
diffusion_datasets/laion/0_real/qtpttlawjz.jpg,laion,0,0.560733626870832
diffusion_datasets/laion/0_real/aynkpajrmy.jpg,laion,0,0.08512770835939834
diffusion_datasets/laion/0_real/iwkrlrqsbn.jpg,laion,0,0.9880948596334673
diffusion_datasets/laion/0_real/aahxgrlfqt.jpg,laion,0,0.0033095714064135737
diffusion_datasets/laion/0_real/pbblbgdzjz.jpg,laion,0,0.00011181706322289676
diffusion_datasets/laion/0_real/lcaexbqxar.jpg,laion,0,0.006718730948447174
diffusion_datasets/laion/0_real/qafswzymfy.jpg,laion,0,0.04101171115893894
diffusion_datasets/laion/0_real/frrzmsczog.jpg,laion,0,0.7929565703335365
diffusion_datasets/laion/0_real/yqqmbglayb.jpg,laion,0,0.00015117635286983715
diffusion_datasets/laion/0_real/sxwaupvkta.jpg,laion,0,0.9475703756814661
diffusion_datasets/laion/0_real/dxvmhjeycz.jpg,laion,0,0.47439237104976273
diffusion_datasets/laion/0_real/yoqkeajskn.jpg,laion,0,0.9844768263351913
diffusion_datasets/laion/0_real/hjovhnpjdf.jpg,laion,0,0.001606838960305067
diffusion_datasets/laion/0_real/amcjhcqbxr.jpg,laion,0,0.0014807782693226192
diffusion_datasets/laion/0_real/ftampoyprn.jpg,laion,0,0.009511222453405112
diffusion_datasets/laion/0_real/yfxdzkbfpk.jpg,laion,0,0.4805918657507405
diffusion_datasets/laion/0_real/uydofqnwdz.jpg,laion,0,1.995392199033045e-05
diffusion_datasets/laion/0_real/oxkzwdrxay.jpg,laion,0,0.9934393185624109
diffusion_datasets/laion/0_real/vcuznpgkuo.jpg,laion,0,0.5103404598579174
diffusion_datasets/laion/0_real/yvwtaordyd.jpg,laion,0,0.15437424336070518
diffusion_datasets/laion/0_real/bvbspxdfxz.jpg,laion,0,0.01661742920724442
diffusion_datasets/laion/0_real/rhwouyajcq.jpg,laion,0,0.0018151772271095623
diffusion_datasets/laion/0_real/rzkutenljp.jpg,laion,0,0.06680024282092234
diffusion_datasets/laion/0_real/gxkmzinhug.jpg,laion,0,0.015080737337319383
diffusion_datasets/laion/0_real/rgiwpyxekm.jpg,laion,0,0.00015249250386686187
diffusion_datasets/laion/0_real/uesrfqrmys.jpg,laion,0,0.03609420597734591
diffusion_datasets/laion/0_real/wotrziuyhj.jpg,laion,0,0.007369699020171728
diffusion_datasets/laion/0_real/ajdylzvnwn.jpg,laion,0,0.0019490346207487888
diffusion_datasets/laion/0_real/xrkvaduave.jpg,laion,0,0.988168433610483
diffusion_datasets/laion/0_real/ueoeojrsyj.jpg,laion,0,0.04984560259524521
diffusion_datasets/laion/0_real/ouirlfwsyx.jpg,laion,0,0.12146290897205406
diffusion_datasets/laion/0_real/viedszojsm.jpg,laion,0,0.026086756481016184
diffusion_datasets/laion/0_real/irwxnqcndk.jpg,laion,0,0.45318881189692223
diffusion_datasets/laion/0_real/zdqmadvhbl.jpg,laion,0,0.24274237496917658
diffusion_datasets/laion/0_real/tbxpyvxjym.jpg,laion,0,0.9968836852413098
diffusion_datasets/laion/0_real/fvbwueqmmc.jpg,laion,0,0.03189830704481491
diffusion_datasets/laion/0_real/umhgkshvea.jpg,laion,0,0.0013600275927132944
diffusion_datasets/laion/0_real/tecfsxrdsg.jpg,laion,0,0.6648180815776494
diffusion_datasets/laion/0_real/oaepibbwpe.jpg,laion,0,0.003789155613547939
diffusion_datasets/laion/0_real/lkbpelvrth.jpg,laion,0,0.029565821683717984
diffusion_datasets/laion/0_real/fgbgiwekim.jpg,laion,0,0.0027385139774560464
diffusion_datasets/laion/0_real/jqcakwrejy.jpg,laion,0,0.34776292383499224
diffusion_datasets/laion/0_real/ohycivlfdy.jpg,laion,0,0.007358444635598801
diffusion_datasets/laion/0_real/xvpiclvxzd.jpg,laion,0,0.00025771405371785675
diffusion_datasets/laion/0_real/bwvinmojcw.jpg,laion,0,0.05524920445584737
diffusion_datasets/laion/0_real/onkjvikzsj.jpg,laion,0,0.007003494532012493
diffusion_datasets/laion/0_real/kgmqyotoqo.jpg,laion,0,0.998885842865553
diffusion_datasets/laion/0_real/ltwpiurdob.jpg,laion,0,0.9958253097448789
diffusion_datasets/laion/0_real/gtidkpfxcc.jpg,laion,0,0.12631359766777042
diffusion_datasets/laion/0_real/xlwfiidgib.jpg,laion,0,0.9870416048768315
diffusion_datasets/laion/0_real/ilaptngbkl.jpg,laion,0,0.006069263061529646
diffusion_datasets/laion/0_real/hkhpikinqs.jpg,laion,0,0.028439191830136074
diffusion_datasets/laion/0_real/ettedwuoqe.jpg,laion,0,0.03641305069039496
diffusion_datasets/laion/0_real/nhmoimaaqz.jpg,laion,0,0.04460970022693428
diffusion_datasets/laion/0_real/flcafzqbyt.jpg,laion,0,0.21208049384898178
diffusion_datasets/laion/0_real/pcwvbmjrea.jpg,laion,0,0.08169936848293768
diffusion_datasets/laion/0_real/sepihwqglu.jpg,laion,0,0.469499497389009
diffusion_datasets/laion/0_real/vuvkrfmrfw.jpg,laion,0,0.17508222846652025
diffusion_datasets/laion/0_real/effiwpkvcy.jpg,laion,0,0.7828769237187876
diffusion_datasets/laion/0_real/huksdpnufs.jpg,laion,0,0.02159630914374327
diffusion_datasets/laion/0_real/cpyrataump.jpg,laion,0,0.0278805417473189
diffusion_datasets/laion/0_real/fxxzogdrnu.jpg,laion,0,0.1050965553862905
diffusion_datasets/laion/0_real/jfqdxkbnuz.jpg,laion,0,0.004694923709931876
diffusion_datasets/laion/0_real/psvmrypqai.jpg,laion,0,0.7412596489613157
diffusion_datasets/laion/0_real/odhzcmznnr.jpg,laion,0,0.00012539976138225113
diffusion_datasets/laion/0_real/fwhacyybom.jpg,laion,0,0.0015386257115857914
diffusion_datasets/laion/0_real/ccbrpvitlb.jpg,laion,0,0.0021624127452917323
diffusion_datasets/laion/0_real/tknxjephgy.jpg,laion,0,0.20010255087103299
diffusion_datasets/laion/0_real/hypftiguck.jpg,laion,0,0.0054997137014401645
diffusion_datasets/laion/0_real/jgvhyrcgyx.jpg,laion,0,0.004588766807924026
diffusion_datasets/laion/0_real/xnyhohvpna.jpg,laion,0,0.00023968146565524182
diffusion_datasets/laion/0_real/tuptxvyplv.jpg,laion,0,0.7215530301995582
diffusion_datasets/laion/0_real/itvslvcuiy.jpg,laion,0,0.973915933769727
diffusion_datasets/laion/0_real/ynescstwdk.jpg,laion,0,0.008884185121696407
diffusion_datasets/laion/0_real/gdomuubpmo.jpg,laion,0,0.22853934464656517
diffusion_datasets/laion/0_real/hlwefvuprq.jpg,laion,0,0.04779233216857631
diffusion_datasets/laion/0_real/efykeyysvi.jpg,laion,0,0.0006870218836713455
diffusion_datasets/laion/0_real/uyfkdpzowl.jpg,laion,0,0.9991522681342782
diffusion_datasets/laion/0_real/hgcafbxres.jpg,laion,0,0.2319969051185206
diffusion_datasets/laion/0_real/lkealtdsyd.jpg,laion,0,0.9935690788896951
diffusion_datasets/laion/0_real/ybbbdeihcf.jpg,laion,0,0.5156982411382534
diffusion_datasets/laion/0_real/cqxwvqbknx.jpg,laion,0,0.12438030952638233
diffusion_datasets/laion/0_real/ddeuvxknie.jpg,laion,0,0.003392376090849313
diffusion_datasets/laion/0_real/zwkapmobkx.jpg,laion,0,7.401313348601914e-05
diffusion_datasets/laion/0_real/zxnpcvwbfb.jpg,laion,0,0.8335293748210415
diffusion_datasets/laion/0_real/mcsihazpje.jpg,laion,0,0.15846623676455593
diffusion_datasets/laion/0_real/xqlumlknls.jpg,laion,0,0.0031992197633221348
diffusion_datasets/laion/0_real/rpggiliowp.jpg,laion,0,0.0020957621747123333
diffusion_datasets/laion/0_real/tivixbdipm.jpg,laion,0,0.5411257783191612
diffusion_datasets/laion/0_real/wcuupgwotu.jpg,laion,0,0.8710397765276972
diffusion_datasets/laion/0_real/cdjghtyvsn.jpg,laion,0,0.00011385588999556299
diffusion_datasets/laion/0_real/aqfnjpltvb.jpg,laion,0,0.0053577244458832005
diffusion_datasets/laion/0_real/mqzlaxdcyf.jpg,laion,0,0.9895215057260848
diffusion_datasets/laion/0_real/yatxnhyhyw.jpg,laion,0,0.012928992354054957
diffusion_datasets/laion/0_real/zzrnxnjzyx.jpg,laion,0,0.085960007215778
diffusion_datasets/laion/0_real/vpwnxqxbks.jpg,laion,0,0.7426852353874553
diffusion_datasets/laion/0_real/ranqpkoerl.jpg,laion,0,0.3722961093655426
diffusion_datasets/laion/0_real/vyjvqkrjmv.jpg,laion,0,0.00011803191063617384
diffusion_datasets/laion/0_real/skkprfujmw.jpg,laion,0,0.996139962811207
diffusion_datasets/laion/0_real/njfscemusa.jpg,laion,0,0.043561148752579666
diffusion_datasets/laion/0_real/djfymdweky.jpg,laion,0,0.08489055048027758
diffusion_datasets/laion/0_real/czqsnkbvng.jpg,laion,0,0.8733677804269373
diffusion_datasets/laion/0_real/lakovwneny.jpg,laion,0,0.9872154354575692
diffusion_datasets/laion/0_real/xmppkkdynh.jpg,laion,0,0.5342244384521369
diffusion_datasets/laion/0_real/xnidvmnavp.jpg,laion,0,0.9684980719289744
diffusion_datasets/laion/0_real/cjmyrxrisl.jpg,laion,0,0.9811934988813252
diffusion_datasets/laion/0_real/wgmfkffpbs.jpg,laion,0,0.001947841761116841
diffusion_datasets/laion/0_real/sbuowwvzjw.jpg,laion,0,0.1428155912748872
diffusion_datasets/laion/0_real/qsndeimedb.jpg,laion,0,0.30336939768222376
diffusion_datasets/laion/0_real/jecdlrpjba.jpg,laion,0,0.9968749530145355
diffusion_datasets/laion/0_real/owbarkgfyc.jpg,laion,0,0.01861370592329201
diffusion_datasets/laion/0_real/hcnhiyscgm.jpg,laion,0,0.019369447440292373
diffusion_datasets/laion/0_real/ppufoaihkk.jpg,laion,0,0.01183589187956062
diffusion_datasets/laion/0_real/mltvjsqnjm.jpg,laion,0,0.043156908284951334
diffusion_datasets/laion/0_real/bqmyueubdu.jpg,laion,0,0.6986921296598969
diffusion_datasets/laion/0_real/wdjkwiwroa.jpg,laion,0,0.06103764724630909
diffusion_datasets/laion/0_real/zhkktdnkhl.jpg,laion,0,0.07057355701726883
diffusion_datasets/laion/0_real/eelzocmtws.jpg,laion,0,0.0017534899680425318
diffusion_datasets/laion/0_real/ocmzcjegeg.jpg,laion,0,0.9958083438191365
diffusion_datasets/laion/0_real/nkdchwutlw.jpg,laion,0,0.7641506396668155
diffusion_datasets/laion/0_real/pcaodmknyo.jpg,laion,0,0.0014172941147283676
diffusion_datasets/laion/0_real/aowpbzokmp.jpg,laion,0,0.5621596370232579
diffusion_datasets/laion/0_real/hcyfeanpao.jpg,laion,0,0.00036450762965854365
diffusion_datasets/laion/0_real/lpvhehbmzv.jpg,laion,0,0.9403559083722897
diffusion_datasets/laion/0_real/fneghrqtsf.jpg,laion,0,0.010282425840572283
diffusion_datasets/laion/0_real/pyydtwntke.jpg,laion,0,0.04432324401645446
diffusion_datasets/laion/0_real/jnrpfsvjdm.jpg,laion,0,0.40198800820428887
diffusion_datasets/laion/0_real/jhcbtfuziq.jpg,laion,0,0.7813989617274497
diffusion_datasets/laion/0_real/tflsufulfn.jpg,laion,0,0.339272298806563
diffusion_datasets/laion/0_real/htpewtqebr.jpg,laion,0,0.0007703607047616677
diffusion_datasets/laion/0_real/jxacexpmcn.jpg,laion,0,0.4292523704722824
diffusion_datasets/laion/0_real/gwwprxqtre.jpg,laion,0,0.8885568483391444
diffusion_datasets/laion/0_real/mlxvdfndsh.jpg,laion,0,0.2329320380685767
diffusion_datasets/laion/0_real/hisyohahzi.jpg,laion,0,0.0006813325858076511
diffusion_datasets/laion/0_real/guljtnkdnj.jpg,laion,0,1.5642862214645804e-05
diffusion_datasets/laion/0_real/lxdnodpvuz.jpg,laion,0,0.8655966823982292
diffusion_datasets/laion/0_real/ygqiosrden.jpg,laion,0,0.000784198863192502
diffusion_datasets/laion/0_real/tzirqivkgc.jpg,laion,0,0.001824578254206289
diffusion_datasets/laion/0_real/pzvgfnoiln.jpg,laion,0,0.7684656837079474
diffusion_datasets/laion/0_real/gaephzrdih.jpg,laion,0,0.005630228505889826
diffusion_datasets/laion/0_real/gdnoweboab.jpg,laion,0,0.012131023355760233
diffusion_datasets/laion/0_real/oyxvwvxuzr.jpg,laion,0,0.00016027558718788608
diffusion_datasets/laion/0_real/cswedhbgpd.jpg,laion,0,0.9962121244156898
diffusion_datasets/laion/0_real/mcrhlmdumo.jpg,laion,0,0.07182135337355021
diffusion_datasets/laion/0_real/fegqolkrls.jpg,laion,0,1.6078209796585416e-05
diffusion_datasets/laion/0_real/jjmznfxyeg.jpg,laion,0,0.37336517386641876
diffusion_datasets/laion/0_real/xaetznfnpu.jpg,laion,0,0.9469106409505514
diffusion_datasets/laion/0_real/acpwmtyztu.jpg,laion,0,0.015488489162697093
diffusion_datasets/laion/0_real/ljluvxkeau.jpg,laion,0,0.009143199831454358
diffusion_datasets/laion/0_real/dbcoycuiyt.jpg,laion,0,3.1196980507332056e-05
diffusion_datasets/laion/0_real/aakydlwfer.jpg,laion,0,0.11487741850871538
diffusion_datasets/laion/0_real/tnxiofobrb.jpg,laion,0,0.69126119045605
diffusion_datasets/laion/0_real/lfpytrxtnd.jpg,laion,0,0.7225165696687721
diffusion_datasets/laion/0_real/pvrfveosdy.jpg,laion,0,0.007199976515742905
diffusion_datasets/laion/0_real/pfvgbusewt.jpg,laion,0,0.4047200163837074
diffusion_datasets/laion/0_real/njslnjximf.jpg,laion,0,0.35709778793924457
diffusion_datasets/laion/0_real/kqtezbdvua.jpg,laion,0,0.07804323279416614
diffusion_datasets/laion/0_real/fzrimmsozw.jpg,laion,0,0.5540546810051465
diffusion_datasets/laion/0_real/qmqkkwwggi.jpg,laion,0,0.8739832712944515
diffusion_datasets/laion/0_real/zcsnybxdqj.jpg,laion,0,0.006233445496654539
diffusion_datasets/laion/0_real/agjsmczzat.jpg,laion,0,0.0047234775210696234
diffusion_datasets/laion/0_real/lnavxqqxfa.jpg,laion,0,0.9966096410694392
diffusion_datasets/laion/0_real/rsiiuivgsv.jpg,laion,0,0.0001729572175242722
diffusion_datasets/laion/0_real/vrffpjmuir.jpg,laion,0,0.8923807501727028
diffusion_datasets/laion/0_real/nrzbgujfll.jpg,laion,0,0.0032296044243840037
diffusion_datasets/laion/0_real/xiubxgyhcs.jpg,laion,0,0.0008910811199926201
diffusion_datasets/laion/0_real/xqyjzhnfqu.jpg,laion,0,0.008335062086605165
diffusion_datasets/laion/0_real/jcbooxfwcy.jpg,laion,0,0.7040321872004472
diffusion_datasets/laion/0_real/mobwrxioai.jpg,laion,0,0.49463629791916147
diffusion_datasets/laion/0_real/kobditubhr.jpg,laion,0,0.15519109771186457
diffusion_datasets/laion/0_real/txviitvyvk.jpg,laion,0,0.162087604966074
diffusion_datasets/laion/0_real/isrzfmrbjo.jpg,laion,0,0.9394897825848695
diffusion_datasets/laion/0_real/tgzykjsqqa.jpg,laion,0,0.024676002393188307
diffusion_datasets/laion/0_real/nwpodhovep.jpg,laion,0,0.020126504995343512
diffusion_datasets/laion/0_real/yhxjifarjw.jpg,laion,0,0.9665572970661648
diffusion_datasets/laion/0_real/wpptcqobpu.jpg,laion,0,0.04555513839931175
diffusion_datasets/laion/0_real/jgmtkjqepx.jpg,laion,0,0.9488847134020508
diffusion_datasets/laion/0_real/qhhsiahqdz.jpg,laion,0,0.3879767326604745
diffusion_datasets/laion/0_real/rgnjmqxait.jpg,laion,0,0.8309718684588963
diffusion_datasets/laion/0_real/wdxoxbbogy.jpg,laion,0,0.0005908247971847304
diffusion_datasets/laion/0_real/tunmixwvbf.jpg,laion,0,0.8068883125573169
diffusion_datasets/laion/0_real/crzzjqmtan.jpg,laion,0,0.0023088850077391215
diffusion_datasets/laion/0_real/flzalpsilp.jpg,laion,0,0.1633330772740021
diffusion_datasets/laion/0_real/lsmostdlua.jpg,laion,0,0.21410386076770954
diffusion_datasets/laion/0_real/qnqvwdpmam.jpg,laion,0,0.030482557800353135
diffusion_datasets/laion/0_real/dncoarxujc.jpg,laion,0,0.9668130237916064
diffusion_datasets/laion/0_real/mgeezotzdw.jpg,laion,0,0.25880999123102433
diffusion_datasets/laion/0_real/spnummyudf.jpg,laion,0,0.053346326932465535
diffusion_datasets/laion/0_real/kjacqcuxqc.jpg,laion,0,0.10692722851059451
diffusion_datasets/laion/0_real/gchslncruv.jpg,laion,0,0.09585272176661029
diffusion_datasets/laion/0_real/eufbtfldxd.jpg,laion,0,5.089901169055687e-05
diffusion_datasets/laion/0_real/wyyltkwttn.jpg,laion,0,0.7020379584763635
diffusion_datasets/laion/0_real/iqjkwjvday.jpg,laion,0,0.15497062491450508
diffusion_datasets/laion/0_real/gckzbyionz.jpg,laion,0,0.023142206540820057
diffusion_datasets/laion/0_real/gsjragxgrg.jpg,laion,0,0.9971161860327218
diffusion_datasets/laion/0_real/jezexlfhiq.jpg,laion,0,0.5637826528065656
diffusion_datasets/laion/0_real/tvhyjyjvbi.jpg,laion,0,0.6528995848180003
diffusion_datasets/laion/0_real/apfyxprqpm.jpg,laion,0,0.981327560631535
diffusion_datasets/laion/0_real/gbzvqfsaud.jpg,laion,0,0.0021032563355504737
diffusion_datasets/laion/0_real/zdteumqsqf.jpg,laion,0,0.003660900932447878
diffusion_datasets/laion/0_real/olxtdigiux.jpg,laion,0,0.011468163728832059
diffusion_datasets/laion/0_real/xoxubdjnhe.jpg,laion,0,1.2035048127652389e-05
diffusion_datasets/laion/0_real/jckrxjozhx.jpg,laion,0,0.02390852292803131
diffusion_datasets/laion/0_real/vcbnrxukwp.jpg,laion,0,0.7048970864424742
diffusion_datasets/laion/0_real/xxxlutdoia.jpg,laion,0,0.0028385240033885163
diffusion_datasets/laion/0_real/ztytemyoxv.jpg,laion,0,0.9923130922901693
diffusion_datasets/laion/0_real/igjyxqgebm.jpg,laion,0,0.5176052757766217
diffusion_datasets/laion/0_real/khmsldutff.jpg,laion,0,3.730938949221465e-05
diffusion_datasets/laion/0_real/ahwxcijnxm.jpg,laion,0,0.9901275305316546
diffusion_datasets/laion/0_real/crwemtqnoq.jpg,laion,0,0.9983151091104082
diffusion_datasets/laion/0_real/gllomgthtj.jpg,laion,0,0.3328410844796296
diffusion_datasets/laion/0_real/bebadtkmes.jpg,laion,0,0.974383871246239
diffusion_datasets/laion/0_real/etiolecymt.jpg,laion,0,0.00398861049843197
diffusion_datasets/laion/0_real/qyaknxvzwp.jpg,laion,0,0.9495665813925069
diffusion_datasets/laion/0_real/kpmxquicco.jpg,laion,0,0.8367914558229416
diffusion_datasets/laion/0_real/zbnbosutcn.jpg,laion,0,0.45932538285383506
diffusion_datasets/laion/0_real/olxnaenbde.jpg,laion,0,0.11951408206775278
diffusion_datasets/laion/0_real/xctsfejxfy.jpg,laion,0,0.9980724731306533
diffusion_datasets/laion/0_real/lzgwytfbdh.jpg,laion,0,0.9221009570130939
diffusion_datasets/laion/0_real/ybihqfczqf.jpg,laion,0,0.8881157686414819
diffusion_datasets/laion/0_real/mrxqbknovu.jpg,laion,0,0.000691273468458697
diffusion_datasets/laion/0_real/qvizqxsbvw.jpg,laion,0,0.5031839956886699
diffusion_datasets/laion/0_real/xpdelxvksw.jpg,laion,0,0.39755700136952116
diffusion_datasets/laion/0_real/gwwimiekeh.jpg,laion,0,0.11977699625962732
diffusion_datasets/laion/0_real/ixykpgtooh.jpg,laion,0,0.04457486590753875
diffusion_datasets/laion/0_real/jnifdomopt.jpg,laion,0,0.8147734784666
diffusion_datasets/laion/0_real/mijuwhirnm.jpg,laion,0,0.7155246866901231
diffusion_datasets/laion/0_real/fiejjmdcwg.jpg,laion,0,0.019658831785323315
diffusion_datasets/laion/0_real/ttfwqkviia.jpg,laion,0,0.9344226969578017
diffusion_datasets/laion/0_real/yinujujzud.jpg,laion,0,0.9869818237648108
diffusion_datasets/laion/0_real/izmzwnwzxb.jpg,laion,0,0.0665889786855531
diffusion_datasets/laion/0_real/dexhjtncni.jpg,laion,0,0.14640290181690307
diffusion_datasets/laion/0_real/texcjvnjug.jpg,laion,0,0.1279674872743882
diffusion_datasets/laion/0_real/gbkfcdebke.jpg,laion,0,0.008194677895719269
diffusion_datasets/laion/0_real/iqruwytkxd.jpg,laion,0,0.3085060889778236
diffusion_datasets/laion/0_real/znwafizosm.jpg,laion,0,0.0006239753931323196
diffusion_datasets/laion/0_real/tfubqflahj.jpg,laion,0,0.9697548991219432
diffusion_datasets/laion/0_real/lkwvbsljma.jpg,laion,0,0.0002646430162332305
diffusion_datasets/laion/0_real/jpkbhfmhql.jpg,laion,0,0.1977652279560903
diffusion_datasets/laion/0_real/tfdqevjhtk.jpg,laion,0,0.33087073555137325
diffusion_datasets/laion/0_real/orgateeurw.jpg,laion,0,0.5323894661220947
diffusion_datasets/laion/0_real/kqhrtvmeux.jpg,laion,0,0.9799058492472769
diffusion_datasets/laion/0_real/ciwgbjibcd.jpg,laion,0,0.763245508294474
diffusion_datasets/laion/0_real/fuqmkbouip.jpg,laion,0,0.663818003787181
diffusion_datasets/laion/0_real/fnjmysjhqo.jpg,laion,0,0.023865376634420576
diffusion_datasets/laion/0_real/ewspkgvjkv.jpg,laion,0,0.999226209215077
diffusion_datasets/laion/0_real/sgggkqzghg.jpg,laion,0,0.015546316719398276
diffusion_datasets/laion/0_real/qaafihkbbk.jpg,laion,0,0.006903364115407969
diffusion_datasets/laion/0_real/kgwpuybmdo.jpg,laion,0,0.4684566585446973
diffusion_datasets/laion/0_real/hiqkigzfrk.jpg,laion,0,0.8061565258399511
diffusion_datasets/laion/0_real/xjsfnrjtst.jpg,laion,0,0.9271181014129085
diffusion_datasets/laion/0_real/apdgetedbs.jpg,laion,0,0.9789999218749027
diffusion_datasets/laion/0_real/gczswsnqpp.jpg,laion,0,0.775722057042991
diffusion_datasets/laion/0_real/rlzfziqqrd.jpg,laion,0,0.002180818331105223
diffusion_datasets/laion/0_real/bhlyixirpi.jpg,laion,0,0.004981863140016208
diffusion_datasets/laion/0_real/yytnnkmkun.jpg,laion,0,0.999894252366193
diffusion_datasets/laion/0_real/cyencgbdne.jpg,laion,0,0.0235248359370089
diffusion_datasets/laion/0_real/fjyemnydtk.jpg,laion,0,0.03977496762438703
diffusion_datasets/laion/0_real/bobirihsmf.jpg,laion,0,0.7090772480837529
diffusion_datasets/laion/0_real/clutkoqhvu.jpg,laion,0,0.002032868800860116
diffusion_datasets/laion/0_real/msdsnlzcre.jpg,laion,0,0.9762120432237545
diffusion_datasets/laion/0_real/aieykhstre.jpg,laion,0,0.15324238149209973
diffusion_datasets/laion/0_real/zrifjlbkwb.jpg,laion,0,0.005549544129083422
diffusion_datasets/laion/0_real/yldbjbxfzj.jpg,laion,0,0.9844301622064724
diffusion_datasets/laion/0_real/iwsairnpes.jpg,laion,0,0.0011368090603804451
diffusion_datasets/laion/0_real/utfokfmmbf.jpg,laion,0,0.04035400452703906
diffusion_datasets/laion/0_real/dpsfehmqme.jpg,laion,0,0.2237181860200375
diffusion_datasets/laion/0_real/hhmqvefsdm.jpg,laion,0,0.0134806326193384
diffusion_datasets/laion/0_real/awjhtixyqd.jpg,laion,0,0.8751545446176152
diffusion_datasets/laion/0_real/annkzxvqsz.jpg,laion,0,0.22048914722087534
diffusion_datasets/laion/0_real/gxexzzlcld.jpg,laion,0,0.14852415715714237
diffusion_datasets/laion/0_real/llbqajpkux.jpg,laion,0,0.13914773633980224
diffusion_datasets/laion/0_real/bnhkqppcfl.jpg,laion,0,0.9989587316466203
diffusion_datasets/laion/0_real/uxbgzfafqm.jpg,laion,0,0.6892843260994527
diffusion_datasets/laion/0_real/sxbarbxbis.jpg,laion,0,0.0005195985993157899
diffusion_datasets/laion/0_real/qbannzwxnv.jpg,laion,0,0.998389748821325
diffusion_datasets/laion/0_real/kkamuhddsi.jpg,laion,0,0.12148415663359287
diffusion_datasets/laion/0_real/pccthywpgs.jpg,laion,0,0.967477318463441
diffusion_datasets/laion/0_real/yimxruvwud.jpg,laion,0,0.06799820255634105
diffusion_datasets/laion/0_real/ducatuyxdz.jpg,laion,0,0.7246710198023355
diffusion_datasets/laion/0_real/ewldxwaqfh.jpg,laion,0,0.782181335137257
diffusion_datasets/laion/0_real/djtbqkzsak.jpg,laion,0,0.002438561126559003
diffusion_datasets/laion/0_real/gmeufzjqxw.jpg,laion,0,0.9692026573935011
diffusion_datasets/laion/0_real/svpwqjhjbu.jpg,laion,0,3.473428367339501e-05
diffusion_datasets/laion/0_real/hmasnickhh.jpg,laion,0,0.4659904935046724
diffusion_datasets/laion/0_real/kysxvylzkk.jpg,laion,0,0.9698166130637775
diffusion_datasets/laion/0_real/lzletadhdl.jpg,laion,0,0.8978201097645759
diffusion_datasets/laion/0_real/afwwethmvf.jpg,laion,0,0.7860799295074836
diffusion_datasets/laion/0_real/znxaufdjpv.jpg,laion,0,0.001618983774782209
diffusion_datasets/laion/0_real/slrtleyncm.jpg,laion,0,0.28671234021455466
diffusion_datasets/laion/0_real/hnihvkmnje.jpg,laion,0,0.003953001588501749
diffusion_datasets/laion/0_real/qhnjseyjbw.jpg,laion,0,0.650525089907209
diffusion_datasets/laion/0_real/gufjiiwgrf.jpg,laion,0,0.06393026404970542
diffusion_datasets/laion/0_real/hnsubaglth.jpg,laion,0,0.24689029635257323
diffusion_datasets/laion/0_real/ivvevnakub.jpg,laion,0,0.005164518858867168
diffusion_datasets/laion/0_real/aaksjqrtil.jpg,laion,0,0.9045120588802922
diffusion_datasets/laion/0_real/nhmcszkgcq.jpg,laion,0,0.020047342193250287
diffusion_datasets/laion/0_real/attqnlwqgz.jpg,laion,0,0.8755727006025077
diffusion_datasets/laion/0_real/tbganwxklb.jpg,laion,0,0.28858460973826966
diffusion_datasets/laion/0_real/kpzyfbuxhi.jpg,laion,0,0.6145852570436655
diffusion_datasets/laion/0_real/snjzonvpow.jpg,laion,0,0.15653567937208923
diffusion_datasets/laion/0_real/vkjmgldjai.jpg,laion,0,0.007413361394571136
diffusion_datasets/laion/0_real/osigoexsbv.jpg,laion,0,0.6726877104971429
diffusion_datasets/laion/0_real/ascyfbgfmn.jpg,laion,0,0.08849980043481469
diffusion_datasets/laion/0_real/hxayxhqfnz.jpg,laion,0,0.11011515946135815
diffusion_datasets/laion/0_real/vmouwpueqp.jpg,laion,0,0.9868620260303287
diffusion_datasets/laion/0_real/ajldduomvc.jpg,laion,0,0.029671378242376156
diffusion_datasets/laion/0_real/cmuzaenxtt.jpg,laion,0,0.44496310567695746
diffusion_datasets/laion/0_real/mszjipjvvf.jpg,laion,0,0.004839603030261621
diffusion_datasets/laion/0_real/qhuylytsyy.jpg,laion,0,0.009342449438480767
diffusion_datasets/laion/0_real/omsyxrsufp.jpg,laion,0,0.9534499516780631
diffusion_datasets/laion/0_real/jgyprvacek.jpg,laion,0,0.936195719189189
diffusion_datasets/laion/0_real/pirwlvliku.jpg,laion,0,0.9951766617645617
diffusion_datasets/laion/0_real/eltlpjgnai.jpg,laion,0,0.0001136252387338431
diffusion_datasets/laion/0_real/xphjlaxygh.jpg,laion,0,0.9992703749692011
diffusion_datasets/laion/0_real/vsoitgrurd.jpg,laion,0,0.759007177303866
diffusion_datasets/laion/0_real/hdtfurantf.jpg,laion,0,0.017026974113627635
diffusion_datasets/laion/0_real/jtprghimeh.jpg,laion,0,0.015811455324105744
diffusion_datasets/laion/0_real/iuwybjqiha.jpg,laion,0,0.02923226399182621
diffusion_datasets/laion/0_real/iojhamvzyv.jpg,laion,0,0.1529184552720456
diffusion_datasets/laion/0_real/vipmyyceny.jpg,laion,0,0.0007059680140409588
diffusion_datasets/laion/0_real/hhlwjuqsbz.jpg,laion,0,0.44045548247044847
diffusion_datasets/laion/0_real/sxbfuikltb.jpg,laion,0,0.004530217787200345
diffusion_datasets/laion/0_real/xjokdvoxpk.jpg,laion,0,0.03607544149408718
diffusion_datasets/laion/0_real/yxdmgabgrh.jpg,laion,0,0.9128563025793979
diffusion_datasets/laion/0_real/nnuuhindgj.jpg,laion,0,0.6726961986749986
diffusion_datasets/laion/0_real/temvvnfwvq.jpg,laion,0,0.07000826963034534
diffusion_datasets/laion/0_real/tzgkmgcgjt.jpg,laion,0,0.8577893392386339
diffusion_datasets/laion/0_real/ovuipynpix.jpg,laion,0,0.39221868549654737
diffusion_datasets/laion/0_real/nvsdiqcxdc.jpg,laion,0,0.9808418619582956
diffusion_datasets/laion/0_real/cubclpdlyb.jpg,laion,0,0.07094759810999864
diffusion_datasets/laion/0_real/dbifuulczh.jpg,laion,0,0.003519954775144535
diffusion_datasets/laion/0_real/ikesdclcne.jpg,laion,0,0.002126010418467647
diffusion_datasets/laion/0_real/devyzpyxmr.jpg,laion,0,0.9770389037535959
diffusion_datasets/laion/0_real/paozbcurkw.jpg,laion,0,0.09961661940984833
diffusion_datasets/laion/0_real/vitzpaholy.jpg,laion,0,0.25443200354701645
diffusion_datasets/laion/0_real/nrqrcqxudf.jpg,laion,0,0.8263972018270942
diffusion_datasets/laion/0_real/gpwdhgxzbq.jpg,laion,0,0.9419157650354407
diffusion_datasets/laion/0_real/vwrsjumkmz.jpg,laion,0,0.0014055747687295955
diffusion_datasets/laion/0_real/tgihtkfpyi.jpg,laion,0,0.004024108572432234
diffusion_datasets/laion/0_real/hajmuavfdr.jpg,laion,0,0.89468027081508
diffusion_datasets/laion/0_real/cciqgyfbnw.jpg,laion,0,0.002149463297015475
diffusion_datasets/laion/0_real/gbmtgdhzrx.jpg,laion,0,0.005788236992427241
diffusion_datasets/laion/0_real/wkkhoodytf.jpg,laion,0,0.35411891262026296
diffusion_datasets/laion/0_real/uqgovdwcrr.jpg,laion,0,0.036874452538946605
diffusion_datasets/laion/0_real/stnicrfcsk.jpg,laion,0,4.983080806286434e-05
diffusion_datasets/laion/0_real/hbdtraluzp.jpg,laion,0,0.00038798426297747684
diffusion_datasets/laion/0_real/zchftlmgnh.jpg,laion,0,0.030783951927252428
diffusion_datasets/laion/0_real/jsytpmwrvb.jpg,laion,0,0.48646489059838993
diffusion_datasets/laion/0_real/gcenmxpfnz.jpg,laion,0,0.010466332296934026
diffusion_datasets/laion/0_real/mfoxhwrofa.jpg,laion,0,0.9402520917039507
diffusion_datasets/laion/0_real/xfblvcbesb.jpg,laion,0,0.9935036576993881
diffusion_datasets/laion/0_real/izuqfuuvtc.jpg,laion,0,0.4968302775590456
diffusion_datasets/laion/0_real/arfbiucpar.jpg,laion,0,0.9378653197904891
diffusion_datasets/laion/0_real/figfzyfhkt.jpg,laion,0,0.7241759302388227
diffusion_datasets/laion/0_real/jsozceeudr.jpg,laion,0,0.07088162254103339
diffusion_datasets/laion/0_real/jvfamsvrme.jpg,laion,0,0.3005031574513971
diffusion_datasets/laion/0_real/hxyxqnzbzd.jpg,laion,0,0.9487937482018944
diffusion_datasets/laion/0_real/psvhorutyv.jpg,laion,0,0.03935717362597187
diffusion_datasets/laion/0_real/owwrkfwvmg.jpg,laion,0,0.010377774026657361
diffusion_datasets/laion/0_real/bbmeviacjm.jpg,laion,0,0.34039150785442945
diffusion_datasets/laion/0_real/hsweljupee.jpg,laion,0,0.962136803687219
diffusion_datasets/laion/0_real/ywhajfzors.jpg,laion,0,0.0998628754673876
diffusion_datasets/laion/0_real/hjshyxnjca.jpg,laion,0,0.9716264798556655
diffusion_datasets/laion/0_real/vofhkesmtv.jpg,laion,0,0.9658134090153221
diffusion_datasets/laion/0_real/bfczagsxfw.jpg,laion,0,0.4018783276496268
diffusion_datasets/laion/0_real/touiowfclv.jpg,laion,0,0.026986743827409235
diffusion_datasets/laion/0_real/asxtxajrfc.jpg,laion,0,0.005042342661149807
diffusion_datasets/laion/0_real/wynbrdoyde.jpg,laion,0,0.12469379206132508
diffusion_datasets/laion/0_real/jhnbcswvmq.jpg,laion,0,0.6838306062564673
diffusion_datasets/laion/0_real/gzmbdszeyt.jpg,laion,0,0.844687942877553
diffusion_datasets/laion/0_real/qpjsgmteke.jpg,laion,0,0.04681221177836442
diffusion_datasets/laion/0_real/qvxgfrmtjl.jpg,laion,0,0.38221198924561484
diffusion_datasets/laion/0_real/lmbvfedfye.jpg,laion,0,0.09467682442364907
diffusion_datasets/laion/0_real/arjjdokwee.jpg,laion,0,0.0001405273425562641
diffusion_datasets/laion/0_real/wbcncldemw.jpg,laion,0,0.9571543015046601
diffusion_datasets/laion/0_real/mizxozzqsb.jpg,laion,0,0.9896875899578601
diffusion_datasets/laion/0_real/rzvoxvfpaz.jpg,laion,0,2.1249236979984853e-05
diffusion_datasets/laion/0_real/jrdflpqmct.jpg,laion,0,0.9175281166283675
diffusion_datasets/laion/0_real/qlhvuhhqol.jpg,laion,0,0.7645225465565239
diffusion_datasets/laion/0_real/eaesoxacae.jpg,laion,0,0.04126881684234685
diffusion_datasets/laion/0_real/gxvvzagtkn.jpg,laion,0,0.9494177407784997
diffusion_datasets/laion/0_real/bjipeebzgu.jpg,laion,0,3.086075319315085e-05
diffusion_datasets/laion/0_real/wrplkwvjrk.jpg,laion,0,0.9691498845027721
diffusion_datasets/laion/0_real/hzrxscnjew.jpg,laion,0,0.0013648459098826715
diffusion_datasets/laion/0_real/clnogwmxno.jpg,laion,0,0.9170554091074475
diffusion_datasets/laion/0_real/jbsbxfrewb.jpg,laion,0,0.9153410919460283
diffusion_datasets/laion/0_real/aujwkgbadp.jpg,laion,0,0.9532871980697678
diffusion_datasets/laion/0_real/nfysclasrr.jpg,laion,0,0.022573734792971253
diffusion_datasets/laion/0_real/iqijagswok.jpg,laion,0,0.8552870564300868
diffusion_datasets/laion/0_real/qtwdrpnjgz.jpg,laion,0,0.0024823188849143374
diffusion_datasets/ldm_200/1_fake/kszghluqlw.png,ldm_200,1,0.2504241040750696
diffusion_datasets/ldm_200/1_fake/pirwlvliku.png,ldm_200,1,0.5706260368347822
diffusion_datasets/ldm_200/1_fake/bxfbgvlfqu.png,ldm_200,1,0.80735385202045
diffusion_datasets/ldm_200/1_fake/ywjlbpxbjz.png,ldm_200,1,0.9889486338389024
diffusion_datasets/ldm_200/1_fake/yvwtaordyd.png,ldm_200,1,0.9781341573718434
diffusion_datasets/ldm_200/1_fake/ofgvdkgdnd.png,ldm_200,1,0.8992224156344883
diffusion_datasets/ldm_200/1_fake/vqrdytkinp.png,ldm_200,1,0.06950487378753563
diffusion_datasets/ldm_200/1_fake/vutxbsgjsz.png,ldm_200,1,0.1887926744999775
diffusion_datasets/ldm_200/1_fake/wzdhwjmvgy.png,ldm_200,1,0.9997510860012462
diffusion_datasets/ldm_200/1_fake/rprdsmygod.png,ldm_200,1,0.013674086425395714
diffusion_datasets/ldm_200/1_fake/rzrzcujvqg.png,ldm_200,1,0.8209077202202237
diffusion_datasets/ldm_200/1_fake/vmouwpueqp.png,ldm_200,1,0.09834109883507644
diffusion_datasets/ldm_200/1_fake/eelzocmtws.png,ldm_200,1,0.9998643301280229
diffusion_datasets/ldm_200/1_fake/jhcimomcij.png,ldm_200,1,0.0005614199221415243
diffusion_datasets/ldm_200/1_fake/alzrdyourf.png,ldm_200,1,0.10146266254001389
diffusion_datasets/ldm_200/1_fake/bicflvshvw.png,ldm_200,1,0.8397891411928616
diffusion_datasets/ldm_200/1_fake/hptzommwzk.png,ldm_200,1,0.967849226976872
diffusion_datasets/ldm_200/1_fake/ivvevnakub.png,ldm_200,1,0.8514772005463501
diffusion_datasets/ldm_200/1_fake/fjjzjquuqt.png,ldm_200,1,0.9910902160687014
diffusion_datasets/ldm_200/1_fake/smmiazxocc.png,ldm_200,1,0.8628239215064254
diffusion_datasets/ldm_200/1_fake/cubsnkbrrm.png,ldm_200,1,0.27945039026918894
diffusion_datasets/ldm_200/1_fake/tnxiofobrb.png,ldm_200,1,0.9366770838558827
diffusion_datasets/ldm_200/1_fake/vmrobijbmc.png,ldm_200,1,0.15046532103982485
diffusion_datasets/ldm_200/1_fake/iqiospmdok.png,ldm_200,1,0.2674198313962265
diffusion_datasets/ldm_200/1_fake/gayjhkcdkw.png,ldm_200,1,0.12723770611011584
diffusion_datasets/ldm_200/1_fake/rpwhvvwxag.png,ldm_200,1,0.4835823446611429
diffusion_datasets/ldm_200/1_fake/wketmynlnj.png,ldm_200,1,0.8408594530623339
diffusion_datasets/ldm_200/1_fake/vsivgpmche.png,ldm_200,1,0.21690773357443802
diffusion_datasets/ldm_200/1_fake/oqgbxaotgn.png,ldm_200,1,0.0031816517763561163
diffusion_datasets/ldm_200/1_fake/orgateeurw.png,ldm_200,1,0.8295226218645891
diffusion_datasets/ldm_200/1_fake/fgizsruyxb.png,ldm_200,1,0.9545069155418222
diffusion_datasets/ldm_200/1_fake/ftmhbluvwz.png,ldm_200,1,0.7396501424482829
diffusion_datasets/ldm_200/1_fake/temvvnfwvq.png,ldm_200,1,0.9976106339082501
diffusion_datasets/ldm_200/1_fake/kzaxlmhpyk.png,ldm_200,1,0.886229339067762
diffusion_datasets/ldm_200/1_fake/mtftroydhh.png,ldm_200,1,0.9975088772512627
diffusion_datasets/ldm_200/1_fake/yaaqlxnzhi.png,ldm_200,1,0.13412157708793265
diffusion_datasets/ldm_200/1_fake/cyencgbdne.png,ldm_200,1,0.04951064998155431
diffusion_datasets/ldm_200/1_fake/crwemtqnoq.png,ldm_200,1,0.7079232696062674
diffusion_datasets/ldm_200/1_fake/bbupregfhp.png,ldm_200,1,0.010405666274323091
diffusion_datasets/ldm_200/1_fake/uqyyhogjkx.png,ldm_200,1,0.642018570072789
diffusion_datasets/ldm_200/1_fake/pekxwkfhua.png,ldm_200,1,0.7548649366203111
diffusion_datasets/ldm_200/1_fake/dwgrruvbsz.png,ldm_200,1,0.9996234481169793
diffusion_datasets/ldm_200/1_fake/pjvqcnpfqy.png,ldm_200,1,0.8022330687485166
diffusion_datasets/ldm_200/1_fake/xiubxgyhcs.png,ldm_200,1,0.9276803407529949
diffusion_datasets/ldm_200/1_fake/ouirlfwsyx.png,ldm_200,1,0.9007435501063586
diffusion_datasets/ldm_200/1_fake/vpruwhsipu.png,ldm_200,1,0.42197972279558965
diffusion_datasets/ldm_200/1_fake/imkvcjrnck.png,ldm_200,1,0.801189510979894
diffusion_datasets/ldm_200/1_fake/newahshtuc.png,ldm_200,1,0.0007682839539912281
diffusion_datasets/ldm_200/1_fake/aociqzuesd.png,ldm_200,1,0.9094406384980877
diffusion_datasets/ldm_200/1_fake/hhhwzgcieg.png,ldm_200,1,0.9519218898093209
diffusion_datasets/ldm_200/1_fake/utfokfmmbf.png,ldm_200,1,0.6719736550848151
diffusion_datasets/ldm_200/1_fake/shkxdbeqpn.png,ldm_200,1,0.9521776340074257
diffusion_datasets/ldm_200/1_fake/titltoewou.png,ldm_200,1,0.012673613345391662
diffusion_datasets/ldm_200/1_fake/kxyebvmqsl.png,ldm_200,1,0.9993132772350035
diffusion_datasets/ldm_200/1_fake/eoacigirrk.png,ldm_200,1,0.9020944222523261
diffusion_datasets/ldm_200/1_fake/bxoicyhddk.png,ldm_200,1,0.7148463675073036
diffusion_datasets/ldm_200/1_fake/xoxubdjnhe.png,ldm_200,1,0.13096827032353547
diffusion_datasets/ldm_200/1_fake/pfvgbusewt.png,ldm_200,1,0.9274384837309235
diffusion_datasets/ldm_200/1_fake/cxjsjqusph.png,ldm_200,1,0.8416546375346992
diffusion_datasets/ldm_200/1_fake/hpmppyffov.png,ldm_200,1,0.7575316501663538
diffusion_datasets/ldm_200/1_fake/mkkaiicgks.png,ldm_200,1,0.7407980554512029
diffusion_datasets/ldm_200/1_fake/ftojusbwcq.png,ldm_200,1,0.6237373003284831
diffusion_datasets/ldm_200/1_fake/uzjbonpwla.png,ldm_200,1,0.7995555813987669
diffusion_datasets/ldm_200/1_fake/clnogwmxno.png,ldm_200,1,0.3643124622161991
diffusion_datasets/ldm_200/1_fake/ynescstwdk.png,ldm_200,1,0.8979147108181159
diffusion_datasets/ldm_200/1_fake/vwsjebonhl.png,ldm_200,1,0.7783360681237534
diffusion_datasets/ldm_200/1_fake/sbuowwvzjw.png,ldm_200,1,0.9786182349011858
diffusion_datasets/ldm_200/1_fake/hectwezedz.png,ldm_200,1,0.9487145978900352
diffusion_datasets/ldm_200/1_fake/dimuqznulw.png,ldm_200,1,0.9192327128059399
diffusion_datasets/ldm_200/1_fake/myjibkfcjw.png,ldm_200,1,0.023239619304880412
diffusion_datasets/ldm_200/1_fake/vwkbynfcdl.png,ldm_200,1,0.9975986602351324
diffusion_datasets/ldm_200/1_fake/bjipeebzgu.png,ldm_200,1,0.11350248573720595
diffusion_datasets/ldm_200/1_fake/gsjragxgrg.png,ldm_200,1,0.9974248093039122
diffusion_datasets/ldm_200/1_fake/yfnrrhachx.png,ldm_200,1,0.8033924581776085
diffusion_datasets/ldm_200/1_fake/fuqmkbouip.png,ldm_200,1,0.999320912112089
diffusion_datasets/ldm_200/1_fake/usrafpawra.png,ldm_200,1,0.9973368570390295
diffusion_datasets/ldm_200/1_fake/llaiteusmv.png,ldm_200,1,0.8069319551966911
diffusion_datasets/ldm_200/1_fake/zdteumqsqf.png,ldm_200,1,0.4007704616836671
diffusion_datasets/ldm_200/1_fake/wipphellrw.png,ldm_200,1,0.9915591348762682
diffusion_datasets/ldm_200/1_fake/aadlygmazf.png,ldm_200,1,0.9013603212236965
diffusion_datasets/ldm_200/1_fake/cspmbvyjpm.png,ldm_200,1,0.6821007079737043
diffusion_datasets/ldm_200/1_fake/kwqbkshqjn.png,ldm_200,1,0.9763843163195712
diffusion_datasets/ldm_200/1_fake/kiimhjeatg.png,ldm_200,1,0.9870675570469353
diffusion_datasets/ldm_200/1_fake/kkqnltzvmr.png,ldm_200,1,0.06230227307336579
diffusion_datasets/ldm_200/1_fake/bzuoezatge.png,ldm_200,1,0.7620535266355211
diffusion_datasets/ldm_200/1_fake/dpsfehmqme.png,ldm_200,1,0.9785835510376322
diffusion_datasets/ldm_200/1_fake/ppufoaihkk.png,ldm_200,1,0.08798449084574743
diffusion_datasets/ldm_200/1_fake/xdpqtpwyiz.png,ldm_200,1,0.8939064656723255
diffusion_datasets/ldm_200/1_fake/nhmoimaaqz.png,ldm_200,1,0.18610304387868368
diffusion_datasets/ldm_200/1_fake/ccbrpvitlb.png,ldm_200,1,0.9389029498144182
diffusion_datasets/ldm_200/1_fake/rsekavebcp.png,ldm_200,1,0.9499990298712678
diffusion_datasets/ldm_200/1_fake/mbkwfjqeay.png,ldm_200,1,0.6186300883316123
diffusion_datasets/ldm_200/1_fake/hisyohahzi.png,ldm_200,1,0.9712919624145917
diffusion_datasets/ldm_200/1_fake/xvrgnnvmdu.png,ldm_200,1,0.9647062094599831
diffusion_datasets/ldm_200/1_fake/figfzyfhkt.png,ldm_200,1,0.9966953940391413
diffusion_datasets/ldm_200/1_fake/drnfeijjlp.png,ldm_200,1,0.9241471905969971
diffusion_datasets/ldm_200/1_fake/gropzgdcno.png,ldm_200,1,0.9981567537882141
diffusion_datasets/ldm_200/1_fake/ywhajfzors.png,ldm_200,1,0.6965028079505458
diffusion_datasets/ldm_200/1_fake/qtwdrpnjgz.png,ldm_200,1,0.09619307680108478
diffusion_datasets/ldm_200/1_fake/ajefhvvxek.png,ldm_200,1,0.06213573239950478
diffusion_datasets/ldm_200/1_fake/bqeilhkbun.png,ldm_200,1,0.9448420786823917
diffusion_datasets/ldm_200/1_fake/qyjvmgdrmq.png,ldm_200,1,0.9407946082640256
diffusion_datasets/ldm_200/1_fake/bbsnktsonl.png,ldm_200,1,0.2452656610834166
diffusion_datasets/ldm_200/1_fake/sevosnzutr.png,ldm_200,1,0.984585717771564
diffusion_datasets/ldm_200/1_fake/npgjxoaxcz.png,ldm_200,1,0.9995430137273371
diffusion_datasets/ldm_200/1_fake/jnifdomopt.png,ldm_200,1,0.9861870415958616
diffusion_datasets/ldm_200/1_fake/jgyprvacek.png,ldm_200,1,0.6640445922242896
diffusion_datasets/ldm_200/1_fake/jzcptodnmr.png,ldm_200,1,0.9794060059823682
diffusion_datasets/ldm_200/1_fake/vwklacfxmw.png,ldm_200,1,0.036962082597704254
diffusion_datasets/ldm_200/1_fake/bbdiioaqyn.png,ldm_200,1,0.00010933376506041395
diffusion_datasets/ldm_200/1_fake/nejpnuzhor.png,ldm_200,1,0.4032835640459974
diffusion_datasets/ldm_200/1_fake/umnlmiykjp.png,ldm_200,1,0.6636011443631887
diffusion_datasets/ldm_200/1_fake/cpyrataump.png,ldm_200,1,0.02467613745643277
diffusion_datasets/ldm_200/1_fake/awjhtixyqd.png,ldm_200,1,0.8648671894459269
diffusion_datasets/ldm_200/1_fake/qsndeimedb.png,ldm_200,1,0.013260857797621857
diffusion_datasets/ldm_200/1_fake/sltdkynkrd.png,ldm_200,1,0.999824521312302
diffusion_datasets/ldm_200/1_fake/kysxvylzkk.png,ldm_200,1,0.9454622631461331
diffusion_datasets/ldm_200/1_fake/jmqnijkden.png,ldm_200,1,0.47702971188671733
diffusion_datasets/ldm_200/1_fake/bxmsmmxizq.png,ldm_200,1,0.2621601480506099
diffusion_datasets/ldm_200/1_fake/iibymqusjk.png,ldm_200,1,0.08663862276754516
diffusion_datasets/ldm_200/1_fake/xhhbffrquk.png,ldm_200,1,0.1322474921804429
diffusion_datasets/ldm_200/1_fake/jezlovnknx.png,ldm_200,1,0.9927662310895586
diffusion_datasets/ldm_200/1_fake/siheeokstl.png,ldm_200,1,0.9662542851460549
diffusion_datasets/ldm_200/1_fake/ygbcaqrvep.png,ldm_200,1,0.9907684545275688
diffusion_datasets/ldm_200/1_fake/yxdmgabgrh.png,ldm_200,1,0.3230046928737619
diffusion_datasets/ldm_200/1_fake/bvbspxdfxz.png,ldm_200,1,0.08285384261931812
diffusion_datasets/ldm_200/1_fake/qsuodtmksx.png,ldm_200,1,0.9912835033413679
diffusion_datasets/ldm_200/1_fake/jdoqiuxxvj.png,ldm_200,1,0.0059228134865448746
diffusion_datasets/ldm_200/1_fake/lakovwneny.png,ldm_200,1,0.988708291483687
diffusion_datasets/ldm_200/1_fake/rdudakwwfl.png,ldm_200,1,0.7163590213311064
diffusion_datasets/ldm_200/1_fake/sxbarbxbis.png,ldm_200,1,0.8454078266375308
diffusion_datasets/ldm_200/1_fake/qwawgjhkcz.png,ldm_200,1,0.8531869925864833
diffusion_datasets/ldm_200/1_fake/nhlvajciai.png,ldm_200,1,0.943456287903674
diffusion_datasets/ldm_200/1_fake/nhcqvlreou.png,ldm_200,1,0.9232370759481912
diffusion_datasets/ldm_200/1_fake/wsbyyiugsn.png,ldm_200,1,0.7060557273380803
diffusion_datasets/ldm_200/1_fake/eayzvzrytx.png,ldm_200,1,0.5697532375027865
diffusion_datasets/ldm_200/1_fake/vjkzbfozoo.png,ldm_200,1,0.8825305513590754
diffusion_datasets/ldm_200/1_fake/hjovhnpjdf.png,ldm_200,1,0.8356307742402386
diffusion_datasets/ldm_200/1_fake/fcgojsqxhw.png,ldm_200,1,0.9190801957513882
diffusion_datasets/ldm_200/1_fake/panagqebev.png,ldm_200,1,0.8978930587744877
diffusion_datasets/ldm_200/1_fake/vfhdjmajxv.png,ldm_200,1,0.7016990477637036
diffusion_datasets/ldm_200/1_fake/ivswfntzwh.png,ldm_200,1,0.6366295529123921
diffusion_datasets/ldm_200/1_fake/cmuzaenxtt.png,ldm_200,1,0.9364769571490198
diffusion_datasets/ldm_200/1_fake/gczswsnqpp.png,ldm_200,1,0.29963709693701285
diffusion_datasets/ldm_200/1_fake/oertmmpfuq.png,ldm_200,1,0.5282645802342292
diffusion_datasets/ldm_200/1_fake/sxbfuikltb.png,ldm_200,1,0.9975746487279562
diffusion_datasets/ldm_200/1_fake/pbblbgdzjz.png,ldm_200,1,0.9654437753130267
diffusion_datasets/ldm_200/1_fake/qtlexhtorg.png,ldm_200,1,0.991256636875578
diffusion_datasets/ldm_200/1_fake/hxyxqnzbzd.png,ldm_200,1,0.3896477944877626
diffusion_datasets/ldm_200/1_fake/jezexlfhiq.png,ldm_200,1,0.9507285631733213
diffusion_datasets/ldm_200/1_fake/oxkzwdrxay.png,ldm_200,1,0.0033261572465267133
diffusion_datasets/ldm_200/1_fake/fxxzogdrnu.png,ldm_200,1,0.004138195144489296
diffusion_datasets/ldm_200/1_fake/tgzykjsqqa.png,ldm_200,1,0.9991373055348609
diffusion_datasets/ldm_200/1_fake/pcwvbmjrea.png,ldm_200,1,0.02324212843164338
diffusion_datasets/ldm_200/1_fake/owymrcrmoo.png,ldm_200,1,0.7858311818481305
diffusion_datasets/ldm_200/1_fake/aowpbzokmp.png,ldm_200,1,0.476584036446096
diffusion_datasets/ldm_200/1_fake/wrplkwvjrk.png,ldm_200,1,0.9859941169542259
diffusion_datasets/ldm_200/1_fake/mtclcgxdyh.png,ldm_200,1,0.7104735240180636
diffusion_datasets/ldm_200/1_fake/xnesojheqr.png,ldm_200,1,0.23599248245692525
diffusion_datasets/ldm_200/1_fake/yxyqoryjpu.png,ldm_200,1,0.9753810589294147
diffusion_datasets/ldm_200/1_fake/yecvsijdsn.png,ldm_200,1,0.8468127002650164
diffusion_datasets/ldm_200/1_fake/xvulqfblsf.png,ldm_200,1,0.9950937896551949
diffusion_datasets/ldm_200/1_fake/annkzxvqsz.png,ldm_200,1,0.961739875895258
diffusion_datasets/ldm_200/1_fake/niehixqsig.png,ldm_200,1,0.9928091395181668
diffusion_datasets/ldm_200/1_fake/tptqwsoovh.png,ldm_200,1,0.0058259134371679705
diffusion_datasets/ldm_200/1_fake/zxaydtvcbx.png,ldm_200,1,0.021402907128959626
diffusion_datasets/ldm_200/1_fake/iuwybjqiha.png,ldm_200,1,0.6723835658182281
diffusion_datasets/ldm_200/1_fake/qaafihkbbk.png,ldm_200,1,0.9281878524019083
diffusion_datasets/ldm_200/1_fake/vocoamkcza.png,ldm_200,1,0.4106460882177396
diffusion_datasets/ldm_200/1_fake/likeehktbp.png,ldm_200,1,0.6123462763194091
diffusion_datasets/ldm_200/1_fake/eqtzpzsbnp.png,ldm_200,1,0.9850945670267597
diffusion_datasets/ldm_200/1_fake/iqruwytkxd.png,ldm_200,1,0.16141390501548072
diffusion_datasets/ldm_200/1_fake/sgnnltafbd.png,ldm_200,1,0.9602309960797615
diffusion_datasets/ldm_200/1_fake/qtpttlawjz.png,ldm_200,1,0.3111591975099071
diffusion_datasets/ldm_200/1_fake/xfhgbduucl.png,ldm_200,1,0.984725451501656
diffusion_datasets/ldm_200/1_fake/mfoxhwrofa.png,ldm_200,1,0.9974063582091977
diffusion_datasets/ldm_200/1_fake/mbtqfbwlry.png,ldm_200,1,0.9645451200747029
diffusion_datasets/ldm_200/1_fake/ftobdflmuz.png,ldm_200,1,0.017718516846147815
diffusion_datasets/ldm_200/1_fake/mfmhhrlxuy.png,ldm_200,1,0.9669877238791065
diffusion_datasets/ldm_200/1_fake/xqyjzhnfqu.png,ldm_200,1,0.9936821264689104
diffusion_datasets/ldm_200/1_fake/qpjsgmteke.png,ldm_200,1,0.06534224131136318
diffusion_datasets/ldm_200/1_fake/txviitvyvk.png,ldm_200,1,0.7212249512747912
diffusion_datasets/ldm_200/1_fake/sinwhncecv.png,ldm_200,1,0.8540359430461397
diffusion_datasets/ldm_200/1_fake/qgxnqynxwh.png,ldm_200,1,0.9952510282874647
diffusion_datasets/ldm_200/1_fake/njslnjximf.png,ldm_200,1,0.9347259150453779
diffusion_datasets/ldm_200/1_fake/ewspkgvjkv.png,ldm_200,1,0.17936291441449687
diffusion_datasets/ldm_200/1_fake/ciwgbjibcd.png,ldm_200,1,0.36540849510209394
diffusion_datasets/ldm_200/1_fake/smdvfqmevj.png,ldm_200,1,0.9288658078598423
diffusion_datasets/ldm_200/1_fake/spuypppvyh.png,ldm_200,1,0.9947034102941711
diffusion_datasets/ldm_200/1_fake/yatxnhyhyw.png,ldm_200,1,0.8322238537434653
diffusion_datasets/ldm_200/1_fake/llmwutwhbl.png,ldm_200,1,0.996092148429263
diffusion_datasets/ldm_200/1_fake/vrwfguctin.png,ldm_200,1,0.9893285778314476
diffusion_datasets/ldm_200/1_fake/uesrfqrmys.png,ldm_200,1,0.6576934096602625
diffusion_datasets/ldm_200/1_fake/muszivpifs.png,ldm_200,1,0.8794085963804729
diffusion_datasets/ldm_200/1_fake/zdqmadvhbl.png,ldm_200,1,0.8738450793913186
diffusion_datasets/ldm_200/1_fake/mzwodmlccu.png,ldm_200,1,0.7889443409202376
diffusion_datasets/ldm_200/1_fake/ikesdclcne.png,ldm_200,1,0.13449412315125675
diffusion_datasets/ldm_200/1_fake/wcuupgwotu.png,ldm_200,1,0.8230840495840281
diffusion_datasets/ldm_200/1_fake/kgmqyotoqo.png,ldm_200,1,0.9979988150105988
diffusion_datasets/ldm_200/1_fake/ixykpgtooh.png,ldm_200,1,0.4243853233551326
diffusion_datasets/ldm_200/1_fake/tgkezflbjz.png,ldm_200,1,0.9124056417067469
diffusion_datasets/ldm_200/1_fake/lmbvfedfye.png,ldm_200,1,0.9980766875307123
diffusion_datasets/ldm_200/1_fake/gfdekurnbz.png,ldm_200,1,0.9292121631251478
diffusion_datasets/ldm_200/1_fake/rtbrwgwkho.png,ldm_200,1,0.6165854637480891
diffusion_datasets/ldm_200/1_fake/splerbaidx.png,ldm_200,1,0.0299500386792906
diffusion_datasets/ldm_200/1_fake/wekyyrslyw.png,ldm_200,1,0.7135451714203928
diffusion_datasets/ldm_200/1_fake/kqmbpossfq.png,ldm_200,1,0.012504114952201868
diffusion_datasets/ldm_200/1_fake/fwqtzyeait.png,ldm_200,1,0.9957156767990729
diffusion_datasets/ldm_200/1_fake/rlarzjlvnd.png,ldm_200,1,0.547637971786407
diffusion_datasets/ldm_200/1_fake/adizyjvxam.png,ldm_200,1,0.07961157458097087
diffusion_datasets/ldm_200/1_fake/jbteyioohc.png,ldm_200,1,0.6502593379955897
diffusion_datasets/ldm_200/1_fake/fihznganle.png,ldm_200,1,0.9888380085893236
diffusion_datasets/ldm_200/1_fake/krqkilakxw.png,ldm_200,1,0.9234731607995526
diffusion_datasets/ldm_200/1_fake/ascyfbgfmn.png,ldm_200,1,0.9927705613646753
diffusion_datasets/ldm_200/1_fake/wtzwjbopzy.png,ldm_200,1,0.422450073016156
diffusion_datasets/ldm_200/1_fake/izuqfuuvtc.png,ldm_200,1,0.9916318178315732
diffusion_datasets/ldm_200/1_fake/crzzjqmtan.png,ldm_200,1,0.2959339532405959
diffusion_datasets/ldm_200/1_fake/kobditubhr.png,ldm_200,1,0.8901932727828784
diffusion_datasets/ldm_200/1_fake/nypkpjmzri.png,ldm_200,1,0.9940678874047835
diffusion_datasets/ldm_200/1_fake/nrzbgujfll.png,ldm_200,1,0.10811138831432174
diffusion_datasets/ldm_200/1_fake/pptvyzosrk.png,ldm_200,1,0.6692741294732857
diffusion_datasets/ldm_200/1_fake/gwwimiekeh.png,ldm_200,1,0.9958561700773564
diffusion_datasets/ldm_200/1_fake/gxvvzagtkn.png,ldm_200,1,0.9257226976156803
diffusion_datasets/ldm_200/1_fake/jrzuxwwxsh.png,ldm_200,1,0.9807878314375851
diffusion_datasets/ldm_200/1_fake/llbqajpkux.png,ldm_200,1,0.9924923522736459
diffusion_datasets/ldm_200/1_fake/psosqfwlqc.png,ldm_200,1,0.9589322383692552
diffusion_datasets/ldm_200/1_fake/ddeuvxknie.png,ldm_200,1,0.32015105999413385
diffusion_datasets/ldm_200/1_fake/fegqolkrls.png,ldm_200,1,0.34601941451872986
diffusion_datasets/ldm_200/1_fake/vcuznpgkuo.png,ldm_200,1,0.9995978031757449
diffusion_datasets/ldm_200/1_fake/hjshyxnjca.png,ldm_200,1,0.9899486291088196
diffusion_datasets/ldm_200/1_fake/iwkrlrqsbn.png,ldm_200,1,0.8203264317978315
diffusion_datasets/ldm_200/1_fake/vpokhpnoyy.png,ldm_200,1,0.003330024280133393
diffusion_datasets/ldm_200/1_fake/spnummyudf.png,ldm_200,1,0.9881215920193752
diffusion_datasets/ldm_200/1_fake/nipnhttkcg.png,ldm_200,1,0.9713167714811711
diffusion_datasets/ldm_200/1_fake/fvbwueqmmc.png,ldm_200,1,0.7871508266628382
diffusion_datasets/ldm_200/1_fake/psvhorutyv.png,ldm_200,1,0.707425576505668
diffusion_datasets/ldm_200/1_fake/oyxvwvxuzr.png,ldm_200,1,0.9503891855234059
diffusion_datasets/ldm_200/1_fake/vftoepxxkj.png,ldm_200,1,0.9790327237901857
diffusion_datasets/ldm_200/1_fake/rigaxqbjbr.png,ldm_200,1,0.99619865058473
diffusion_datasets/ldm_200/1_fake/eltlpjgnai.png,ldm_200,1,0.04585862178717641
diffusion_datasets/ldm_200/1_fake/umhgkshvea.png,ldm_200,1,0.9059261904445088
diffusion_datasets/ldm_200/1_fake/fksurkvzeg.png,ldm_200,1,0.5883464804160695
diffusion_datasets/ldm_200/1_fake/njrelhtzux.png,ldm_200,1,0.650019581880869
diffusion_datasets/ldm_200/1_fake/cmgdpkxuef.png,ldm_200,1,0.08892045235409024
diffusion_datasets/ldm_200/1_fake/omsyxrsufp.png,ldm_200,1,0.8467609112066066
diffusion_datasets/ldm_200/1_fake/dbmufhmuzs.png,ldm_200,1,0.9436148784011367
diffusion_datasets/ldm_200/1_fake/qbhxmjxsev.png,ldm_200,1,0.07027804750232228
diffusion_datasets/ldm_200/1_fake/nyrfgpglht.png,ldm_200,1,0.008744623576618723
diffusion_datasets/ldm_200/1_fake/bsoomuiluf.png,ldm_200,1,0.971722566061596
diffusion_datasets/ldm_200/1_fake/ifqwneltpg.png,ldm_200,1,0.5932865816835313
diffusion_datasets/ldm_200/1_fake/leadpebgwn.png,ldm_200,1,0.8258474975245925
diffusion_datasets/ldm_200/1_fake/ncyvrxsbym.png,ldm_200,1,0.6665353198358548
diffusion_datasets/ldm_200/1_fake/hbdtraluzp.png,ldm_200,1,0.23100561563320773
diffusion_datasets/ldm_200/1_fake/ktsfcdbxkp.png,ldm_200,1,0.9836970782637835
diffusion_datasets/ldm_200/1_fake/hiqkigzfrk.png,ldm_200,1,0.9678779445104253
diffusion_datasets/ldm_200/1_fake/qkkcelqgiq.png,ldm_200,1,0.3004097182499975
diffusion_datasets/ldm_200/1_fake/yytnnkmkun.png,ldm_200,1,0.9919428501636144
diffusion_datasets/ldm_200/1_fake/vmlzuywhlr.png,ldm_200,1,0.9985069839665842
diffusion_datasets/ldm_200/1_fake/dbifuulczh.png,ldm_200,1,0.9666047444569016
diffusion_datasets/ldm_200/1_fake/fzmzemtxkr.png,ldm_200,1,0.19685608960327308
diffusion_datasets/ldm_200/1_fake/uwzfugbfno.png,ldm_200,1,0.9622689168179686
diffusion_datasets/ldm_200/1_fake/fdetgrcfyf.png,ldm_200,1,0.9956671161733871
diffusion_datasets/ldm_200/1_fake/owavsapwhv.png,ldm_200,1,0.5084660083822296
diffusion_datasets/ldm_200/1_fake/xnidvmnavp.png,ldm_200,1,0.4403574661378736
diffusion_datasets/ldm_200/1_fake/ybpiflwjwj.png,ldm_200,1,0.24297917783459497
diffusion_datasets/ldm_200/1_fake/xjokdvoxpk.png,ldm_200,1,0.9323873288180345
diffusion_datasets/ldm_200/1_fake/vfjqbhhdhb.png,ldm_200,1,0.8868144235481771
diffusion_datasets/ldm_200/1_fake/hhlwjuqsbz.png,ldm_200,1,0.027073334461730453
diffusion_datasets/ldm_200/1_fake/pepkgtkonx.png,ldm_200,1,0.37793293303328895
diffusion_datasets/ldm_200/1_fake/lkealtdsyd.png,ldm_200,1,0.991184025332914
diffusion_datasets/ldm_200/1_fake/nvglpmddru.png,ldm_200,1,0.002280004839529864
diffusion_datasets/ldm_200/1_fake/rtiaijvnif.png,ldm_200,1,0.024511626626568372
diffusion_datasets/ldm_200/1_fake/ahnijblsap.png,ldm_200,1,0.9910189195556953
diffusion_datasets/ldm_200/1_fake/paozbcurkw.png,ldm_200,1,0.4817473797289625
diffusion_datasets/ldm_200/1_fake/pwhjtzqmis.png,ldm_200,1,0.12668652377478257
diffusion_datasets/ldm_200/1_fake/vispixnoqk.png,ldm_200,1,0.3930901034824913
diffusion_datasets/ldm_200/1_fake/cvohxivzjd.png,ldm_200,1,0.10098238745727116
diffusion_datasets/ldm_200/1_fake/hypftiguck.png,ldm_200,1,0.9980596460275971
diffusion_datasets/ldm_200/1_fake/hrdlxdegxy.png,ldm_200,1,0.4689139381338339
diffusion_datasets/ldm_200/1_fake/devyzpyxmr.png,ldm_200,1,0.05940344556371208
diffusion_datasets/ldm_200/1_fake/tbxpyvxjym.png,ldm_200,1,0.9520170317498297
diffusion_datasets/ldm_200/1_fake/nfysclasrr.png,ldm_200,1,0.01348494251642642
diffusion_datasets/ldm_200/1_fake/odhzcmznnr.png,ldm_200,1,0.7228489919564999
diffusion_datasets/ldm_200/1_fake/ikiqryhfmf.png,ldm_200,1,0.13005720869298776
diffusion_datasets/ldm_200/1_fake/usipjcyjoy.png,ldm_200,1,0.002166504203264535
diffusion_datasets/ldm_200/1_fake/ybihqfczqf.png,ldm_200,1,0.9467609447933035
diffusion_datasets/ldm_200/1_fake/zrifjlbkwb.png,ldm_200,1,0.9984005686578031
diffusion_datasets/ldm_200/1_fake/jhuyduptth.png,ldm_200,1,0.9393035336773391
diffusion_datasets/ldm_200/1_fake/abaxzegfoi.png,ldm_200,1,0.4495428369213665
diffusion_datasets/ldm_200/1_fake/evwfvofdll.png,ldm_200,1,0.9319926117429795
diffusion_datasets/ldm_200/1_fake/yrantjwhqk.png,ldm_200,1,0.9989023533982201
diffusion_datasets/ldm_200/1_fake/lizvdcrrbp.png,ldm_200,1,0.997592304050219
diffusion_datasets/ldm_200/1_fake/uvweqxeurs.png,ldm_200,1,0.9997764520804232
diffusion_datasets/ldm_200/1_fake/gdomuubpmo.png,ldm_200,1,0.02471198402685729
diffusion_datasets/ldm_200/1_fake/klcsuijwqh.png,ldm_200,1,0.8072881145458736
diffusion_datasets/ldm_200/1_fake/efgchmasis.png,ldm_200,1,0.03402454037438172
diffusion_datasets/ldm_200/1_fake/zynieagnms.png,ldm_200,1,0.6254040255839785
diffusion_datasets/ldm_200/1_fake/tvhyjyjvbi.png,ldm_200,1,0.5791094780561907
diffusion_datasets/ldm_200/1_fake/vkjmgldjai.png,ldm_200,1,0.08845816079884883
diffusion_datasets/ldm_200/1_fake/smlabsrifo.png,ldm_200,1,0.8199427472404344
diffusion_datasets/ldm_200/1_fake/dsxuevcdxk.png,ldm_200,1,0.3108793670830304
diffusion_datasets/ldm_200/1_fake/znxaufdjpv.png,ldm_200,1,0.979140240001272
diffusion_datasets/ldm_200/1_fake/wbcncldemw.png,ldm_200,1,0.7997232090816534
diffusion_datasets/ldm_200/1_fake/olecerouzv.png,ldm_200,1,0.9883956982393578
diffusion_datasets/ldm_200/1_fake/ybpkzmxsoj.png,ldm_200,1,0.24788482822496533
diffusion_datasets/ldm_200/1_fake/jecdlrpjba.png,ldm_200,1,0.9313536739155635
diffusion_datasets/ldm_200/1_fake/lsvzbqhxgl.png,ldm_200,1,0.005501771934937393
diffusion_datasets/ldm_200/1_fake/msccvtyrqo.png,ldm_200,1,0.9969086807005917
diffusion_datasets/ldm_200/1_fake/oulguvnvpq.png,ldm_200,1,0.9763047907303595
diffusion_datasets/ldm_200/1_fake/ukoxsbspvb.png,ldm_200,1,0.09786662256084647
diffusion_datasets/ldm_200/1_fake/gaephzrdih.png,ldm_200,1,0.07825627950991808
diffusion_datasets/ldm_200/1_fake/rrcbbbylog.png,ldm_200,1,0.1778145849013062
diffusion_datasets/ldm_200/1_fake/lkwvbsljma.png,ldm_200,1,0.21486017407392569
diffusion_datasets/ldm_200/1_fake/xdudczawtx.png,ldm_200,1,0.9119966722343301
diffusion_datasets/ldm_200/1_fake/jrdflpqmct.png,ldm_200,1,0.4969306784119949
diffusion_datasets/ldm_200/1_fake/gaezkwugoh.png,ldm_200,1,0.8390649445221965
diffusion_datasets/ldm_200/1_fake/lxdnodpvuz.png,ldm_200,1,0.9993206047207625
diffusion_datasets/ldm_200/1_fake/rsiiuivgsv.png,ldm_200,1,0.8907898270077382
diffusion_datasets/ldm_200/1_fake/wkkhoodytf.png,ldm_200,1,0.9867491061245092
diffusion_datasets/ldm_200/1_fake/yeysnhxrmp.png,ldm_200,1,0.9856672633820218
diffusion_datasets/ldm_200/1_fake/zbnbosutcn.png,ldm_200,1,0.6720003309232588
diffusion_datasets/ldm_200/1_fake/ovebmmaneb.png,ldm_200,1,0.9161126459651081
diffusion_datasets/ldm_200/1_fake/cubclpdlyb.png,ldm_200,1,0.026682598198771026
diffusion_datasets/ldm_200/1_fake/ygsthmtuoh.png,ldm_200,1,0.9941667020595836
diffusion_datasets/ldm_200/1_fake/gnjefwyemy.png,ldm_200,1,0.9701037472082508
diffusion_datasets/ldm_200/1_fake/jirfxpsjiz.png,ldm_200,1,0.9945571050852972
diffusion_datasets/ldm_200/1_fake/rakzbwxeme.png,ldm_200,1,0.9898718336779092
diffusion_datasets/ldm_200/1_fake/rxrwofckks.png,ldm_200,1,0.7890343589984375
diffusion_datasets/ldm_200/1_fake/xtupempfsd.png,ldm_200,1,0.8130037357841415
diffusion_datasets/ldm_200/1_fake/lgpvmdfncv.png,ldm_200,1,0.7552782763360204
diffusion_datasets/ldm_200/1_fake/sneggiimdk.png,ldm_200,1,0.9399886436464991
diffusion_datasets/ldm_200/1_fake/uzgkdnsvbt.png,ldm_200,1,0.025716991794570137
diffusion_datasets/ldm_200/1_fake/idxzmkymeu.png,ldm_200,1,0.2227988204177107
diffusion_datasets/ldm_200/1_fake/rtkpyywobl.png,ldm_200,1,0.8431727430033278
diffusion_datasets/ldm_200/1_fake/skkprfujmw.png,ldm_200,1,0.0028129496960574395
diffusion_datasets/ldm_200/1_fake/ykyioyylud.png,ldm_200,1,0.34978350174047423
diffusion_datasets/ldm_200/1_fake/sdpkvjboba.png,ldm_200,1,0.8196900164160451
diffusion_datasets/ldm_200/1_fake/itvslvcuiy.png,ldm_200,1,0.6846714249862553
diffusion_datasets/ldm_200/1_fake/fjxuybiebs.png,ldm_200,1,0.9831614005382028
diffusion_datasets/ldm_200/1_fake/rpggiliowp.png,ldm_200,1,0.9833877135313379
diffusion_datasets/ldm_200/1_fake/timdfnwgho.png,ldm_200,1,0.9647153799503119
diffusion_datasets/ldm_200/1_fake/qdnqcoyzar.png,ldm_200,1,0.0016982656978617187
diffusion_datasets/ldm_200/1_fake/bghliglwng.png,ldm_200,1,0.9867367091429415
diffusion_datasets/ldm_200/1_fake/gacytxnrbg.png,ldm_200,1,0.8921524893609741
diffusion_datasets/ldm_200/1_fake/fmlqvsmgwg.png,ldm_200,1,0.27121431599934637
diffusion_datasets/ldm_200/1_fake/vcbnrxukwp.png,ldm_200,1,0.9943486325233002
diffusion_datasets/ldm_200/1_fake/ranqpkoerl.png,ldm_200,1,0.9385109917335447
diffusion_datasets/ldm_200/1_fake/ttfwqkviia.png,ldm_200,1,0.12926289125559473
diffusion_datasets/ldm_200/1_fake/qgkzujpyka.png,ldm_200,1,0.030807008660401553
diffusion_datasets/ldm_200/1_fake/szocurmzdp.png,ldm_200,1,0.18106165939774663
diffusion_datasets/ldm_200/1_fake/olxhrrlaut.png,ldm_200,1,0.6380478232307119
diffusion_datasets/ldm_200/1_fake/hnsubaglth.png,ldm_200,1,0.08532950584964505
diffusion_datasets/ldm_200/1_fake/xmyblzhwwh.png,ldm_200,1,0.04128084729456417
diffusion_datasets/ldm_200/1_fake/qhnjseyjbw.png,ldm_200,1,0.17590264727646748
diffusion_datasets/ldm_200/1_fake/pcudblgobu.png,ldm_200,1,0.6481442181038045
diffusion_datasets/ldm_200/1_fake/ayibbogxvl.png,ldm_200,1,0.9797654672518455
diffusion_datasets/ldm_200/1_fake/dbcoycuiyt.png,ldm_200,1,0.9728371807631911
diffusion_datasets/ldm_200/1_fake/wfyfdsoqjb.png,ldm_200,1,0.6253045582190856
diffusion_datasets/ldm_200/1_fake/oqargxuywp.png,ldm_200,1,0.9992858005349116
diffusion_datasets/ldm_200/1_fake/ndjgpgfppo.png,ldm_200,1,0.8850594007294237
diffusion_datasets/ldm_200/1_fake/exoglvpvei.png,ldm_200,1,0.8136404798909955
diffusion_datasets/ldm_200/1_fake/vumdsauhht.png,ldm_200,1,0.6698526209424506
diffusion_datasets/ldm_200/1_fake/fneghrqtsf.png,ldm_200,1,0.9974578127419077
diffusion_datasets/ldm_200/1_fake/ffuzczfqav.png,ldm_200,1,0.9809438945248634
diffusion_datasets/ldm_200/1_fake/tflsufulfn.png,ldm_200,1,0.22897343688208086
diffusion_datasets/ldm_200/1_fake/djumibnmaq.png,ldm_200,1,0.2811585038984555
diffusion_datasets/ldm_200/1_fake/bljmtryslc.png,ldm_200,1,0.9834243769014255
diffusion_datasets/ldm_200/1_fake/wrmxjiicmz.png,ldm_200,1,0.0020713077442628364
diffusion_datasets/ldm_200/1_fake/jgmtkjqepx.png,ldm_200,1,0.9700883731885938
diffusion_datasets/ldm_200/1_fake/zoxknkpgoh.png,ldm_200,1,0.9961631754253871
diffusion_datasets/ldm_200/1_fake/tvdnjojlmh.png,ldm_200,1,0.4836934881404368
diffusion_datasets/ldm_200/1_fake/hcyfeanpao.png,ldm_200,1,0.7278747651652251
diffusion_datasets/ldm_200/1_fake/xxxlutdoia.png,ldm_200,1,0.8857953385039671
diffusion_datasets/ldm_200/1_fake/czkhjnfjgr.png,ldm_200,1,0.6085999706758567
diffusion_datasets/ldm_200/1_fake/qngsmynlht.png,ldm_200,1,0.7879260296732851
diffusion_datasets/ldm_200/1_fake/szebyvzlqt.png,ldm_200,1,0.9809751944350672
diffusion_datasets/ldm_200/1_fake/utlevcsfzc.png,ldm_200,1,0.9528944839688271
diffusion_datasets/ldm_200/1_fake/qlhvuhhqol.png,ldm_200,1,0.6799042749782183
diffusion_datasets/ldm_200/1_fake/dhjedfczru.png,ldm_200,1,0.9994624351768806
diffusion_datasets/ldm_200/1_fake/dhepjncjkt.png,ldm_200,1,0.7894334139889818
diffusion_datasets/ldm_200/1_fake/tigzfxjaeg.png,ldm_200,1,0.39987812924060295
diffusion_datasets/ldm_200/1_fake/wiweponjic.png,ldm_200,1,0.8493099799573497
diffusion_datasets/ldm_200/1_fake/tycynadkoj.png,ldm_200,1,0.9886067155356061
diffusion_datasets/ldm_200/1_fake/mtuopsldka.png,ldm_200,1,0.042570194186518154
diffusion_datasets/ldm_200/1_fake/mhaimbeqgl.png,ldm_200,1,0.5770406092703566
diffusion_datasets/ldm_200/1_fake/qofcjlhwbv.png,ldm_200,1,0.952885239456616
diffusion_datasets/ldm_200/1_fake/flislizwvd.png,ldm_200,1,0.8547235860243395
diffusion_datasets/ldm_200/1_fake/fvfgzexjcm.png,ldm_200,1,0.12497486174492649
diffusion_datasets/ldm_200/1_fake/fwnswugajt.png,ldm_200,1,0.9979401475133283
diffusion_datasets/ldm_200/1_fake/psvmrypqai.png,ldm_200,1,0.8671928945925717
diffusion_datasets/ldm_200/1_fake/jgcuwqiqsa.png,ldm_200,1,0.6423749233174447
diffusion_datasets/ldm_200/1_fake/gjpzqplype.png,ldm_200,1,0.9243297276312803
diffusion_datasets/ldm_200/1_fake/ycojahdoqs.png,ldm_200,1,0.16552513705130528
diffusion_datasets/ldm_200/1_fake/lvndezxcir.png,ldm_200,1,0.828138543532372
diffusion_datasets/ldm_200/1_fake/vueczavslq.png,ldm_200,1,0.9938466987314383
diffusion_datasets/ldm_200/1_fake/hkjmvhgmso.png,ldm_200,1,0.1751753523263185
diffusion_datasets/ldm_200/1_fake/swhkqaywlh.png,ldm_200,1,0.9878639755415535
diffusion_datasets/ldm_200/1_fake/arfbiucpar.png,ldm_200,1,0.9578010021992457
diffusion_datasets/ldm_200/1_fake/njnnphhwll.png,ldm_200,1,0.936773169270909
diffusion_datasets/ldm_200/1_fake/okuolqaypa.png,ldm_200,1,0.9814769447472763
diffusion_datasets/ldm_200/1_fake/rjddhlzmqd.png,ldm_200,1,0.9978869087845569
diffusion_datasets/ldm_200/1_fake/fnjmysjhqo.png,ldm_200,1,0.0780840080146056
diffusion_datasets/ldm_200/1_fake/uxbuickkha.png,ldm_200,1,0.17018601066966832
diffusion_datasets/ldm_200/1_fake/htpewtqebr.png,ldm_200,1,0.9202307015121005
diffusion_datasets/ldm_200/1_fake/uvsazktssr.png,ldm_200,1,0.9772921491863935
diffusion_datasets/ldm_200/1_fake/yyfgzdkznw.png,ldm_200,1,0.8374301162502673
diffusion_datasets/ldm_200/1_fake/bbqlufpjnl.png,ldm_200,1,0.17798908569519006
diffusion_datasets/ldm_200/1_fake/jsytpmwrvb.png,ldm_200,1,0.8671951426549924
diffusion_datasets/ldm_200/1_fake/ueoeojrsyj.png,ldm_200,1,0.39428685033546246
diffusion_datasets/ldm_200/1_fake/ogdtdsagel.png,ldm_200,1,0.1597305755552132
diffusion_datasets/ldm_200/1_fake/snjzonvpow.png,ldm_200,1,0.07799363343378124
diffusion_datasets/ldm_200/1_fake/djfymdweky.png,ldm_200,1,0.9993959450838035
diffusion_datasets/ldm_200/1_fake/jbsbxfrewb.png,ldm_200,1,0.5804706682130205
diffusion_datasets/ldm_200/1_fake/mltvjsqnjm.png,ldm_200,1,0.9092555121971393
diffusion_datasets/ldm_200/1_fake/gkbjdvwiuz.png,ldm_200,1,0.9673602660510604
diffusion_datasets/ldm_200/1_fake/yqqmbglayb.png,ldm_200,1,0.9984984348325335
diffusion_datasets/ldm_200/1_fake/hrayggkgxb.png,ldm_200,1,0.9082905411634291
diffusion_datasets/ldm_200/1_fake/sssvouruij.png,ldm_200,1,0.5002790105297283
diffusion_datasets/ldm_200/1_fake/gxexzzlcld.png,ldm_200,1,0.8520860208695827
diffusion_datasets/ldm_200/1_fake/usxygmfmlb.png,ldm_200,1,0.08025992447947082
diffusion_datasets/ldm_200/1_fake/hdcbgrxqza.png,ldm_200,1,0.9788787068299853
diffusion_datasets/ldm_200/1_fake/mpozbazafp.png,ldm_200,1,0.5647185276212314
diffusion_datasets/ldm_200/1_fake/xuzzmcdpux.png,ldm_200,1,0.9599724312365545
diffusion_datasets/ldm_200/1_fake/dldztvvwrt.png,ldm_200,1,0.9896579637680709
diffusion_datasets/ldm_200/1_fake/hdtfurantf.png,ldm_200,1,0.5819805843474027
diffusion_datasets/ldm_200/1_fake/wgrmpdejfv.png,ldm_200,1,0.053129642560050185
diffusion_datasets/ldm_200/1_fake/lqrkxsvuvt.png,ldm_200,1,0.8095867460952887
diffusion_datasets/ldm_200/1_fake/dtvfjwtgbk.png,ldm_200,1,0.7061890938211318
diffusion_datasets/ldm_200/1_fake/vitzpaholy.png,ldm_200,1,0.628712132429501
diffusion_datasets/ldm_200/1_fake/zniuujlsax.png,ldm_200,1,0.7831351175241594
diffusion_datasets/ldm_200/1_fake/ponotiiits.png,ldm_200,1,0.9877378998638743
diffusion_datasets/ldm_200/1_fake/gchslncruv.png,ldm_200,1,0.49308568808023934
diffusion_datasets/ldm_200/1_fake/vyjvqkrjmv.png,ldm_200,1,0.012018047217980712
diffusion_datasets/ldm_200/1_fake/wsbgevekgf.png,ldm_200,1,0.8169044030837914
diffusion_datasets/ldm_200/1_fake/msdsnlzcre.png,ldm_200,1,0.8045147818970665
diffusion_datasets/ldm_200/1_fake/jefxajnwbk.png,ldm_200,1,0.903024685275521
diffusion_datasets/ldm_200/1_fake/vipmyyceny.png,ldm_200,1,0.8272234415951013
diffusion_datasets/ldm_200/1_fake/slrtleyncm.png,ldm_200,1,0.7578195262680781
diffusion_datasets/ldm_200/1_fake/jpkbhfmhql.png,ldm_200,1,0.9893938206593393
diffusion_datasets/ldm_200/1_fake/mcsihazpje.png,ldm_200,1,0.9686355291584486
diffusion_datasets/ldm_200/1_fake/bulfplvjow.png,ldm_200,1,0.9073662436884818
diffusion_datasets/ldm_200/1_fake/rjdnzhbvwc.png,ldm_200,1,0.7244106842524802
diffusion_datasets/ldm_200/1_fake/ruyafogtjk.png,ldm_200,1,0.9774509304051837
diffusion_datasets/ldm_200/1_fake/gudkwzmgfo.png,ldm_200,1,0.4579299470949186
diffusion_datasets/ldm_200/1_fake/rbihqctsdb.png,ldm_200,1,0.6782836669243929
diffusion_datasets/ldm_200/1_fake/hnfbzeaoqb.png,ldm_200,1,0.8272783948834611
diffusion_datasets/ldm_200/1_fake/xbwwtavscv.png,ldm_200,1,0.9992035283766264
diffusion_datasets/ldm_200/1_fake/ugrxyyeknx.png,ldm_200,1,0.8623518159547291
diffusion_datasets/ldm_200/1_fake/frrzmsczog.png,ldm_200,1,0.03588051247240855
diffusion_datasets/ldm_200/1_fake/vblsrmonrr.png,ldm_200,1,0.9712973231532464
diffusion_datasets/ldm_200/1_fake/ykhbfkbqqc.png,ldm_200,1,0.03395294361742712
diffusion_datasets/ldm_200/1_fake/xpdelxvksw.png,ldm_200,1,0.7579766712769834
diffusion_datasets/ldm_200/1_fake/vofhkesmtv.png,ldm_200,1,0.9904884787191528
diffusion_datasets/ldm_200/1_fake/qbannzwxnv.png,ldm_200,1,0.5602312553184357
diffusion_datasets/ldm_200/1_fake/dsxzmqgrfv.png,ldm_200,1,0.8764329981387045
diffusion_datasets/ldm_200/1_fake/gckzbyionz.png,ldm_200,1,0.9473992413251999
diffusion_datasets/ldm_200/1_fake/aqfnjpltvb.png,ldm_200,1,0.042526975075168075
diffusion_datasets/ldm_200/1_fake/nnuuhindgj.png,ldm_200,1,0.9753543509278028
diffusion_datasets/ldm_200/1_fake/lfpytrxtnd.png,ldm_200,1,0.8692311050747997
diffusion_datasets/ldm_200/1_fake/hsvrfsodig.png,ldm_200,1,0.7175698216026261
diffusion_datasets/ldm_200/1_fake/ohycivlfdy.png,ldm_200,1,0.0010954523865036056
diffusion_datasets/ldm_200/1_fake/zzrybysskm.png,ldm_200,1,0.1503237152910407
diffusion_datasets/ldm_200/1_fake/xnyhohvpna.png,ldm_200,1,0.24928200705459777
diffusion_datasets/ldm_200/1_fake/enrmnsxepz.png,ldm_200,1,0.9874731419871882
diffusion_datasets/ldm_200/1_fake/pcuxcikgcq.png,ldm_200,1,0.006520262921947717
diffusion_datasets/ldm_200/1_fake/clutkoqhvu.png,ldm_200,1,0.9988871064772213
diffusion_datasets/ldm_200/1_fake/amthaokcfg.png,ldm_200,1,0.11293375878461105
diffusion_datasets/ldm_200/1_fake/kvomczokut.png,ldm_200,1,0.10216717677950475
diffusion_datasets/ldm_200/1_fake/uyfkdpzowl.png,ldm_200,1,0.9936095800831571
diffusion_datasets/ldm_200/1_fake/uydofqnwdz.png,ldm_200,1,0.010260444039369314
diffusion_datasets/ldm_200/1_fake/wotrziuyhj.png,ldm_200,1,0.034535481195127116
diffusion_datasets/ldm_200/1_fake/ntwekxxoly.png,ldm_200,1,0.9564195728449705
diffusion_datasets/ldm_200/1_fake/mnbrpiakwa.png,ldm_200,1,0.4016166589799581
diffusion_datasets/ldm_200/1_fake/aqdcxmcowi.png,ldm_200,1,0.4663424262749305
diffusion_datasets/ldm_200/1_fake/jqnuoffbtb.png,ldm_200,1,0.16456617859426986
diffusion_datasets/ldm_200/1_fake/gzzhkwcczo.png,ldm_200,1,0.9638283454069227
diffusion_datasets/ldm_200/1_fake/fjyemnydtk.png,ldm_200,1,0.3807162985418616
diffusion_datasets/ldm_200/1_fake/fgbgiwekim.png,ldm_200,1,0.013715342074869678
diffusion_datasets/ldm_200/1_fake/eaesoxacae.png,ldm_200,1,0.7613551923326746
diffusion_datasets/ldm_200/1_fake/rdtvftkyww.png,ldm_200,1,0.0001009030507090269
diffusion_datasets/ldm_200/1_fake/jkepwzmrqu.png,ldm_200,1,0.21417785255180052
diffusion_datasets/ldm_200/1_fake/kbpanibqgu.png,ldm_200,1,0.8487838572734488
diffusion_datasets/ldm_200/1_fake/etawvbajib.png,ldm_200,1,0.20399190058049954
diffusion_datasets/ldm_200/1_fake/ypdjyjlopx.png,ldm_200,1,0.9963691299300521
diffusion_datasets/ldm_200/1_fake/nkdchwutlw.png,ldm_200,1,0.9567164241359519
diffusion_datasets/ldm_200/1_fake/ayzndlluru.png,ldm_200,1,0.2732704014836109
diffusion_datasets/ldm_200/1_fake/bfiknazsha.png,ldm_200,1,0.5533542883843693
diffusion_datasets/ldm_200/1_fake/nhlzsfyryf.png,ldm_200,1,0.09937190806647264
diffusion_datasets/ldm_200/1_fake/asxtxajrfc.png,ldm_200,1,0.7668427559693985
diffusion_datasets/ldm_200/1_fake/zchftlmgnh.png,ldm_200,1,0.8382323904115789
diffusion_datasets/ldm_200/1_fake/zmqpqnavds.png,ldm_200,1,0.9711256525523435
diffusion_datasets/ldm_200/1_fake/mfcceezfwn.png,ldm_200,1,0.9973402766484846
diffusion_datasets/ldm_200/1_fake/kpzyfbuxhi.png,ldm_200,1,0.001987341850675287
diffusion_datasets/ldm_200/1_fake/lpofppxlqt.png,ldm_200,1,0.9484641929313747
diffusion_datasets/ldm_200/1_fake/gyzuhrjhfj.png,ldm_200,1,0.8948165768573509
diffusion_datasets/ldm_200/1_fake/bhlyixirpi.png,ldm_200,1,0.8005315644326079
diffusion_datasets/ldm_200/1_fake/yyrtmboyuo.png,ldm_200,1,0.014545700079137814
diffusion_datasets/ldm_200/1_fake/jfqdxkbnuz.png,ldm_200,1,0.9884057016196919
diffusion_datasets/ldm_200/1_fake/qvldneoiwj.png,ldm_200,1,0.9984819428276615
diffusion_datasets/ldm_200/1_fake/flzalpsilp.png,ldm_200,1,0.5171473591791462
