path,domain,label,ai_score
diffusion_datasets/guided/1_fake/lnavxqqxfa.png,guided,1,0.6255678378179149
diffusion_datasets/guided/1_fake/eolimvhygz.png,guided,1,0.4213937390814482
diffusion_datasets/guided/1_fake/nkdchwutlw.png,guided,1,0.00463774472859537
diffusion_datasets/guided/1_fake/eoacigirrk.png,guided,1,0.2690422338220212
diffusion_datasets/guided/1_fake/msccvtyrqo.png,guided,1,0.0003199844026571481
diffusion_datasets/guided/1_fake/cmjapngcpn.png,guided,1,0.9277113714550618
diffusion_datasets/guided/1_fake/vrwfguctin.png,guided,1,0.008139061717590884
diffusion_datasets/guided/1_fake/slrtleyncm.png,guided,1,0.5258422194152503
diffusion_datasets/guided/1_fake/jkepwzmrqu.png,guided,1,0.5542536171613057
diffusion_datasets/guided/1_fake/fwnswugajt.png,guided,1,0.17127148694964622
diffusion_datasets/guided/1_fake/jgcuwqiqsa.png,guided,1,0.25635231425114013
diffusion_datasets/guided/1_fake/kjkmmniwcv.png,guided,1,0.055397547707943265
diffusion_datasets/guided/1_fake/aowpbzokmp.png,guided,1,0.696046564635276
diffusion_datasets/guided/1_fake/pjvqcnpfqy.png,guided,1,0.07363891469909611
diffusion_datasets/guided/1_fake/mpzjrdeutv.png,guided,1,0.6794039522974032
diffusion_datasets/guided/1_fake/mcrhlmdumo.png,guided,1,0.3530026836707384
diffusion_datasets/guided/1_fake/oaepibbwpe.png,guided,1,0.0008146238435500893
diffusion_datasets/guided/1_fake/aujwkgbadp.png,guided,1,0.006270512834080367
diffusion_datasets/guided/1_fake/hzrxscnjew.png,guided,1,0.26945884328816705
diffusion_datasets/guided/1_fake/tknxjephgy.png,guided,1,0.9623657491219293
diffusion_datasets/guided/1_fake/ttwsrquzox.png,guided,1,0.10537832519587742
diffusion_datasets/guided/1_fake/ixykpgtooh.png,guided,1,0.15575835092912554
diffusion_datasets/guided/1_fake/hnfbzeaoqb.png,guided,1,0.8292685162656862
diffusion_datasets/guided/1_fake/gczswsnqpp.png,guided,1,0.6074187722436046
diffusion_datasets/guided/1_fake/ikpmthprsw.png,guided,1,0.9113997666443954
diffusion_datasets/guided/1_fake/vmjmkqeggv.png,guided,1,0.8831488694569447
diffusion_datasets/guided/1_fake/ltwpiurdob.png,guided,1,0.07572678083455983
diffusion_datasets/guided/1_fake/clutkoqhvu.png,guided,1,0.43814859681974033
diffusion_datasets/guided/1_fake/qnqvwdpmam.png,guided,1,0.6989751866616912
diffusion_datasets/guided/1_fake/fzmzemtxkr.png,guided,1,0.6741470836011626
diffusion_datasets/guided/1_fake/kxyebvmqsl.png,guided,1,0.0033851821380276623
diffusion_datasets/guided/1_fake/jrzuxwwxsh.png,guided,1,0.0017199163576273428
diffusion_datasets/guided/1_fake/lavlfbgnkn.png,guided,1,0.6994393963936606
diffusion_datasets/guided/1_fake/amcjhcqbxr.png,guided,1,0.8221906230808761
diffusion_datasets/guided/1_fake/cbmykoukdb.png,guided,1,0.6563029477451121
diffusion_datasets/guided/1_fake/hjovhnpjdf.png,guided,1,0.7503373456417692
diffusion_datasets/guided/1_fake/picuojlsec.png,guided,1,0.9717326747013033
diffusion_datasets/guided/1_fake/jhnzthaool.png,guided,1,0.19216419082168448
diffusion_datasets/guided/1_fake/adizyjvxam.png,guided,1,0.2913807962880121
diffusion_datasets/guided/1_fake/gjpzqplype.png,guided,1,0.02438608069980079
diffusion_datasets/guided/1_fake/vwklacfxmw.png,guided,1,0.4645867460038773
diffusion_datasets/guided/1_fake/lvsgpxrabw.png,guided,1,0.12969059447224218
diffusion_datasets/guided/1_fake/yvwtaordyd.png,guided,1,0.980955403151716
diffusion_datasets/guided/1_fake/lfpytrxtnd.png,guided,1,0.09476578706570027
diffusion_datasets/guided/1_fake/jnrpfsvjdm.png,guided,1,0.9564925762813598
diffusion_datasets/guided/1_fake/xucelwnaqz.png,guided,1,0.8535137131640315
diffusion_datasets/guided/1_fake/ayzndlluru.png,guided,1,0.0027330100417569257
diffusion_datasets/guided/1_fake/fnjmysjhqo.png,guided,1,0.7590399347755865
diffusion_datasets/guided/1_fake/rtbrwgwkho.png,guided,1,0.7376852055919714
diffusion_datasets/guided/1_fake/pbblbgdzjz.png,guided,1,0.17375442207634823
diffusion_datasets/guided/1_fake/zxaydtvcbx.png,guided,1,0.01603330176140765
diffusion_datasets/guided/1_fake/asxtxajrfc.png,guided,1,0.0006448853489777205
diffusion_datasets/guided/1_fake/jvctzionai.png,guided,1,0.7874695189761178
diffusion_datasets/guided/1_fake/timdfnwgho.png,guided,1,0.14100786303787174
diffusion_datasets/guided/1_fake/pfvgbusewt.png,guided,1,0.08520424451636982
diffusion_datasets/guided/1_fake/ulpnibnvvc.png,guided,1,0.0061210655411718115
diffusion_datasets/guided/1_fake/xphjlaxygh.png,guided,1,0.19874582551688863
diffusion_datasets/guided/1_fake/qafswzymfy.png,guided,1,0.9777615956047239
diffusion_datasets/guided/1_fake/kgmqyotoqo.png,guided,1,0.08552486681980162
diffusion_datasets/guided/1_fake/bbdiioaqyn.png,guided,1,0.526361489948325
diffusion_datasets/guided/1_fake/apwufqzgrg.png,guided,1,0.8054691285451097
diffusion_datasets/guided/1_fake/lttnaabznd.png,guided,1,0.040443590364270816
diffusion_datasets/guided/1_fake/raxqxyzhrc.png,guided,1,0.6016234029729223
diffusion_datasets/guided/1_fake/mfmhhrlxuy.png,guided,1,0.9609769196380447
diffusion_datasets/guided/1_fake/bulfplvjow.png,guided,1,0.8599032992222803
diffusion_datasets/guided/1_fake/ybbbdeihcf.png,guided,1,0.1499438993797196
diffusion_datasets/guided/1_fake/qlhvuhhqol.png,guided,1,0.1295938490355197
diffusion_datasets/guided/1_fake/xdudczawtx.png,guided,1,0.5494959989120115
diffusion_datasets/guided/1_fake/vcbnrxukwp.png,guided,1,0.10007727706245162
diffusion_datasets/guided/1_fake/ifqwneltpg.png,guided,1,0.9324702206549569
diffusion_datasets/guided/1_fake/psosqfwlqc.png,guided,1,0.1433393525780228
diffusion_datasets/guided/1_fake/znwafizosm.png,guided,1,0.6240884891002586
diffusion_datasets/guided/1_fake/qsndeimedb.png,guided,1,0.024794700553461026
diffusion_datasets/guided/1_fake/ajefhvvxek.png,guided,1,0.020020837324289255
diffusion_datasets/guided/1_fake/jgvhyrcgyx.png,guided,1,0.37059644602681896
diffusion_datasets/guided/1_fake/kbpanibqgu.png,guided,1,0.8822862828368626
diffusion_datasets/guided/1_fake/gzmbdszeyt.png,guided,1,0.025887697957986067
diffusion_datasets/guided/1_fake/dtoeuxdocm.png,guided,1,0.8878393682062602
diffusion_datasets/guided/1_fake/jckrxjozhx.png,guided,1,0.9743217515666246
diffusion_datasets/guided/1_fake/nyrfgpglht.png,guided,1,0.7089028626053062
diffusion_datasets/guided/1_fake/pvrfveosdy.png,guided,1,0.383784119535426
diffusion_datasets/guided/1_fake/zatnelrcct.png,guided,1,0.0331755637278797
diffusion_datasets/guided/1_fake/nhmcszkgcq.png,guided,1,0.0002690042549690861
diffusion_datasets/guided/1_fake/yyrtmboyuo.png,guided,1,0.9306575500093506
diffusion_datasets/guided/1_fake/lsdusudljb.png,guided,1,0.6677421932783373
diffusion_datasets/guided/1_fake/bnhkqppcfl.png,guided,1,0.6692224959554751
diffusion_datasets/guided/1_fake/cspmbvyjpm.png,guided,1,0.4320706526627136
diffusion_datasets/guided/1_fake/wrxxltdsxi.png,guided,1,0.03279420563495452
diffusion_datasets/guided/1_fake/efykeyysvi.png,guided,1,0.0007054782948594982
diffusion_datasets/guided/1_fake/usrafpawra.png,guided,1,0.1141769204999256
diffusion_datasets/guided/1_fake/snkshpixle.png,guided,1,0.07318696543080917
diffusion_datasets/guided/1_fake/izrfhzbwzc.png,guided,1,0.09487996625768733
diffusion_datasets/guided/1_fake/iedkqtkbtj.png,guided,1,0.22556526338036115
diffusion_datasets/guided/1_fake/rzrzcujvqg.png,guided,1,0.0014454992386664014
diffusion_datasets/guided/1_fake/klcsuijwqh.png,guided,1,0.9740118373267497
diffusion_datasets/guided/1_fake/bljmtryslc.png,guided,1,0.8221423911666355
diffusion_datasets/guided/1_fake/muszivpifs.png,guided,1,0.039132376749359356
diffusion_datasets/guided/1_fake/myekqhvgnw.png,guided,1,0.44482680132491154
diffusion_datasets/guided/1_fake/umnlmiykjp.png,guided,1,0.8040646517642049
diffusion_datasets/guided/1_fake/vfhdjmajxv.png,guided,1,0.8701405458970051
diffusion_datasets/guided/1_fake/enmfgbxzpf.png,guided,1,0.05350283500969948
diffusion_datasets/guided/1_fake/wjvuvyodzv.png,guided,1,0.0019608066529409594
diffusion_datasets/guided/1_fake/fksurkvzeg.png,guided,1,0.9713181038353021
diffusion_datasets/guided/1_fake/hypftiguck.png,guided,1,0.7095673516310962
diffusion_datasets/guided/1_fake/aofcqpcyfk.png,guided,1,0.36375153246197767
diffusion_datasets/guided/1_fake/bolqiuvdbo.png,guided,1,0.007011746113034502
diffusion_datasets/guided/1_fake/whqsatsqum.png,guided,1,0.12107959623028608
diffusion_datasets/guided/1_fake/bxmsmmxizq.png,guided,1,0.0038502416276697984
diffusion_datasets/guided/1_fake/eowkckioii.png,guided,1,0.7707052274903327
diffusion_datasets/guided/1_fake/drpsdefmzh.png,guided,1,0.7968750378287898
diffusion_datasets/guided/1_fake/yjjufldsnq.png,guided,1,0.08169878270014226
diffusion_datasets/guided/1_fake/hmasnickhh.png,guided,1,0.012479379811034594
diffusion_datasets/guided/1_fake/siheeokstl.png,guided,1,0.10670570609320311
diffusion_datasets/guided/1_fake/sgggkqzghg.png,guided,1,0.30946497924734645
diffusion_datasets/guided/1_fake/sjezxhpiwr.png,guided,1,0.841631743523789
diffusion_datasets/guided/1_fake/ueehiquixb.png,guided,1,0.986315793923915
diffusion_datasets/guided/1_fake/yldbjbxfzj.png,guided,1,0.23444885485247766
diffusion_datasets/guided/1_fake/czqsnkbvng.png,guided,1,0.4232954134123231
diffusion_datasets/guided/1_fake/snjzonvpow.png,guided,1,0.22812903189854183
diffusion_datasets/guided/1_fake/bjipeebzgu.png,guided,1,0.9279174722733026
diffusion_datasets/guided/1_fake/bqeilhkbun.png,guided,1,0.020847583685990625
diffusion_datasets/guided/1_fake/gkbjdvwiuz.png,guided,1,0.060241017695526
diffusion_datasets/guided/1_fake/jsozceeudr.png,guided,1,0.14944294664891314
diffusion_datasets/guided/1_fake/vqrdytkinp.png,guided,1,0.1253804661036541
diffusion_datasets/guided/1_fake/tzirqivkgc.png,guided,1,0.29156048403534046
diffusion_datasets/guided/1_fake/zniuujlsax.png,guided,1,0.04675904492764665
diffusion_datasets/guided/1_fake/oxkzwdrxay.png,guided,1,0.011689027252978297
diffusion_datasets/guided/1_fake/fvfgzexjcm.png,guided,1,0.4601162568434839
diffusion_datasets/guided/1_fake/msujwlrujo.png,guided,1,0.29333737146182953
diffusion_datasets/guided/1_fake/iwkrlrqsbn.png,guided,1,0.9220996249890736
diffusion_datasets/guided/1_fake/ommdrgxtbr.png,guided,1,0.6776422762604267
diffusion_datasets/guided/1_fake/aadlygmazf.png,guided,1,0.9862579105520187
diffusion_datasets/guided/1_fake/wzdhwjmvgy.png,guided,1,0.7884772258638524
diffusion_datasets/guided/1_fake/lxlphyyeaw.png,guided,1,0.014616356879024694
diffusion_datasets/guided/1_fake/enrmnsxepz.png,guided,1,0.05467089937936158
diffusion_datasets/guided/1_fake/jeyotfdecp.png,guided,1,0.3300042929862957
diffusion_datasets/guided/1_fake/ahnijblsap.png,guided,1,0.934574916938914
diffusion_datasets/guided/1_fake/etiolecymt.png,guided,1,0.047542992887950455
diffusion_datasets/guided/1_fake/nrzbgujfll.png,guided,1,0.09754267625451982
diffusion_datasets/guided/1_fake/fjyemnydtk.png,guided,1,0.9366353910591101
diffusion_datasets/guided/1_fake/zacjdmmloj.png,guided,1,0.0010793755216734566
diffusion_datasets/guided/1_fake/awjhtixyqd.png,guided,1,0.007569074516354912
diffusion_datasets/guided/1_fake/pwhjtzqmis.png,guided,1,0.8932237560547349
diffusion_datasets/guided/1_fake/fmlqvsmgwg.png,guided,1,0.9236359173413454
diffusion_datasets/guided/1_fake/vfjqbhhdhb.png,guided,1,0.09531973452820583
diffusion_datasets/guided/1_fake/ybpkzmxsoj.png,guided,1,0.03930046013646881
diffusion_datasets/guided/1_fake/hdtfurantf.png,guided,1,0.004566213259466001
diffusion_datasets/guided/1_fake/vitzpaholy.png,guided,1,0.06042881864614194
diffusion_datasets/guided/1_fake/gsjragxgrg.png,guided,1,0.33997998550434727
diffusion_datasets/guided/1_fake/npfhwxylge.png,guided,1,0.8925255729835166
diffusion_datasets/guided/1_fake/ynescstwdk.png,guided,1,0.04890615258180387
diffusion_datasets/guided/1_fake/sevosnzutr.png,guided,1,0.31285890836532587
diffusion_datasets/guided/1_fake/bxoicyhddk.png,guided,1,0.9984097112953421
diffusion_datasets/guided/1_fake/opueqmfkcd.png,guided,1,0.6752847219110049
diffusion_datasets/guided/1_fake/jecdlrpjba.png,guided,1,0.05999759396240157
diffusion_datasets/guided/1_fake/surgjkswmj.png,guided,1,0.005667371787126974
diffusion_datasets/guided/1_fake/ohycivlfdy.png,guided,1,0.7721462534177732
diffusion_datasets/guided/1_fake/ajaqvfgsih.png,guided,1,0.8182428743727362
diffusion_datasets/guided/1_fake/xuzzmcdpux.png,guided,1,0.5470456593416985
diffusion_datasets/guided/1_fake/msdsnlzcre.png,guided,1,0.08418270715183761
diffusion_datasets/guided/1_fake/jhnbcswvmq.png,guided,1,0.31065171471881703
diffusion_datasets/guided/1_fake/rakzbwxeme.png,guided,1,0.09480497778492085
diffusion_datasets/guided/1_fake/llaiteusmv.png,guided,1,0.7733845755187693
diffusion_datasets/guided/1_fake/ucxiudybpx.png,guided,1,0.9026450571276022
diffusion_datasets/guided/1_fake/ybpiflwjwj.png,guided,1,0.8146136114021194
diffusion_datasets/guided/1_fake/uzgkdnsvbt.png,guided,1,0.6811697511381787
diffusion_datasets/guided/1_fake/dpsfehmqme.png,guided,1,0.8745538045400568
diffusion_datasets/guided/1_fake/wxhrxapobk.png,guided,1,0.05406564753651747
diffusion_datasets/guided/1_fake/gufjiiwgrf.png,guided,1,0.8354120155282396
diffusion_datasets/guided/1_fake/eelzocmtws.png,guided,1,0.0003365453157673135
diffusion_datasets/guided/1_fake/gtjyzhcqoi.png,guided,1,0.22116725427675693
diffusion_datasets/guided/1_fake/ppufoaihkk.png,guided,1,0.354792117979197
diffusion_datasets/guided/1_fake/ponotiiits.png,guided,1,0.0004544043305137116
diffusion_datasets/guided/1_fake/tibxcunvom.png,guided,1,0.10319975704207372
diffusion_datasets/guided/1_fake/wdxoxbbogy.png,guided,1,0.12003540998986448
diffusion_datasets/guided/1_fake/xbftnrscst.png,guided,1,0.9940755543244717
diffusion_datasets/guided/1_fake/njfscemusa.png,guided,1,0.020279461660190973
diffusion_datasets/guided/1_fake/ujtxojadtt.png,guided,1,0.01003943772631577
diffusion_datasets/guided/1_fake/hnihvkmnje.png,guided,1,0.22077688335625495
diffusion_datasets/guided/1_fake/xqyjzhnfqu.png,guided,1,0.8314025627363427
diffusion_datasets/guided/1_fake/njnnphhwll.png,guided,1,0.05011943748992398
diffusion_datasets/guided/1_fake/gudkwzmgfo.png,guided,1,0.8549164135093895
diffusion_datasets/guided/1_fake/orgclftabd.png,guided,1,0.3321714148274351
diffusion_datasets/guided/1_fake/zwkapmobkx.png,guided,1,0.9213471550341857
diffusion_datasets/guided/1_fake/qqdphhznqg.png,guided,1,0.0033262543126911987
diffusion_datasets/guided/1_fake/pepkgtkonx.png,guided,1,0.567843846172322
diffusion_datasets/guided/1_fake/stzvgskice.png,guided,1,0.38916835837190433
diffusion_datasets/guided/1_fake/irwxnqcndk.png,guided,1,0.99800546251626
diffusion_datasets/guided/1_fake/nrglavnpuu.png,guided,1,0.20630907951947988
diffusion_datasets/guided/1_fake/tdegwqcdxk.png,guided,1,0.9510524737619808
diffusion_datasets/guided/1_fake/gbkfcdebke.png,guided,1,0.22528859157912082
diffusion_datasets/guided/1_fake/idvfzzxvyh.png,guided,1,0.07162959105149916
diffusion_datasets/guided/1_fake/gvvfxpftgt.png,guided,1,0.0372219522950729
diffusion_datasets/guided/1_fake/fjxuybiebs.png,guided,1,0.0702683869429947
diffusion_datasets/guided/1_fake/rjddhlzmqd.png,guided,1,0.9971171905676973
diffusion_datasets/guided/1_fake/pcudblgobu.png,guided,1,0.00858449159683804
diffusion_datasets/guided/1_fake/cpyrataump.png,guided,1,0.5978552547519971
diffusion_datasets/guided/1_fake/tfubqflahj.png,guided,1,0.7537977394777124
diffusion_datasets/guided/1_fake/ughldndbio.png,guided,1,0.0007491501990230243
diffusion_datasets/guided/1_fake/ukcwfevbtz.png,guided,1,0.7041407738734905
diffusion_datasets/guided/1_fake/lmbvfedfye.png,guided,1,0.8420323903374819
diffusion_datasets/guided/1_fake/zhkybzbekn.png,guided,1,0.422509605994229
diffusion_datasets/guided/1_fake/gliascthpi.png,guided,1,0.8086428173033169
diffusion_datasets/guided/1_fake/myypljgqkg.png,guided,1,0.9957552223832762
diffusion_datasets/guided/1_fake/jabklaioxf.png,guided,1,0.059089651100116866
diffusion_datasets/guided/1_fake/xjokdvoxpk.png,guided,1,0.10674729798784832
diffusion_datasets/guided/1_fake/yatxnhyhyw.png,guided,1,0.22106371207590012
diffusion_datasets/guided/1_fake/gacytxnrbg.png,guided,1,0.03218358871204453
diffusion_datasets/guided/1_fake/tzgkmgcgjt.png,guided,1,0.9983739484278797
diffusion_datasets/guided/1_fake/devyzpyxmr.png,guided,1,0.5220492402922775
diffusion_datasets/guided/1_fake/shkxdbeqpn.png,guided,1,0.9960559248611505
diffusion_datasets/guided/1_fake/mocygqjmlh.png,guided,1,0.1723294539324555
diffusion_datasets/guided/1_fake/jzpjgkemjx.png,guided,1,0.7391896984238141
diffusion_datasets/guided/1_fake/afwwethmvf.png,guided,1,0.5574199838080643
diffusion_datasets/guided/1_fake/gwfboomsuw.png,guided,1,0.12456553996060582
diffusion_datasets/guided/1_fake/viedszojsm.png,guided,1,0.0065718769756892515
diffusion_datasets/guided/1_fake/cciqgyfbnw.png,guided,1,0.7010382560223093
diffusion_datasets/guided/1_fake/vofhkesmtv.png,guided,1,0.6174501051948553
diffusion_datasets/guided/1_fake/gdomuubpmo.png,guided,1,0.8377449095727793
diffusion_datasets/guided/1_fake/figfzyfhkt.png,guided,1,0.35056747430039076
diffusion_datasets/guided/1_fake/ygqiosrden.png,guided,1,0.8398060798038911
diffusion_datasets/guided/1_fake/xqlumlknls.png,guided,1,0.8655177486848028
diffusion_datasets/guided/1_fake/lvtmqaadzz.png,guided,1,0.6702715390043064
diffusion_datasets/guided/1_fake/dwgrruvbsz.png,guided,1,0.029492361120412872
diffusion_datasets/guided/1_fake/zcsnybxdqj.png,guided,1,0.2475709875240583
diffusion_datasets/guided/1_fake/tycynadkoj.png,guided,1,0.9845954760085642
diffusion_datasets/guided/1_fake/fizdknwdwf.png,guided,1,0.8875286668891721
diffusion_datasets/guided/1_fake/bthfwgfwqz.png,guided,1,0.0783400263158766
diffusion_datasets/guided/1_fake/qhhsiahqdz.png,guided,1,0.769393255782308
diffusion_datasets/guided/1_fake/nejpnuzhor.png,guided,1,0.9931934083058022
diffusion_datasets/guided/1_fake/flislizwvd.png,guided,1,0.005158136849145648
diffusion_datasets/guided/1_fake/vuvkrfmrfw.png,guided,1,0.014034789280461079
diffusion_datasets/guided/1_fake/kgwpuybmdo.png,guided,1,0.08731477252316104
diffusion_datasets/guided/1_fake/uyfkdpzowl.png,guided,1,0.0677464929980114
diffusion_datasets/guided/1_fake/fvbwueqmmc.png,guided,1,0.2292701957041579
diffusion_datasets/guided/1_fake/ftampoyprn.png,guided,1,0.4016743596741346
diffusion_datasets/guided/1_fake/jtprghimeh.png,guided,1,0.7301507746233231
diffusion_datasets/guided/1_fake/gmjuidkgzm.png,guided,1,0.054868826139704424
diffusion_datasets/guided/1_fake/fwqtzyeait.png,guided,1,0.881235463273544
diffusion_datasets/guided/1_fake/rrcbbbylog.png,guided,1,0.0077687856485866
diffusion_datasets/guided/1_fake/wbcncldemw.png,guided,1,0.9901536176518504
diffusion_datasets/guided/1_fake/texcjvnjug.png,guided,1,0.9193691968328986
diffusion_datasets/guided/1_fake/flcafzqbyt.png,guided,1,0.05139192475178809
diffusion_datasets/guided/1_fake/cnthnmxcwh.png,guided,1,0.04009767317706504
diffusion_datasets/guided/1_fake/ceyagwkqcf.png,guided,1,0.25386921425292414
diffusion_datasets/guided/1_fake/wyyltkwttn.png,guided,1,0.18864892391362215
diffusion_datasets/guided/1_fake/drnfeijjlp.png,guided,1,0.048850139896059505
diffusion_datasets/guided/1_fake/usxygmfmlb.png,guided,1,0.4466059108779548
diffusion_datasets/guided/1_fake/nnuuhindgj.png,guided,1,0.033034778115008205
diffusion_datasets/guided/1_fake/nfysclasrr.png,guided,1,0.5266689131550717
diffusion_datasets/guided/1_fake/oucmaedfum.png,guided,1,0.6404119184344285
diffusion_datasets/guided/1_fake/oqgbxaotgn.png,guided,1,0.6434952082945807
diffusion_datasets/guided/1_fake/khmsldutff.png,guided,1,0.9941624441817443
diffusion_datasets/guided/1_fake/qwawgjhkcz.png,guided,1,0.21772539469514807
diffusion_datasets/guided/1_fake/kyrjicorfj.png,guided,1,0.26524101768889474
diffusion_datasets/guided/1_fake/pccthywpgs.png,guided,1,0.7665701607416399
diffusion_datasets/guided/1_fake/nmdxktenko.png,guided,1,0.934369090835626
diffusion_datasets/guided/1_fake/zxnpcvwbfb.png,guided,1,0.9577238540263728
diffusion_datasets/guided/1_fake/swhkqaywlh.png,guided,1,0.06695991467479938
diffusion_datasets/guided/1_fake/jzcptodnmr.png,guided,1,0.7830122668573549
diffusion_datasets/guided/1_fake/kpmxquicco.png,guided,1,0.42994258464361845
diffusion_datasets/guided/1_fake/nhlzsfyryf.png,guided,1,0.8250673506554072
diffusion_datasets/guided/1_fake/eayzvzrytx.png,guided,1,0.9578586371041516
diffusion_datasets/guided/1_fake/mqzlaxdcyf.png,guided,1,0.832147526124097
diffusion_datasets/guided/1_fake/lxjrxqzveb.png,guided,1,0.3327939482834207
diffusion_datasets/guided/1_fake/tgihtkfpyi.png,guided,1,0.08113732018658147
diffusion_datasets/guided/1_fake/rzvoxvfpaz.png,guided,1,0.1324460868998322
diffusion_datasets/guided/1_fake/kguycdreay.png,guided,1,0.8661060250687553
diffusion_datasets/guided/1_fake/ewspkgvjkv.png,guided,1,0.1631543015274573
diffusion_datasets/guided/1_fake/gckzbyionz.png,guided,1,0.9989434927098717
diffusion_datasets/guided/1_fake/zoxknkpgoh.png,guided,1,0.26630135382388087
diffusion_datasets/guided/1_fake/qjrpujocxn.png,guided,1,0.6910549407738822
diffusion_datasets/guided/1_fake/uzunqwixgv.png,guided,1,0.9878554543567927
diffusion_datasets/guided/1_fake/bqcltegxdf.png,guided,1,0.4672872718053092
diffusion_datasets/guided/1_fake/sinwhncecv.png,guided,1,0.22016933700427702
diffusion_datasets/guided/1_fake/xyhvtzywzh.png,guided,1,0.020222858892386314
diffusion_datasets/guided/1_fake/wsreukpzwe.png,guided,1,0.4123124666554894
diffusion_datasets/guided/1_fake/kvaphythne.png,guided,1,0.7913064545106193
diffusion_datasets/guided/1_fake/fzrimmsozw.png,guided,1,0.009068974638289016
diffusion_datasets/guided/1_fake/flzalpsilp.png,guided,1,0.09966171129160493
diffusion_datasets/guided/1_fake/szebyvzlqt.png,guided,1,0.7511090174321091
diffusion_datasets/guided/1_fake/hwfugtliat.png,guided,1,0.4585570071191663
diffusion_datasets/guided/1_fake/qsuodtmksx.png,guided,1,0.018367922336583676
diffusion_datasets/guided/1_fake/xbwwtavscv.png,guided,1,0.2865967870701628
diffusion_datasets/guided/1_fake/ddeuvxknie.png,guided,1,0.05905297995303351
diffusion_datasets/guided/1_fake/dexhjtncni.png,guided,1,0.76913990183697
diffusion_datasets/guided/1_fake/lsvzbqhxgl.png,guided,1,0.019719593959520946
diffusion_datasets/guided/1_fake/ajdylzvnwn.png,guided,1,0.15584275322598032
diffusion_datasets/guided/1_fake/aoyyeorqer.png,guided,1,0.2868766372696755
diffusion_datasets/guided/1_fake/ahwxcijnxm.png,guided,1,0.9757185155838537
diffusion_datasets/guided/1_fake/kiimhjeatg.png,guided,1,0.012154660507183602
diffusion_datasets/guided/1_fake/bhlyixirpi.png,guided,1,0.9330747723844602
diffusion_datasets/guided/1_fake/gudshwhvvv.png,guided,1,0.1112020072428299
diffusion_datasets/guided/1_fake/gbmtgdhzrx.png,guided,1,0.7259249717490982
diffusion_datasets/guided/1_fake/ypvdkreobg.png,guided,1,0.03376250603493847
diffusion_datasets/guided/1_fake/sssvouruij.png,guided,1,0.9879204075393307
diffusion_datasets/guided/1_fake/ascyfbgfmn.png,guided,1,0.8671432041866765
diffusion_datasets/guided/1_fake/zbnbosutcn.png,guided,1,0.7445012247019229
diffusion_datasets/guided/1_fake/uxbuickkha.png,guided,1,0.5846185170054691
diffusion_datasets/guided/1_fake/svpwqjhjbu.png,guided,1,0.10306863047422099
diffusion_datasets/guided/1_fake/uvwnmuvfio.png,guided,1,0.5313862220891908
diffusion_datasets/guided/1_fake/ykhbfkbqqc.png,guided,1,0.033204109870564415
diffusion_datasets/guided/1_fake/mijuwhirnm.png,guided,1,0.9452939325896229
diffusion_datasets/guided/1_fake/pbdegkyycl.png,guided,1,0.5790149142951994
diffusion_datasets/guided/1_fake/cxjsjqusph.png,guided,1,0.030969526272746992
diffusion_datasets/guided/1_fake/gllomgthtj.png,guided,1,0.31138600739841843
diffusion_datasets/guided/1_fake/utlevcsfzc.png,guided,1,0.9972919957812929
diffusion_datasets/guided/1_fake/wfyfdsoqjb.png,guided,1,0.7084277226214968
diffusion_datasets/guided/1_fake/ywjlbpxbjz.png,guided,1,0.5619466652794918
diffusion_datasets/guided/1_fake/cjmyrxrisl.png,guided,1,0.5998943109452751
diffusion_datasets/guided/1_fake/onojezltok.png,guided,1,0.9451688810004896
diffusion_datasets/guided/1_fake/gxexzzlcld.png,guided,1,0.7109074780416215
diffusion_datasets/guided/1_fake/iwsairnpes.png,guided,1,0.21936312084990509
diffusion_datasets/guided/1_fake/bobirihsmf.png,guided,1,0.18937548407352928
diffusion_datasets/guided/1_fake/wrplkwvjrk.png,guided,1,0.43794246163575534
diffusion_datasets/guided/1_fake/annkzxvqsz.png,guided,1,0.8707118408322253
diffusion_datasets/guided/1_fake/gcenmxpfnz.png,guided,1,0.6741869603687507
diffusion_datasets/guided/1_fake/jykjuscrhb.png,guided,1,0.985169345486698
diffusion_datasets/guided/1_fake/lcyxnaodgl.png,guided,1,0.2627314420703887
diffusion_datasets/guided/1_fake/tigzfxjaeg.png,guided,1,0.22303255250762583
diffusion_datasets/guided/1_fake/oqlgvyltdu.png,guided,1,0.2737075979944244
diffusion_datasets/guided/1_fake/kqtezbdvua.png,guided,1,0.08769054408726629
diffusion_datasets/guided/1_fake/vumdsauhht.png,guided,1,0.7874327645732156
diffusion_datasets/guided/1_fake/nhlvajciai.png,guided,1,0.24820367057691792
diffusion_datasets/guided/1_fake/kysxvylzkk.png,guided,1,0.4634058561159164
diffusion_datasets/guided/1_fake/dawfktkzad.png,guided,1,0.7819154984830559
diffusion_datasets/guided/1_fake/zchftlmgnh.png,guided,1,0.1449948749546135
diffusion_datasets/guided/1_fake/dojapmtjlo.png,guided,1,0.8237143215437829
diffusion_datasets/guided/1_fake/eqndltlggi.png,guided,1,0.11628432264684807
diffusion_datasets/guided/1_fake/mfoxhwrofa.png,guided,1,0.9870729007293269
diffusion_datasets/guided/1_fake/pieahxylhf.png,guided,1,0.7216709629286606
diffusion_datasets/guided/1_fake/rxsgddveyy.png,guided,1,0.7718508600925388
diffusion_datasets/guided/1_fake/uvsazktssr.png,guided,1,0.7762171437540419
diffusion_datasets/guided/1_fake/pptvyzosrk.png,guided,1,0.046010805836275176
diffusion_datasets/guided/1_fake/lzgwytfbdh.png,guided,1,0.8991673007377843
diffusion_datasets/guided/1_fake/truenadnmf.png,guided,1,0.38185323335273685
diffusion_datasets/guided/1_fake/tecfsxrdsg.png,guided,1,0.06893598430502314
diffusion_datasets/guided/1_fake/pwvremoaiz.png,guided,1,0.6587600434007972
diffusion_datasets/guided/1_fake/hkjmvhgmso.png,guided,1,0.1551584710487544
diffusion_datasets/guided/1_fake/dldztvvwrt.png,guided,1,0.013451135970517107
diffusion_datasets/guided/1_fake/uesrfqrmys.png,guided,1,0.5502315803254713
diffusion_datasets/guided/1_fake/phqxvaxgfc.png,guided,1,0.8173110446442989
diffusion_datasets/guided/1_fake/eecrzmaxjv.png,guided,1,0.18987926305935315
diffusion_datasets/guided/1_fake/auannvrmrm.png,guided,1,0.9297794195292745
diffusion_datasets/guided/1_fake/qvxgfrmtjl.png,guided,1,0.9909662385491098
diffusion_datasets/guided/1_fake/wxmydpmpup.png,guided,1,0.2433534105410218
diffusion_datasets/guided/1_fake/owymrcrmoo.png,guided,1,0.03918068175018177
diffusion_datasets/guided/1_fake/gwwprxqtre.png,guided,1,0.7639274415062712
diffusion_datasets/guided/1_fake/izmzwnwzxb.png,guided,1,0.997497299033138
diffusion_datasets/guided/1_fake/mbtqfbwlry.png,guided,1,0.14125772044631796
diffusion_datasets/guided/1_fake/bfczagsxfw.png,guided,1,0.01980811185983653
diffusion_datasets/guided/1_fake/fpjptmloys.png,guided,1,0.0001366086016734758
diffusion_datasets/guided/1_fake/rsekavebcp.png,guided,1,0.003882876267051646
diffusion_datasets/guided/1_fake/wsbyyiugsn.png,guided,1,0.7486538913410699
diffusion_datasets/guided/1_fake/aynkpajrmy.png,guided,1,0.4508376811325354
diffusion_datasets/guided/1_fake/hhmqvefsdm.png,guided,1,0.9864871205934679
diffusion_datasets/guided/1_fake/ypdjyjlopx.png,guided,1,0.08538230943371733
diffusion_datasets/guided/1_fake/ranqpkoerl.png,guided,1,0.054844182815211674
diffusion_datasets/guided/1_fake/olecerouzv.png,guided,1,0.3319466106816849
diffusion_datasets/guided/1_fake/xmppkkdynh.png,guided,1,0.09613543505892304
diffusion_datasets/guided/1_fake/csvtttfwut.png,guided,1,0.9767434043154953
diffusion_datasets/guided/1_fake/owbarkgfyc.png,guided,1,0.9849974241658168
diffusion_datasets/guided/1_fake/fuqmkbouip.png,guided,1,0.005953578184484962
diffusion_datasets/guided/1_fake/jpkbhfmhql.png,guided,1,0.21179522689411925
diffusion_datasets/guided/1_fake/txviitvyvk.png,guided,1,0.6141046326997002
diffusion_datasets/guided/1_fake/mgeezotzdw.png,guided,1,0.0037630878349283995
diffusion_datasets/guided/1_fake/cubsnkbrrm.png,guided,1,0.31984757650627704
diffusion_datasets/guided/1_fake/pxefeippis.png,guided,1,0.16977649155895158
diffusion_datasets/guided/1_fake/edqamoutbf.png,guided,1,0.6663959284476128
diffusion_datasets/guided/1_fake/yfxdzkbfpk.png,guided,1,0.010165146333347534
diffusion_datasets/guided/1_fake/dimuqznulw.png,guided,1,0.5541786262964228
diffusion_datasets/guided/1_fake/psvhorutyv.png,guided,1,0.046448531118754056
diffusion_datasets/guided/1_fake/albdpubxka.png,guided,1,0.07232493044899962
diffusion_datasets/guided/1_fake/oulguvnvpq.png,guided,1,0.9958526202756937
diffusion_datasets/guided/1_fake/fnqlfrabai.png,guided,1,0.2911067042001249
diffusion_datasets/guided/1_fake/osigoexsbv.png,guided,1,0.02698407224320555
diffusion_datasets/guided/1_fake/dncoarxujc.png,guided,1,0.0102031125275535
diffusion_datasets/guided/1_fake/joshvzhgck.png,guided,1,0.9574596501702888
diffusion_datasets/guided/1_fake/wnjjxqinho.png,guided,1,0.7380070832731663
diffusion_datasets/guided/1_fake/nytqcbcfth.png,guided,1,0.8773457471629704
diffusion_datasets/guided/1_fake/iqruwytkxd.png,guided,1,0.0004261387187240744
diffusion_datasets/guided/1_fake/toteczliil.png,guided,1,0.8458977682004579
diffusion_datasets/guided/1_fake/mobwrxioai.png,guided,1,0.9769225283816206
diffusion_datasets/guided/1_fake/dsxuevcdxk.png,guided,1,0.2187551201911722
diffusion_datasets/guided/1_fake/hxfciehznr.png,guided,1,0.7954561927970893
diffusion_datasets/guided/1_fake/blaonzaskp.png,guided,1,0.45362963527487327
diffusion_datasets/guided/1_fake/bicflvshvw.png,guided,1,0.08545077719220992
diffusion_datasets/guided/1_fake/temvvnfwvq.png,guided,1,0.0023823146427371772
diffusion_datasets/guided/1_fake/isrzfmrbjo.png,guided,1,0.8428941652573595
diffusion_datasets/guided/1_fake/wpptcqobpu.png,guided,1,0.1316321914449408
diffusion_datasets/guided/1_fake/vrffpjmuir.png,guided,1,0.3212705257041926
diffusion_datasets/guided/1_fake/vcsznknzhw.png,guided,1,0.8293514098196055
diffusion_datasets/guided/1_fake/mfzrfiyjrf.png,guided,1,0.04849422549556171
diffusion_datasets/guided/1_fake/sndlxnwwey.png,guided,1,0.003479165084527941
diffusion_datasets/guided/1_fake/uyrgewsxvy.png,guided,1,0.8809877392451685
diffusion_datasets/guided/1_fake/odhzcmznnr.png,guided,1,0.020423239494539346
diffusion_datasets/guided/1_fake/czkhjnfjgr.png,guided,1,0.8288149380625318
diffusion_datasets/guided/1_fake/splerbaidx.png,guided,1,0.4196095498841207
diffusion_datasets/guided/1_fake/yaaqlxnzhi.png,guided,1,0.14297451325148972
diffusion_datasets/guided/1_fake/kszghluqlw.png,guided,1,0.4604232066349131
diffusion_datasets/guided/1_fake/aakydlwfer.png,guided,1,0.7017144715317274
diffusion_datasets/guided/1_fake/vwrsjumkmz.png,guided,1,0.02691966699363012
diffusion_datasets/guided/1_fake/stnicrfcsk.png,guided,1,0.030502574504040727
diffusion_datasets/guided/1_fake/niehixqsig.png,guided,1,0.9278029516491261
diffusion_datasets/guided/1_fake/wqvahtytps.png,guided,1,0.011372833628716038
diffusion_datasets/guided/1_fake/fegqolkrls.png,guided,1,0.003050357322608487
diffusion_datasets/guided/1_fake/bbmeviacjm.png,guided,1,0.8079220033778364
diffusion_datasets/guided/1_fake/hgcafbxres.png,guided,1,0.22667050811935643
diffusion_datasets/guided/1_fake/spuypppvyh.png,guided,1,0.8739056416802418
diffusion_datasets/guided/1_fake/htqmkwgkwb.png,guided,1,0.05569625796879397
diffusion_datasets/guided/1_fake/jqnuoffbtb.png,guided,1,0.7420902698504586
diffusion_datasets/guided/1_fake/rpwhvvwxag.png,guided,1,0.35285959015244867
diffusion_datasets/guided/1_fake/uwzfugbfno.png,guided,1,0.8168290653402792
diffusion_datasets/guided/1_fake/sswokizojd.png,guided,1,0.3661882832123382
diffusion_datasets/guided/1_fake/nuhcuxjnpx.png,guided,1,0.5522152170556944
diffusion_datasets/guided/1_fake/ftobdflmuz.png,guided,1,0.12194321956004216
diffusion_datasets/guided/1_fake/tuptxvyplv.png,guided,1,0.025843893947196373
diffusion_datasets/guided/1_fake/htpewtqebr.png,guided,1,0.8876768618150415
diffusion_datasets/guided/1_fake/kkxuptmzof.png,guided,1,0.9958995409004759
diffusion_datasets/guided/1_fake/echehlitmr.png,guided,1,0.31902581629010496
diffusion_datasets/guided/1_fake/gtidkpfxcc.png,guided,1,0.9779614491756591
diffusion_datasets/guided/1_fake/ycojahdoqs.png,guided,1,0.7651665097178878
diffusion_datasets/guided/1_fake/attqnlwqgz.png,guided,1,0.9541503987882718
diffusion_datasets/guided/1_fake/ztytemyoxv.png,guided,1,0.05045758864660252
diffusion_datasets/guided/1_fake/pcwvbmjrea.png,guided,1,0.9319380305384072
diffusion_datasets/guided/1_fake/hzsujxzlcn.png,guided,1,0.003392897481219304
diffusion_datasets/guided/1_fake/kxwkjgbtdq.png,guided,1,0.9997524791153246
diffusion_datasets/guided/1_fake/mqbzprykrc.png,guided,1,0.5351163300946093
diffusion_datasets/guided/1_fake/wekyyrslyw.png,guided,1,0.7307530168691655
diffusion_datasets/guided/1_fake/sxbfuikltb.png,guided,1,0.031359964166801875
diffusion_datasets/guided/1_fake/hajmuavfdr.png,guided,1,0.19194618713718573
diffusion_datasets/guided/1_fake/qaafihkbbk.png,guided,1,0.3170126843140676
diffusion_datasets/guided/1_fake/hzfxwrmqch.png,guided,1,0.8524777443246997
diffusion_datasets/guided/1_fake/ftojusbwcq.png,guided,1,0.028608532812896322
diffusion_datasets/guided/1_fake/vsocilgayn.png,guided,1,0.9226534127912583
diffusion_datasets/guided/1_fake/npgjxoaxcz.png,guided,1,0.924078746332057
diffusion_datasets/guided/1_fake/ikesdclcne.png,guided,1,0.4433223454583904
diffusion_datasets/guided/1_fake/ovjpkblzon.png,guided,1,0.2504967516857124
diffusion_datasets/guided/1_fake/rzkutenljp.png,guided,1,0.1979018363674532
diffusion_datasets/guided/1_fake/cubclpdlyb.png,guided,1,0.18976608976126735
diffusion_datasets/guided/1_fake/smmiazxocc.png,guided,1,0.30458875196862933
diffusion_datasets/guided/1_fake/kqmbpossfq.png,guided,1,0.6303151864658293
diffusion_datasets/guided/1_fake/yhwhnweccm.png,guided,1,0.1304461794809309
diffusion_datasets/guided/1_fake/ogjsxmnkxw.png,guided,1,0.1253805731307331
diffusion_datasets/guided/1_fake/xaetznfnpu.png,guided,1,0.17575272865150396
diffusion_datasets/guided/1_fake/olxtdigiux.png,guided,1,0.5738409637476123
diffusion_datasets/guided/1_fake/bvbspxdfxz.png,guided,1,0.3985154353238416
diffusion_datasets/guided/1_fake/vwsjebonhl.png,guided,1,0.4258607188783129
diffusion_datasets/guided/1_fake/tvdnjojlmh.png,guided,1,0.7195305856467572
diffusion_datasets/guided/1_fake/abzfomfxjd.png,guided,1,0.03318947368315918
diffusion_datasets/guided/1_fake/cqxwvqbknx.png,guided,1,0.24030573234458816
diffusion_datasets/guided/1_fake/xhhbffrquk.png,guided,1,0.7611017832268153
diffusion_datasets/guided/1_fake/ccbrpvitlb.png,guided,1,0.8884020244162776
diffusion_datasets/guided/1_fake/mykongsfgc.png,guided,1,0.01499299499006433
diffusion_datasets/guided/1_fake/ybihqfczqf.png,guided,1,0.14296082068103028
diffusion_datasets/guided/1_fake/obmkmjnvet.png,guided,1,0.9622824154735217
diffusion_datasets/guided/1_fake/crqwxhlcfy.png,guided,1,0.681755858736496
diffusion_datasets/guided/1_fake/vmrobijbmc.png,guided,1,0.07476477136803453
diffusion_datasets/guided/1_fake/mcsihazpje.png,guided,1,0.9965113032725792
diffusion_datasets/guided/1_fake/lsmostdlua.png,guided,1,0.9454270247618626
diffusion_datasets/guided/1_fake/qejahcqthz.png,guided,1,0.5136404382571915
diffusion_datasets/guided/1_fake/wmgazqjjux.png,guided,1,0.9572983206352415
diffusion_datasets/guided/1_fake/oovxyyombs.png,guided,1,0.6187612137866063
diffusion_datasets/guided/1_fake/qgdbbafuhn.png,guided,1,0.24533459152335294
diffusion_datasets/guided/1_fake/jjplgayvlc.png,guided,1,0.29371806671085676
diffusion_datasets/guided/1_fake/xfhgbduucl.png,guided,1,0.01286531372312025
diffusion_datasets/guided/1_fake/vlwnndwtuh.png,guided,1,0.144162127233415
diffusion_datasets/guided/1_fake/dtvfjwtgbk.png,guided,1,0.8465457509496861
diffusion_datasets/guided/1_fake/rxrwofckks.png,guided,1,0.5074234289138732
diffusion_datasets/guided/1_fake/xdpqtpwyiz.png,guided,1,0.006902905790977838
diffusion_datasets/guided/1_fake/iojhamvzyv.png,guided,1,0.131964215340422
diffusion_datasets/guided/1_fake/vsivgpmche.png,guided,1,0.6999153946895494
diffusion_datasets/guided/1_fake/lxdnodpvuz.png,guided,1,0.8961460271163433
diffusion_datasets/guided/1_fake/jezexlfhiq.png,guided,1,0.21014435109435411
diffusion_datasets/guided/1_fake/utfokfmmbf.png,guided,1,0.8762849451779627
diffusion_datasets/guided/1_fake/ilaptngbkl.png,guided,1,0.18839853256675887
diffusion_datasets/guided/1_fake/tvhyjyjvbi.png,guided,1,0.728721053994861
diffusion_datasets/guided/1_fake/ivswfntzwh.png,guided,1,0.6655790647281391
diffusion_datasets/guided/1_fake/mszjipjvvf.png,guided,1,0.9989889788871937
diffusion_datasets/guided/1_fake/osrdcrocjh.png,guided,1,0.7131559071990519
diffusion_datasets/guided/1_fake/pirwlvliku.png,guided,1,0.5866617226556439
diffusion_datasets/guided/1_fake/znxaufdjpv.png,guided,1,0.4220184073729016
diffusion_datasets/guided/1_fake/gnjefwyemy.png,guided,1,0.5968467806023872
diffusion_datasets/guided/1_fake/tptqwsoovh.png,guided,1,0.0023404363788941795
diffusion_datasets/guided/1_fake/qvldneoiwj.png,guided,1,0.24205305111581848
diffusion_datasets/guided/1_fake/mhaimbeqgl.png,guided,1,0.08012307213926738
diffusion_datasets/guided/1_fake/ftmhbluvwz.png,guided,1,0.23542782040472543
diffusion_datasets/guided/1_fake/oertmmpfuq.png,guided,1,0.9322978129939294
diffusion_datasets/guided/1_fake/cyencgbdne.png,guided,1,0.8966329725284177
diffusion_datasets/guided/1_fake/dbifuulczh.png,guided,1,0.5474846774170551
diffusion_datasets/guided/1_fake/apdgetedbs.png,guided,1,0.2779498606899109
diffusion_datasets/guided/1_fake/yfbwcnyvch.png,guided,1,0.011617299856231673
diffusion_datasets/guided/1_fake/viwuulrpyk.png,guided,1,0.9971513930071467
diffusion_datasets/guided/1_fake/effiwpkvcy.png,guided,1,0.021445651942067167
diffusion_datasets/guided/1_fake/fneghrqtsf.png,guided,1,0.7085482635638488
diffusion_datasets/guided/1_fake/jvfamsvrme.png,guided,1,0.08237518721447822
diffusion_datasets/guided/1_fake/xmyblzhwwh.png,guided,1,0.9697136217150052
diffusion_datasets/guided/1_fake/eqtzpzsbnp.png,guided,1,0.10637724185432057
diffusion_datasets/guided/1_fake/hnzpgeledt.png,guided,1,0.163885796468216
diffusion_datasets/guided/1_fake/plszaygqda.png,guided,1,0.8632700134547271
diffusion_datasets/imagenet/0_real/kqhrtvmeux.JPEG,imagenet,0,0.04780144927169207
diffusion_datasets/imagenet/0_real/kqmbpossfq.JPEG,imagenet,0,0.002189159545377475
diffusion_datasets/imagenet/0_real/gacytxnrbg.JPEG,imagenet,0,0.16475909011072445
diffusion_datasets/imagenet/0_real/vblsrmonrr.JPEG,imagenet,0,0.024359455599257836
diffusion_datasets/imagenet/0_real/qofcjlhwbv.JPEG,imagenet,0,0.0009635096954365793
diffusion_datasets/imagenet/0_real/khmsldutff.JPEG,imagenet,0,0.001080590582110415
diffusion_datasets/imagenet/0_real/djumibnmaq.JPEG,imagenet,0,0.9394726358561157
diffusion_datasets/imagenet/0_real/lkwvbsljma.JPEG,imagenet,0,0.006910942555041596
diffusion_datasets/imagenet/0_real/sinwhncecv.JPEG,imagenet,0,0.011674874329866856
diffusion_datasets/imagenet/0_real/eowkckioii.JPEG,imagenet,0,0.10401326660112625
diffusion_datasets/imagenet/0_real/segiubdggo.JPEG,imagenet,0,0.0014508178618578766
diffusion_datasets/imagenet/0_real/gqpoiykvcs.JPEG,imagenet,0,0.09463822469956922
diffusion_datasets/imagenet/0_real/aqfnjpltvb.JPEG,imagenet,0,0.0036812432091425156
diffusion_datasets/imagenet/0_real/clnogwmxno.JPEG,imagenet,0,0.0100794610878081
diffusion_datasets/imagenet/0_real/lttnaabznd.JPEG,imagenet,0,0.9586835727639901
diffusion_datasets/imagenet/0_real/eelzocmtws.JPEG,imagenet,0,5.132750738255078e-05
diffusion_datasets/imagenet/0_real/jsytpmwrvb.JPEG,imagenet,0,0.02949330395058064
diffusion_datasets/imagenet/0_real/envczpiyds.JPEG,imagenet,0,0.9856897756698447
diffusion_datasets/imagenet/0_real/bqmyueubdu.JPEG,imagenet,0,0.04352197646468829
diffusion_datasets/imagenet/0_real/hwfugtliat.JPEG,imagenet,0,0.4767218376317086
diffusion_datasets/imagenet/0_real/iibymqusjk.JPEG,imagenet,0,0.6089529441464209
diffusion_datasets/imagenet/0_real/hnihvkmnje.JPEG,imagenet,0,0.0012843386603189515
diffusion_datasets/imagenet/0_real/jhcbtfuziq.JPEG,imagenet,0,0.005183100582250119
diffusion_datasets/imagenet/0_real/ffduxyansq.JPEG,imagenet,0,0.0016110665088225201
diffusion_datasets/imagenet/0_real/qyjvmgdrmq.JPEG,imagenet,0,0.19937229566772866
diffusion_datasets/imagenet/0_real/tinlvxgqxw.JPEG,imagenet,0,0.3271638164215475
diffusion_datasets/imagenet/0_real/niehixqsig.JPEG,imagenet,0,0.05615308891857402
diffusion_datasets/imagenet/0_real/gayjhkcdkw.JPEG,imagenet,0,0.00019438254529719273
diffusion_datasets/imagenet/0_real/ahbiztymlj.JPEG,imagenet,0,0.0020178112207111434
diffusion_datasets/imagenet/0_real/bcdxmvfonp.JPEG,imagenet,0,0.0011563764006000824
diffusion_datasets/imagenet/0_real/myypljgqkg.JPEG,imagenet,0,9.44387710853518e-05
diffusion_datasets/imagenet/0_real/lmbvfedfye.JPEG,imagenet,0,0.17420669191417892
diffusion_datasets/imagenet/0_real/npgjxoaxcz.JPEG,imagenet,0,0.0017890541387865927
diffusion_datasets/imagenet/0_real/wnjjxqinho.JPEG,imagenet,0,0.0008066734269568756
diffusion_datasets/imagenet/0_real/sneggiimdk.JPEG,imagenet,0,0.6484134894557703
diffusion_datasets/imagenet/0_real/tgihtkfpyi.JPEG,imagenet,0,0.03772831929994529
diffusion_datasets/imagenet/0_real/arfbiucpar.JPEG,imagenet,0,6.279760402147372e-05
diffusion_datasets/imagenet/0_real/wrmxjiicmz.JPEG,imagenet,0,0.02953676169629931
diffusion_datasets/imagenet/0_real/tvhyjyjvbi.JPEG,imagenet,0,0.03446130505565432
diffusion_datasets/imagenet/0_real/kpmxquicco.JPEG,imagenet,0,0.050911138241218186
diffusion_datasets/imagenet/0_real/nvsdiqcxdc.JPEG,imagenet,0,0.11531534058257392
diffusion_datasets/imagenet/0_real/wfyfdsoqjb.JPEG,imagenet,0,0.058255608293784705
diffusion_datasets/imagenet/0_real/ftojusbwcq.JPEG,imagenet,0,0.029765692221821922
diffusion_datasets/imagenet/0_real/wqvahtytps.JPEG,imagenet,0,0.5474006518371397
diffusion_datasets/imagenet/0_real/crqwxhlcfy.JPEG,imagenet,0,0.2052018597150658
diffusion_datasets/imagenet/0_real/fzmzemtxkr.JPEG,imagenet,0,1.1899168956966647e-05
diffusion_datasets/imagenet/0_real/viwuulrpyk.JPEG,imagenet,0,0.07549535911105273
diffusion_datasets/imagenet/0_real/uxbuickkha.JPEG,imagenet,0,0.005252538638538438
diffusion_datasets/imagenet/0_real/yeysnhxrmp.JPEG,imagenet,0,0.014370212569362372
diffusion_datasets/imagenet/0_real/oegsdqwgax.JPEG,imagenet,0,0.03470404628313353
diffusion_datasets/imagenet/0_real/dexbjiwpmb.JPEG,imagenet,0,0.021868431174354035
diffusion_datasets/imagenet/0_real/lnavxqqxfa.JPEG,imagenet,0,0.06489584501422072
diffusion_datasets/imagenet/0_real/psosqfwlqc.JPEG,imagenet,0,0.34831546493124516
diffusion_datasets/imagenet/0_real/yzkphttipt.JPEG,imagenet,0,0.017092618491442765
diffusion_datasets/imagenet/0_real/qvxgfrmtjl.JPEG,imagenet,0,0.025329636311067473
diffusion_datasets/imagenet/0_real/xmppkkdynh.JPEG,imagenet,0,0.09461117565671831
diffusion_datasets/imagenet/0_real/vtswogmbhi.JPEG,imagenet,0,0.18161006203680233
diffusion_datasets/imagenet/0_real/lavlfbgnkn.JPEG,imagenet,0,0.028053550570763367
diffusion_datasets/imagenet/0_real/ftmhbluvwz.JPEG,imagenet,0,0.05208635427906895
diffusion_datasets/imagenet/0_real/oqargxuywp.JPEG,imagenet,0,0.00329222720977363
diffusion_datasets/imagenet/0_real/krqkilakxw.JPEG,imagenet,0,0.003048017925129771
diffusion_datasets/imagenet/0_real/gcenmxpfnz.JPEG,imagenet,0,0.6160950415508322
diffusion_datasets/imagenet/0_real/nmgqcqjyhs.JPEG,imagenet,0,0.0005582629690943912
diffusion_datasets/imagenet/0_real/yytnnkmkun.JPEG,imagenet,0,0.06658837206390798
diffusion_datasets/imagenet/0_real/bsoomuiluf.JPEG,imagenet,0,0.06934248148289611
diffusion_datasets/imagenet/0_real/fgizsruyxb.JPEG,imagenet,0,0.5183720184243126
diffusion_datasets/imagenet/0_real/orgateeurw.JPEG,imagenet,0,0.002662045358811419
diffusion_datasets/imagenet/0_real/iqiospmdok.JPEG,imagenet,0,0.003593956461892222
diffusion_datasets/imagenet/0_real/yptdaozbuw.JPEG,imagenet,0,0.00017920542029630206
diffusion_datasets/imagenet/0_real/zdqmadvhbl.JPEG,imagenet,0,0.0749322431312221
diffusion_datasets/imagenet/0_real/dtoeuxdocm.JPEG,imagenet,0,0.0011479580112139795
diffusion_datasets/imagenet/0_real/tuptxvyplv.JPEG,imagenet,0,0.014433481845283076
diffusion_datasets/imagenet/0_real/rsiiuivgsv.JPEG,imagenet,0,0.739244354920445
diffusion_datasets/imagenet/0_real/msujwlrujo.JPEG,imagenet,0,0.022135320545153724
diffusion_datasets/imagenet/0_real/rlzfziqqrd.JPEG,imagenet,0,0.040411322837331454
diffusion_datasets/imagenet/0_real/oovxyyombs.JPEG,imagenet,0,0.0004461400606353324
diffusion_datasets/imagenet/0_real/usipjcyjoy.JPEG,imagenet,0,0.0023048966964358797
diffusion_datasets/imagenet/0_real/wynbrdoyde.JPEG,imagenet,0,0.0007916495851344157
diffusion_datasets/imagenet/0_real/marjmzmnja.JPEG,imagenet,0,0.13591967828135726
diffusion_datasets/imagenet/0_real/otvbonovtr.JPEG,imagenet,0,0.01651276696586212
diffusion_datasets/imagenet/0_real/bvbspxdfxz.JPEG,imagenet,0,0.16534921776725534
diffusion_datasets/imagenet/0_real/annkzxvqsz.JPEG,imagenet,0,0.1530583326262636
diffusion_datasets/imagenet/0_real/yqqmbglayb.JPEG,imagenet,0,0.0026052615457409735
diffusion_datasets/imagenet/0_real/drnfeijjlp.JPEG,imagenet,0,0.0023686660064697997
diffusion_datasets/imagenet/0_real/qyaknxvzwp.JPEG,imagenet,0,7.776596174801972e-05
diffusion_datasets/imagenet/0_real/gzmbdszeyt.JPEG,imagenet,0,0.0840327904899391
diffusion_datasets/imagenet/0_real/ofgvdkgdnd.JPEG,imagenet,0,0.00020591496549028355
diffusion_datasets/imagenet/0_real/lcaexbqxar.JPEG,imagenet,0,0.0016804781337564237
diffusion_datasets/imagenet/0_real/rxrwofckks.JPEG,imagenet,0,0.004223369852805016
diffusion_datasets/imagenet/0_real/gkbjdvwiuz.JPEG,imagenet,0,0.04203884532198143
diffusion_datasets/imagenet/0_real/fksurkvzeg.JPEG,imagenet,0,0.00895940701548531
diffusion_datasets/imagenet/0_real/rlarzjlvnd.JPEG,imagenet,0,0.0045836072985970195
diffusion_datasets/imagenet/0_real/sjigynomsm.JPEG,imagenet,0,0.17315756637980578
diffusion_datasets/imagenet/0_real/xdudczawtx.JPEG,imagenet,0,0.0016406169832459635
diffusion_datasets/imagenet/0_real/xbgkvftfss.JPEG,imagenet,0,0.0010604612956091177
diffusion_datasets/imagenet/0_real/whqsatsqum.JPEG,imagenet,0,0.001690469428906231
diffusion_datasets/imagenet/0_real/qlqolbjcgb.JPEG,imagenet,0,0.007641998200064649
diffusion_datasets/imagenet/0_real/llmwutwhbl.JPEG,imagenet,0,0.002909087799419481
diffusion_datasets/imagenet/0_real/sqtxlhaqbh.JPEG,imagenet,0,0.00894352766136743
diffusion_datasets/imagenet/0_real/dexhjtncni.JPEG,imagenet,0,0.41645422764473294
diffusion_datasets/imagenet/0_real/pcvfvfsxek.JPEG,imagenet,0,0.2262461640275755
diffusion_datasets/imagenet/0_real/mykongsfgc.JPEG,imagenet,0,0.16118759808021582
diffusion_datasets/imagenet/0_real/qngsmynlht.JPEG,imagenet,0,0.0007337478128737071
diffusion_datasets/imagenet/0_real/qjrpujocxn.JPEG,imagenet,0,0.3101173325253473
diffusion_datasets/imagenet/0_real/pepkgtkonx.JPEG,imagenet,0,0.07838457439027363
diffusion_datasets/imagenet/0_real/rdtvftkyww.JPEG,imagenet,0,0.14142301613402913
diffusion_datasets/imagenet/0_real/hcnhiyscgm.JPEG,imagenet,0,0.35286482753424026
diffusion_datasets/imagenet/0_real/vrffpjmuir.JPEG,imagenet,0,0.07142318553727228
diffusion_datasets/imagenet/0_real/qhnjseyjbw.JPEG,imagenet,0,0.00010360557250607741
diffusion_datasets/imagenet/0_real/ondtlaugas.JPEG,imagenet,0,0.006550355850689283
diffusion_datasets/imagenet/0_real/ugrxyyeknx.JPEG,imagenet,0,0.12338996150577665
diffusion_datasets/imagenet/0_real/zzrnxnjzyx.JPEG,imagenet,0,0.0001768884466896905
diffusion_datasets/imagenet/0_real/leadpebgwn.JPEG,imagenet,0,0.01682556528760412
diffusion_datasets/imagenet/0_real/mltvjsqnjm.JPEG,imagenet,0,0.0004036280242474961
diffusion_datasets/imagenet/0_real/wdxoxbbogy.JPEG,imagenet,0,0.0001437399371651836
diffusion_datasets/imagenet/0_real/ixykpgtooh.JPEG,imagenet,0,0.08929860845112873
diffusion_datasets/imagenet/0_real/sltdkynkrd.JPEG,imagenet,0,0.023825881250097602
diffusion_datasets/imagenet/0_real/pirwlvliku.JPEG,imagenet,0,0.00713384619050974
diffusion_datasets/imagenet/0_real/xnesojheqr.JPEG,imagenet,0,0.040155705319480164
diffusion_datasets/imagenet/0_real/onojezltok.JPEG,imagenet,0,0.07465446090722377
diffusion_datasets/imagenet/0_real/cubsnkbrrm.JPEG,imagenet,0,0.004372129134216063
diffusion_datasets/imagenet/0_real/gudshwhvvv.JPEG,imagenet,0,0.011513105736120365
diffusion_datasets/imagenet/0_real/touiowfclv.JPEG,imagenet,0,0.00014695352731593748
diffusion_datasets/imagenet/0_real/fjjzjquuqt.JPEG,imagenet,0,0.07385094716038378
diffusion_datasets/imagenet/0_real/jnifdomopt.JPEG,imagenet,0,0.009692921414846676
diffusion_datasets/imagenet/0_real/hnfbzeaoqb.JPEG,imagenet,0,0.008405617074313502
diffusion_datasets/imagenet/0_real/snkshpixle.JPEG,imagenet,0,0.002470483541730381
diffusion_datasets/imagenet/0_real/cvohxivzjd.JPEG,imagenet,0,0.013515631338963847
diffusion_datasets/imagenet/0_real/cpyrataump.JPEG,imagenet,0,0.2645192345156369
diffusion_datasets/imagenet/0_real/uzslfnchhd.JPEG,imagenet,0,4.030658671227214e-05
diffusion_datasets/imagenet/0_real/aynkpajrmy.JPEG,imagenet,0,0.021526113565968844
diffusion_datasets/imagenet/0_real/cubclpdlyb.JPEG,imagenet,0,0.031778487941250315
diffusion_datasets/imagenet/0_real/uvweqxeurs.JPEG,imagenet,0,0.6333744204608838
diffusion_datasets/imagenet/0_real/wpptcqobpu.JPEG,imagenet,0,0.11580097444110143
diffusion_datasets/imagenet/0_real/qgxnqynxwh.JPEG,imagenet,0,0.00021222131203866703
diffusion_datasets/imagenet/0_real/arnnhazyia.JPEG,imagenet,0,0.007606073951905778
diffusion_datasets/imagenet/0_real/sxbfuikltb.JPEG,imagenet,0,0.3456286029288108
diffusion_datasets/imagenet/0_real/nypkpjmzri.JPEG,imagenet,0,0.06351070633656661
diffusion_datasets/imagenet/0_real/vwsjebonhl.JPEG,imagenet,0,0.001176879442552703
diffusion_datasets/imagenet/0_real/mfmhhrlxuy.JPEG,imagenet,0,0.000565714903014747
diffusion_datasets/imagenet/0_real/yhxjifarjw.JPEG,imagenet,0,0.016754038318973114
diffusion_datasets/imagenet/0_real/afwwethmvf.JPEG,imagenet,0,0.008079227394820995
diffusion_datasets/imagenet/0_real/bkyusgjzud.JPEG,imagenet,0,0.009916427534654696
diffusion_datasets/imagenet/0_real/hnzpgeledt.JPEG,imagenet,0,0.025693538608168802
diffusion_datasets/imagenet/0_real/uxbgzfafqm.JPEG,imagenet,0,0.0015071668782701535
diffusion_datasets/imagenet/0_real/bfczagsxfw.JPEG,imagenet,0,0.005933335727214477
diffusion_datasets/imagenet/0_real/slrtleyncm.JPEG,imagenet,0,1.1078189493891162e-05
diffusion_datasets/imagenet/0_real/llaiteusmv.JPEG,imagenet,0,0.639805080876426
diffusion_datasets/imagenet/0_real/rzrzcujvqg.JPEG,imagenet,0,0.010589176231191032
diffusion_datasets/imagenet/0_real/devyzpyxmr.JPEG,imagenet,0,0.07969567998859681
diffusion_datasets/imagenet/0_real/bxfbgvlfqu.JPEG,imagenet,0,0.0001696313213980742
diffusion_datasets/imagenet/0_real/pyydtwntke.JPEG,imagenet,0,0.0003073136164655774
diffusion_datasets/imagenet/0_real/wdjkwiwroa.JPEG,imagenet,0,0.04466632621134602
diffusion_datasets/imagenet/0_real/gwfboomsuw.JPEG,imagenet,0,0.006396604511623765
diffusion_datasets/imagenet/0_real/jhnbcswvmq.JPEG,imagenet,0,0.0010691900152954609
diffusion_datasets/imagenet/0_real/jecdlrpjba.JPEG,imagenet,0,0.012678047259407946
diffusion_datasets/imagenet/0_real/stnicrfcsk.JPEG,imagenet,0,0.22283507336319666
diffusion_datasets/imagenet/0_real/czkhjnfjgr.JPEG,imagenet,0,0.03101485503522718
diffusion_datasets/imagenet/0_real/ilaptngbkl.JPEG,imagenet,0,8.553245345229011e-05
diffusion_datasets/imagenet/0_real/kwqbkshqjn.JPEG,imagenet,0,0.0032682106112172575
diffusion_datasets/imagenet/0_real/utfokfmmbf.JPEG,imagenet,0,0.1861547904968239
diffusion_datasets/imagenet/0_real/fvbwueqmmc.JPEG,imagenet,0,0.04399068918481687
diffusion_datasets/imagenet/0_real/slmgcnpjiz.JPEG,imagenet,0,0.068964617491735
diffusion_datasets/imagenet/0_real/ygqiosrden.JPEG,imagenet,0,0.04941299224894758
diffusion_datasets/imagenet/0_real/lxdnodpvuz.JPEG,imagenet,0,0.00018706764808763647
diffusion_datasets/imagenet/0_real/fuahrcqbgk.JPEG,imagenet,0,0.06722191572418579
diffusion_datasets/imagenet/0_real/wedprdqjkr.JPEG,imagenet,0,0.0007562453097538739
diffusion_datasets/imagenet/0_real/smlabsrifo.JPEG,imagenet,0,3.4288907998495436e-06
diffusion_datasets/imagenet/0_real/enrmnsxepz.JPEG,imagenet,0,0.04788791611504481
diffusion_datasets/imagenet/0_real/ybbbdeihcf.JPEG,imagenet,0,0.11306797453904709
diffusion_datasets/imagenet/0_real/asxtxajrfc.JPEG,imagenet,0,0.03391573271839448
diffusion_datasets/imagenet/0_real/eqndltlggi.JPEG,imagenet,0,0.8292674108023164
diffusion_datasets/imagenet/0_real/wotrziuyhj.JPEG,imagenet,0,0.012257998956634491
diffusion_datasets/imagenet/0_real/xnidvmnavp.JPEG,imagenet,0,0.19132584717586487
diffusion_datasets/imagenet/0_real/qpjsgmteke.JPEG,imagenet,0,0.10973081020059755
diffusion_datasets/imagenet/0_real/mfcceezfwn.JPEG,imagenet,0,0.007255441364007868
diffusion_datasets/imagenet/0_real/bbdiioaqyn.JPEG,imagenet,0,0.759127124455956
diffusion_datasets/imagenet/0_real/yvwtaordyd.JPEG,imagenet,0,0.000405868706325948
diffusion_datasets/imagenet/0_real/dbmufhmuzs.JPEG,imagenet,0,0.036167724780778183
diffusion_datasets/imagenet/0_real/odyhbcgchi.JPEG,imagenet,0,0.03696904014405992
diffusion_datasets/imagenet/0_real/shkxdbeqpn.JPEG,imagenet,0,0.038469504777533366
diffusion_datasets/imagenet/0_real/xdpqtpwyiz.JPEG,imagenet,0,0.02266863182220061
diffusion_datasets/imagenet/0_real/vmlzuywhlr.JPEG,imagenet,0,0.08652419442712989
diffusion_datasets/imagenet/0_real/ivvevnakub.JPEG,imagenet,0,0.0006170187428578394
diffusion_datasets/imagenet/0_real/hzsujxzlcn.JPEG,imagenet,0,7.887184260067761e-05
diffusion_datasets/imagenet/0_real/ybpiflwjwj.JPEG,imagenet,0,0.04671584432544637
diffusion_datasets/imagenet/0_real/sgnnltafbd.JPEG,imagenet,0,0.07570383133714959
diffusion_datasets/imagenet/0_real/fuqmkbouip.JPEG,imagenet,0,0.002574800905247002
diffusion_datasets/imagenet/0_real/owavsapwhv.JPEG,imagenet,0,0.749403552596712
diffusion_datasets/imagenet/0_real/gliascthpi.JPEG,imagenet,0,0.0515858499414336
diffusion_datasets/imagenet/0_real/phqxvaxgfc.JPEG,imagenet,0,0.016587169359770185
diffusion_datasets/imagenet/0_real/owymrcrmoo.JPEG,imagenet,0,0.22268746822436816
diffusion_datasets/imagenet/0_real/qvizqxsbvw.JPEG,imagenet,0,1.3514736359089648e-05
diffusion_datasets/imagenet/0_real/vthfgmonzr.JPEG,imagenet,0,0.3875798208638464
diffusion_datasets/imagenet/0_real/lmrswyanpv.JPEG,imagenet,0,3.144835288106149e-05
diffusion_datasets/imagenet/0_real/fiejjmdcwg.JPEG,imagenet,0,0.06557825993727606
diffusion_datasets/imagenet/0_real/oqgbxaotgn.JPEG,imagenet,0,0.0007525545286370429
diffusion_datasets/imagenet/0_real/imcwvnqwdv.JPEG,imagenet,0,0.2849417024728003
diffusion_datasets/imagenet/0_real/psvmrypqai.JPEG,imagenet,0,0.01908735537423802
diffusion_datasets/imagenet/0_real/okuolqaypa.JPEG,imagenet,0,0.049981838391422416
diffusion_datasets/imagenet/0_real/cbmykoukdb.JPEG,imagenet,0,0.3958048146068449
diffusion_datasets/imagenet/0_real/mzuykzukvb.JPEG,imagenet,0,0.028361011304787697
diffusion_datasets/imagenet/0_real/edqamoutbf.JPEG,imagenet,0,0.0024623732689313025
diffusion_datasets/imagenet/0_real/temvvnfwvq.JPEG,imagenet,0,0.0010069429383227986
diffusion_datasets/imagenet/0_real/vapzubzcvf.JPEG,imagenet,0,0.03223183024512405
diffusion_datasets/imagenet/0_real/dhepjncjkt.JPEG,imagenet,0,0.15137705699681447
diffusion_datasets/imagenet/0_real/lpvhehbmzv.JPEG,imagenet,0,0.678280578776943
diffusion_datasets/imagenet/0_real/sbuowwvzjw.JPEG,imagenet,0,0.21223628649112164
diffusion_datasets/imagenet/0_real/eaesoxacae.JPEG,imagenet,0,0.00022077686125935306
diffusion_datasets/imagenet/0_real/wsbyyiugsn.JPEG,imagenet,0,0.0006615591646585919
diffusion_datasets/imagenet/0_real/vqrdytkinp.JPEG,imagenet,0,0.39343196742756265
diffusion_datasets/imagenet/0_real/lqrkxsvuvt.JPEG,imagenet,0,0.002669385961302693
diffusion_datasets/imagenet/0_real/bwvinmojcw.JPEG,imagenet,0,0.009805934289436434
diffusion_datasets/imagenet/0_real/zhkktdnkhl.JPEG,imagenet,0,0.36762663520658306
diffusion_datasets/imagenet/0_real/fegqolkrls.JPEG,imagenet,0,0.6253049012281878
diffusion_datasets/imagenet/0_real/jykjuscrhb.JPEG,imagenet,0,0.012879135105032179
diffusion_datasets/imagenet/0_real/iwbpqeobxw.JPEG,imagenet,0,3.856026747466012e-05
diffusion_datasets/imagenet/0_real/ijeyjgrtgr.JPEG,imagenet,0,0.38464415301014915
diffusion_datasets/imagenet/0_real/hsvrfsodig.JPEG,imagenet,0,0.07067951607018644
diffusion_datasets/imagenet/0_real/mgeezotzdw.JPEG,imagenet,0,0.0013469721162799463
diffusion_datasets/imagenet/0_real/dhjedfczru.JPEG,imagenet,0,0.05873927533996718
diffusion_datasets/imagenet/0_real/kgmqyotoqo.JPEG,imagenet,0,0.2545527345777242
diffusion_datasets/imagenet/0_real/zwkapmobkx.JPEG,imagenet,0,0.00017796100653265446
diffusion_datasets/imagenet/0_real/jhnzthaool.JPEG,imagenet,0,0.007744376691969765
diffusion_datasets/imagenet/0_real/pwhjtzqmis.JPEG,imagenet,0,0.07577806461004734
diffusion_datasets/imagenet/0_real/jcbooxfwcy.JPEG,imagenet,0,0.00022934221690869568
diffusion_datasets/imagenet/0_real/zzrybysskm.JPEG,imagenet,0,3.1493907931901096e-06
diffusion_datasets/imagenet/0_real/hpmppyffov.JPEG,imagenet,0,0.12873411164194237
diffusion_datasets/imagenet/0_real/fneghrqtsf.JPEG,imagenet,0,0.34516233069909347
diffusion_datasets/imagenet/0_real/iqijagswok.JPEG,imagenet,0,0.39475056148254095
diffusion_datasets/imagenet/0_real/aieykhstre.JPEG,imagenet,0,0.0009700942536763362
diffusion_datasets/imagenet/0_real/fihznganle.JPEG,imagenet,0,6.1215254650804e-05
diffusion_datasets/imagenet/0_real/jxacexpmcn.JPEG,imagenet,0,0.0025956826277776677
diffusion_datasets/imagenet/0_real/gtjyzhcqoi.JPEG,imagenet,0,0.001307944879176941
diffusion_datasets/imagenet/0_real/pfvgbusewt.JPEG,imagenet,0,0.7574411985074019
diffusion_datasets/imagenet/0_real/onkjvikzsj.JPEG,imagenet,0,0.004251162117321967
diffusion_datasets/imagenet/0_real/kkqnltzvmr.JPEG,imagenet,0,0.012378361870554277
diffusion_datasets/imagenet/0_real/cyencgbdne.JPEG,imagenet,0,0.0027484660525159666
diffusion_datasets/imagenet/0_real/qdnqcoyzar.JPEG,imagenet,0,0.015347687607362942
diffusion_datasets/imagenet/0_real/ppufoaihkk.JPEG,imagenet,0,0.4851148494122614
diffusion_datasets/imagenet/0_real/jirfxpsjiz.JPEG,imagenet,0,0.2250564141742448
diffusion_datasets/imagenet/0_real/utlevcsfzc.JPEG,imagenet,0,8.034442202213152e-05
diffusion_datasets/imagenet/0_real/fmlqvsmgwg.JPEG,imagenet,0,0.17518867906587235
diffusion_datasets/imagenet/0_real/guljtnkdnj.JPEG,imagenet,0,0.36859203536484125
diffusion_datasets/imagenet/0_real/ouirlfwsyx.JPEG,imagenet,0,0.0011498766412844186
diffusion_datasets/imagenet/0_real/ybihqfczqf.JPEG,imagenet,0,0.0011941850675031842
diffusion_datasets/imagenet/0_real/surgjkswmj.JPEG,imagenet,0,0.4436425946879407
diffusion_datasets/imagenet/0_real/jqcakwrejy.JPEG,imagenet,0,0.004328574389922747
diffusion_datasets/imagenet/0_real/vispixnoqk.JPEG,imagenet,0,0.04744657435633001
diffusion_datasets/imagenet/0_real/yfnrrhachx.JPEG,imagenet,0,0.007270078079809405
diffusion_datasets/imagenet/0_real/vftoepxxkj.JPEG,imagenet,0,0.00020210723147907303
diffusion_datasets/imagenet/0_real/wgmfkffpbs.JPEG,imagenet,0,0.9498456330444177
diffusion_datasets/imagenet/0_real/jhcimomcij.JPEG,imagenet,0,0.00010611524153798011
diffusion_datasets/imagenet/0_real/vvdfxbwxxd.JPEG,imagenet,0,0.007297855507248748
diffusion_datasets/imagenet/0_real/aesvfgnjye.JPEG,imagenet,0,0.0021770549966197428
diffusion_datasets/imagenet/0_real/vmouwpueqp.JPEG,imagenet,0,0.8063022893570835
diffusion_datasets/imagenet/0_real/imkvcjrnck.JPEG,imagenet,0,0.7796578475574981
diffusion_datasets/imagenet/0_real/ynescstwdk.JPEG,imagenet,0,0.006421663953412835
diffusion_datasets/imagenet/0_real/lzletadhdl.JPEG,imagenet,0,0.06059538539952409
diffusion_datasets/imagenet/0_real/rpeighzltg.JPEG,imagenet,0,0.11609560077515918
diffusion_datasets/imagenet/0_real/nwpodhovep.JPEG,imagenet,0,0.0023181121489699247
diffusion_datasets/imagenet/0_real/djtbqkzsak.JPEG,imagenet,0,0.001684180199388528
diffusion_datasets/imagenet/0_real/olxhrrlaut.JPEG,imagenet,0,0.26869219002511663
diffusion_datasets/imagenet/0_real/vrwfguctin.JPEG,imagenet,0,0.10278224606662083
diffusion_datasets/imagenet/0_real/tbxpyvxjym.JPEG,imagenet,0,0.09520625880577836
diffusion_datasets/imagenet/0_real/szkmirkryb.JPEG,imagenet,0,0.005371071266549309
diffusion_datasets/imagenet/0_real/lvndezxcir.JPEG,imagenet,0,0.06393750680426867
diffusion_datasets/imagenet/0_real/ltwpiurdob.JPEG,imagenet,0,0.00044299661286616653
diffusion_datasets/imagenet/0_real/ypvdkreobg.JPEG,imagenet,0,0.001982478377571649
diffusion_datasets/imagenet/0_real/ueoeojrsyj.JPEG,imagenet,0,0.9656757023996686
diffusion_datasets/imagenet/0_real/txviitvyvk.JPEG,imagenet,0,0.8217281456452147
diffusion_datasets/imagenet/0_real/ykhbfkbqqc.JPEG,imagenet,0,0.091154081067156
diffusion_datasets/imagenet/0_real/mfoxhwrofa.JPEG,imagenet,0,0.02339238612891424
diffusion_datasets/imagenet/0_real/wsbgevekgf.JPEG,imagenet,0,0.0019338233726344017
diffusion_datasets/imagenet/0_real/ewspkgvjkv.JPEG,imagenet,0,0.012711791411085124
diffusion_datasets/imagenet/0_real/dpsfehmqme.JPEG,imagenet,0,2.241529303963152e-05
diffusion_datasets/imagenet/0_real/nyrfgpglht.JPEG,imagenet,0,0.017414056074728877
diffusion_datasets/imagenet/0_real/ywjlbpxbjz.JPEG,imagenet,0,0.00635498671645944
diffusion_datasets/imagenet/0_real/wtzwjbopzy.JPEG,imagenet,0,0.014613334957546603
diffusion_datasets/imagenet/0_real/cxjsjqusph.JPEG,imagenet,0,0.04691308827426783
diffusion_datasets/imagenet/0_real/sevosnzutr.JPEG,imagenet,0,0.019831452204891444
diffusion_datasets/imagenet/0_real/gaezkwugoh.JPEG,imagenet,0,0.0027771765729686787
diffusion_datasets/imagenet/0_real/tigzfxjaeg.JPEG,imagenet,0,0.005080077394925805
diffusion_datasets/imagenet/0_real/tqgzodmdpm.JPEG,imagenet,0,0.018580284478984035
diffusion_datasets/imagenet/0_real/nejpnuzhor.JPEG,imagenet,0,0.4600081284870785
diffusion_datasets/imagenet/0_real/vsoitgrurd.JPEG,imagenet,0,0.5139817733976481
diffusion_datasets/imagenet/0_real/jroisduzzw.JPEG,imagenet,0,0.0021778152041323534
diffusion_datasets/imagenet/0_real/jvfamsvrme.JPEG,imagenet,0,0.0064631796976551735
diffusion_datasets/imagenet/0_real/wcuupgwotu.JPEG,imagenet,0,0.3868489487339911
diffusion_datasets/imagenet/0_real/auannvrmrm.JPEG,imagenet,0,0.014760524301726507
diffusion_datasets/imagenet/0_real/qwawgjhkcz.JPEG,imagenet,0,0.16556679750183162
diffusion_datasets/imagenet/0_real/jrkctxyekx.JPEG,imagenet,0,0.014535812510264309
diffusion_datasets/imagenet/0_real/fpjptmloys.JPEG,imagenet,0,0.04847183696717986
diffusion_datasets/imagenet/0_real/tibxcunvom.JPEG,imagenet,0,0.0019142398304528548
diffusion_datasets/imagenet/0_real/clutkoqhvu.JPEG,imagenet,0,0.34548767484219817
diffusion_datasets/imagenet/0_real/hhhwzgcieg.JPEG,imagenet,0,0.7508733017717601
diffusion_datasets/imagenet/0_real/wrxxltdsxi.JPEG,imagenet,0,0.4224984136224664
diffusion_datasets/imagenet/0_real/aaksjqrtil.JPEG,imagenet,0,0.0011385536744643876
diffusion_datasets/imagenet/0_real/hypftiguck.JPEG,imagenet,0,2.8686368393122248e-05
diffusion_datasets/imagenet/0_real/ywhajfzors.JPEG,imagenet,0,1.0978778031349716e-05
diffusion_datasets/imagenet/0_real/fjxuybiebs.JPEG,imagenet,0,0.00039291355289067313
diffusion_datasets/imagenet/0_real/yrantjwhqk.JPEG,imagenet,0,0.0006155808394202089
diffusion_datasets/imagenet/0_real/hzfxwrmqch.JPEG,imagenet,0,0.0006131933666427564
diffusion_datasets/imagenet/0_real/znxaufdjpv.JPEG,imagenet,0,0.042341782391357795
diffusion_datasets/imagenet/0_real/aahxgrlfqt.JPEG,imagenet,0,0.24280903001595217
diffusion_datasets/imagenet/0_real/uydofqnwdz.JPEG,imagenet,0,0.0002627949610301326
diffusion_datasets/imagenet/0_real/eoacigirrk.JPEG,imagenet,0,0.08354417087792848
diffusion_datasets/imagenet/0_real/ohycivlfdy.JPEG,imagenet,0,0.016125677573170787
diffusion_datasets/imagenet/0_real/bolqiuvdbo.JPEG,imagenet,0,0.05107797357905387
diffusion_datasets/imagenet/0_real/bulfplvjow.JPEG,imagenet,0,0.13915475104881392
diffusion_datasets/imagenet/0_real/osigoexsbv.JPEG,imagenet,0,0.0015551164261847817
diffusion_datasets/imagenet/0_real/sjezxhpiwr.JPEG,imagenet,0,0.00834181293789682
diffusion_datasets/imagenet/0_real/xfhgbduucl.JPEG,imagenet,0,0.0016694490757877543
diffusion_datasets/imagenet/0_real/ndjgpgfppo.JPEG,imagenet,0,0.4701213662036864
diffusion_datasets/imagenet/0_real/tknxjephgy.JPEG,imagenet,0,0.001102795710384437
diffusion_datasets/imagenet/0_real/irwxnqcndk.JPEG,imagenet,0,0.0006232570353655376
diffusion_datasets/imagenet/0_real/wzdhwjmvgy.JPEG,imagenet,0,0.00017675524158842012
diffusion_datasets/imagenet/0_real/olxtdigiux.JPEG,imagenet,0,0.05407292303878218
diffusion_datasets/imagenet/0_real/lxjrxqzveb.JPEG,imagenet,0,0.03494180325454979
diffusion_datasets/imagenet/0_real/mubozyqcgp.JPEG,imagenet,0,0.026410374883382593
diffusion_datasets/imagenet/0_real/sxwaupvkta.JPEG,imagenet,0,0.14715790736468926
diffusion_datasets/imagenet/0_real/zcaqqmomfv.JPEG,imagenet,0,0.0014966222030142423
diffusion_datasets/imagenet/0_real/hsweljupee.JPEG,imagenet,0,0.10535707276999717
diffusion_datasets/imagenet/0_real/bnhkqppcfl.JPEG,imagenet,0,0.1565780796119502
diffusion_datasets/imagenet/0_real/bljmtryslc.JPEG,imagenet,0,0.00509257044103098
diffusion_datasets/imagenet/0_real/dojapmtjlo.JPEG,imagenet,0,0.7995626201219899
diffusion_datasets/imagenet/0_real/qvldneoiwj.JPEG,imagenet,0,0.008941871202571203
diffusion_datasets/imagenet/0_real/pcwvbmjrea.JPEG,imagenet,0,0.0009019235799639062
diffusion_datasets/imagenet/0_real/aakydlwfer.JPEG,imagenet,0,0.0013424411942059478
diffusion_datasets/imagenet/0_real/zhkybzbekn.JPEG,imagenet,0,8.162935957855647e-05
diffusion_datasets/imagenet/0_real/jgyprvacek.JPEG,imagenet,0,0.17253766809997353
diffusion_datasets/imagenet/0_real/frrzmsczog.JPEG,imagenet,0,0.0011935356658534955
diffusion_datasets/imagenet/0_real/ahwxcijnxm.JPEG,imagenet,0,0.0816080326156685
diffusion_datasets/imagenet/0_real/xuzzmcdpux.JPEG,imagenet,0,0.1477714683953992
diffusion_datasets/imagenet/0_real/ucxiudybpx.JPEG,imagenet,0,0.02580022955338552
diffusion_datasets/imagenet/0_real/dncoarxujc.JPEG,imagenet,0,0.0004358680465402414
diffusion_datasets/imagenet/0_real/mqzlaxdcyf.JPEG,imagenet,0,0.00038704798667352057
diffusion_datasets/imagenet/0_real/drpsdefmzh.JPEG,imagenet,0,0.009429601910372912
diffusion_datasets/imagenet/0_real/tfdqevjhtk.JPEG,imagenet,0,0.0019637425602319386
diffusion_datasets/imagenet/0_real/mtclcgxdyh.JPEG,imagenet,0,0.05430081392840158
diffusion_datasets/imagenet/0_real/xvwgzjvahe.JPEG,imagenet,0,0.0030153801996011128
diffusion_datasets/imagenet/0_real/ffubnjdhop.JPEG,imagenet,0,0.008638522543837132
diffusion_datasets/imagenet/0_real/bicflvshvw.JPEG,imagenet,0,0.00024984449329793206
diffusion_datasets/imagenet/0_real/flcafzqbyt.JPEG,imagenet,0,0.0005049663842952806
diffusion_datasets/imagenet/0_real/zatnelrcct.JPEG,imagenet,0,0.9053715170981798
diffusion_datasets/imagenet/0_real/qsndeimedb.JPEG,imagenet,0,0.00046705947527187787
diffusion_datasets/imagenet/0_real/kbpanibqgu.JPEG,imagenet,0,6.445270888972731e-06
diffusion_datasets/imagenet/0_real/wjvuvyodzv.JPEG,imagenet,0,0.0070105977845296265
diffusion_datasets/imagenet/0_real/agjsmczzat.JPEG,imagenet,0,0.00021053371557916604
diffusion_datasets/imagenet/0_real/jckrxjozhx.JPEG,imagenet,0,0.027319605761538527
diffusion_datasets/imagenet/0_real/mbtqfbwlry.JPEG,imagenet,0,0.08324679491980957
diffusion_datasets/imagenet/0_real/dsxuevcdxk.JPEG,imagenet,0,0.16776095219078554
diffusion_datasets/imagenet/0_real/jnrpfsvjdm.JPEG,imagenet,0,0.07103298100340365
diffusion_datasets/imagenet/0_real/gsjragxgrg.JPEG,imagenet,0,0.029379976143722314
diffusion_datasets/imagenet/0_real/kyrjicorfj.JPEG,imagenet,0,0.13455042701686068
diffusion_datasets/imagenet/0_real/newahshtuc.JPEG,imagenet,0,0.0003804530439239367
diffusion_datasets/imagenet/0_real/hxayxhqfnz.JPEG,imagenet,0,0.00037650614801830733
diffusion_datasets/imagenet/0_real/tbganwxklb.JPEG,imagenet,0,8.350187474044417e-05
diffusion_datasets/imagenet/0_real/rtiaijvnif.JPEG,imagenet,0,0.0013245395618849208
diffusion_datasets/imagenet/0_real/dsxzmqgrfv.JPEG,imagenet,0,0.024722247829486413
diffusion_datasets/imagenet/0_real/owwrkfwvmg.JPEG,imagenet,0,0.028845468434995792
diffusion_datasets/imagenet/0_real/pukjffussu.JPEG,imagenet,0,0.7299870964581748
diffusion_datasets/imagenet/0_real/lvtmqaadzz.JPEG,imagenet,0,0.14553880405713487
diffusion_datasets/imagenet/0_real/qgdbbafuhn.JPEG,imagenet,0,0.2393883503901902
diffusion_datasets/imagenet/0_real/mqbzprykrc.JPEG,imagenet,0,0.011464949957370312
diffusion_datasets/imagenet/0_real/ceyagwkqcf.JPEG,imagenet,0,0.2633122454491438
diffusion_datasets/imagenet/0_real/wekyyrslyw.JPEG,imagenet,0,0.004595996708926683
diffusion_datasets/imagenet/0_real/vpokhpnoyy.JPEG,imagenet,0,0.0017372377384653628
diffusion_datasets/imagenet/0_real/yxdmgabgrh.JPEG,imagenet,0,0.951298500322458
diffusion_datasets/imagenet/0_real/zoxknkpgoh.JPEG,imagenet,0,0.336171541650781
diffusion_datasets/imagenet/0_real/ydufoinjbm.JPEG,imagenet,0,0.04226642594520785
diffusion_datasets/imagenet/0_real/kzaxlmhpyk.JPEG,imagenet,0,0.014700174952327755
diffusion_datasets/imagenet/0_real/ewldxwaqfh.JPEG,imagenet,0,0.019516340359664625
diffusion_datasets/imagenet/0_real/ybpkzmxsoj.JPEG,imagenet,0,0.028835060267475766
diffusion_datasets/imagenet/0_real/uzjbonpwla.JPEG,imagenet,0,0.8582960080921624
diffusion_datasets/imagenet/0_real/hjshyxnjca.JPEG,imagenet,0,0.7959935188582252
diffusion_datasets/imagenet/0_real/ttfwqkviia.JPEG,imagenet,0,0.12679886597880705
diffusion_datasets/imagenet/0_real/shyyqqechu.JPEG,imagenet,0,0.0001400136208626765
diffusion_datasets/imagenet/0_real/jabklaioxf.JPEG,imagenet,0,0.001827736962141706
diffusion_datasets/imagenet/0_real/xnyhohvpna.JPEG,imagenet,0,0.41003197779786094
diffusion_datasets/imagenet/0_real/ikesdclcne.JPEG,imagenet,0,0.12974860510908945
diffusion_datasets/imagenet/0_real/njrelhtzux.JPEG,imagenet,0,0.0013538261793532337
diffusion_datasets/imagenet/0_real/lizvdcrrbp.JPEG,imagenet,0,0.0019876041643837592
diffusion_datasets/imagenet/0_real/albdpubxka.JPEG,imagenet,0,1.2291141238758453e-05
diffusion_datasets/imagenet/0_real/gfdekurnbz.JPEG,imagenet,0,0.9007790583863025
diffusion_datasets/imagenet/0_real/pzvgfnoiln.JPEG,imagenet,0,0.10816353519224509
diffusion_datasets/imagenet/0_real/zchftlmgnh.JPEG,imagenet,0,0.20695435359363806
diffusion_datasets/imagenet/0_real/fwhacyybom.JPEG,imagenet,0,0.004778230901376304
diffusion_datasets/imagenet/0_real/dbcoycuiyt.JPEG,imagenet,0,0.010509845946784484
diffusion_datasets/imagenet/0_real/qsuodtmksx.JPEG,imagenet,0,0.006104507319020217
diffusion_datasets/imagenet/0_real/zbnbosutcn.JPEG,imagenet,0,0.13696712712731182
diffusion_datasets/imagenet/0_real/muszivpifs.JPEG,imagenet,0,0.00018617660044813712
diffusion_datasets/imagenet/0_real/hlwefvuprq.JPEG,imagenet,0,0.028967082068859278
diffusion_datasets/imagenet/0_real/nnylgyqsxs.JPEG,imagenet,0,0.014627529274945884
diffusion_datasets/imagenet/0_real/qitcgxcdmj.JPEG,imagenet,0,0.6532753849490454
diffusion_datasets/imagenet/0_real/jgvhyrcgyx.JPEG,imagenet,0,0.0038959594166683457
diffusion_datasets/imagenet/0_real/ulpnibnvvc.JPEG,imagenet,0,0.3016899699989172
diffusion_datasets/imagenet/0_real/figfzyfhkt.JPEG,imagenet,0,0.04269054957814566
diffusion_datasets/imagenet/0_real/oyxvwvxuzr.JPEG,imagenet,0,0.04042917152098138
diffusion_datasets/imagenet/0_real/effiwpkvcy.JPEG,imagenet,0,0.0773134400820561
diffusion_datasets/imagenet/0_real/wipphellrw.JPEG,imagenet,0,0.021769575246095667
diffusion_datasets/imagenet/0_real/vipmyyceny.JPEG,imagenet,0,0.9390369565134339
diffusion_datasets/imagenet/0_real/ftobdflmuz.JPEG,imagenet,0,0.010472110654058937
diffusion_datasets/imagenet/0_real/dldztvvwrt.JPEG,imagenet,0,0.01430778093914822
diffusion_datasets/imagenet/0_real/nmdxktenko.JPEG,imagenet,0,5.704454775621647e-06
diffusion_datasets/imagenet/0_real/yldbjbxfzj.JPEG,imagenet,0,0.010008329132714376
diffusion_datasets/imagenet/0_real/oaepibbwpe.JPEG,imagenet,0,0.006562745949196524
diffusion_datasets/imagenet/0_real/jdoqiuxxvj.JPEG,imagenet,0,0.00040708017455931073
diffusion_datasets/imagenet/0_real/vlwnndwtuh.JPEG,imagenet,0,0.020943363077508072
diffusion_datasets/imagenet/0_real/gufjiiwgrf.JPEG,imagenet,0,0.0030442033717361307
diffusion_datasets/imagenet/0_real/werhusireg.JPEG,imagenet,0,0.0027578676297315445
diffusion_datasets/imagenet/0_real/nytqcbcfth.JPEG,imagenet,0,0.006884257255151191
diffusion_datasets/imagenet/0_real/tvdnjojlmh.JPEG,imagenet,0,0.004976089880583803
diffusion_datasets/imagenet/0_real/mfzrfiyjrf.JPEG,imagenet,0,0.016138744099756092
diffusion_datasets/imagenet/0_real/znwafizosm.JPEG,imagenet,0,0.012578871804018772
diffusion_datasets/imagenet/0_real/ughldndbio.JPEG,imagenet,0,9.546584341030517e-05
diffusion_datasets/imagenet/0_real/zkioiunenq.JPEG,imagenet,0,0.009383189889323207
diffusion_datasets/imagenet/0_real/echehlitmr.JPEG,imagenet,0,0.001480775383162002
diffusion_datasets/imagenet/0_real/hvuyhhryut.JPEG,imagenet,0,0.007016987307227657
diffusion_datasets/imagenet/0_real/qhuylytsyy.JPEG,imagenet,0,8.193727779445423e-05
diffusion_datasets/imagenet/0_real/dbifuulczh.JPEG,imagenet,0,0.002243950110645719
diffusion_datasets/imagenet/0_real/vsivgpmche.JPEG,imagenet,0,0.07421240041308592
diffusion_datasets/imagenet/0_real/jhuyduptth.JPEG,imagenet,0,0.07525341353219303
diffusion_datasets/imagenet/0_real/likeehktbp.JPEG,imagenet,0,0.0001188585886905838
diffusion_datasets/imagenet/0_real/ddeuvxknie.JPEG,imagenet,0,0.18368623987689547
diffusion_datasets/imagenet/0_real/vwkbynfcdl.JPEG,imagenet,0,0.00772899835136143
diffusion_datasets/imagenet/0_real/gropzgdcno.JPEG,imagenet,0,0.005804370379049784
diffusion_datasets/imagenet/0_real/myjibkfcjw.JPEG,imagenet,0,0.06166674796787998
diffusion_datasets/imagenet/0_real/ixyzaufrnr.JPEG,imagenet,0,0.12554238046860794
diffusion_datasets/imagenet/0_real/rakzbwxeme.JPEG,imagenet,0,0.03215011248401899
diffusion_datasets/imagenet/0_real/xoxubdjnhe.JPEG,imagenet,0,0.0008946267831457984
diffusion_datasets/imagenet/0_real/htqmkwgkwb.JPEG,imagenet,0,5.947451813246654e-05
diffusion_datasets/imagenet/0_real/yfbwcnyvch.JPEG,imagenet,0,0.0613665366461376
diffusion_datasets/imagenet/0_real/nvwywbybsj.JPEG,imagenet,0,0.004204514543108885
diffusion_datasets/imagenet/0_real/heasqjcmsg.JPEG,imagenet,0,0.4892851708200952
diffusion_datasets/imagenet/0_real/pieahxylhf.JPEG,imagenet,0,0.025218170388131986
diffusion_datasets/imagenet/0_real/trssloofom.JPEG,imagenet,0,0.01585833233402416
diffusion_datasets/imagenet/0_real/dawfktkzad.JPEG,imagenet,0,0.00016650904767527628
diffusion_datasets/imagenet/0_real/pptvyzosrk.JPEG,imagenet,0,0.475589102117645
diffusion_datasets/imagenet/0_real/aujwkgbadp.JPEG,imagenet,0,8.153708132556734e-07
diffusion_datasets/imagenet/0_real/jlmbbubxmr.JPEG,imagenet,0,0.0211925000163278
diffusion_datasets/imagenet/0_real/aadlygmazf.JPEG,imagenet,0,0.056647750858047276
diffusion_datasets/imagenet/0_real/uesrfqrmys.JPEG,imagenet,0,1.804427827542196e-05
diffusion_datasets/imagenet/0_real/hkjmvhgmso.JPEG,imagenet,0,0.0047313805265546795
diffusion_datasets/imagenet/0_real/xsmkmdlmux.JPEG,imagenet,0,0.0014578081087676836
diffusion_datasets/imagenet/0_real/pjvqcnpfqy.JPEG,imagenet,0,0.801997288028277
diffusion_datasets/imagenet/0_real/nuhcuxjnpx.JPEG,imagenet,0,0.008145296352018544
diffusion_datasets/imagenet/0_real/oertmmpfuq.JPEG,imagenet,0,0.8847990137747129
diffusion_datasets/imagenet/0_real/xfblvcbesb.JPEG,imagenet,0,0.016244314734250698
diffusion_datasets/imagenet/0_real/nrglavnpuu.JPEG,imagenet,0,0.5036485442374293
diffusion_datasets/imagenet/0_real/rxsgddveyy.JPEG,imagenet,0,4.3699044471490085e-05
diffusion_datasets/imagenet/0_real/ajldduomvc.JPEG,imagenet,0,0.0351201665125178
diffusion_datasets/imagenet/0_real/umhgkshvea.JPEG,imagenet,0,0.748737627780621
diffusion_datasets/imagenet/0_real/sepihwqglu.JPEG,imagenet,0,0.08759139424334096
diffusion_datasets/imagenet/0_real/eufbtfldxd.JPEG,imagenet,0,0.29672754743671537
diffusion_datasets/imagenet/0_real/yinujujzud.JPEG,imagenet,0,0.11230450419316891
diffusion_datasets/imagenet/0_real/cdjghtyvsn.JPEG,imagenet,0,0.27611707669913077
diffusion_datasets/imagenet/0_real/gwwimiekeh.JPEG,imagenet,0,0.0028526060401435427
diffusion_datasets/imagenet/0_real/ajaqvfgsih.JPEG,imagenet,0,0.159941391817105
diffusion_datasets/imagenet/0_real/aoyyeorqer.JPEG,imagenet,0,0.003461931719129062
diffusion_datasets/imagenet/0_real/gudkwzmgfo.JPEG,imagenet,0,0.16144429244092234
diffusion_datasets/imagenet/0_real/smdvfqmevj.JPEG,imagenet,0,0.001960469571935892
diffusion_datasets/imagenet/0_real/rhwouyajcq.JPEG,imagenet,0,0.24294103112109355
diffusion_datasets/imagenet/0_real/njnnphhwll.JPEG,imagenet,0,0.0822177789293903
diffusion_datasets/imagenet/0_real/tgkezflbjz.JPEG,imagenet,0,0.011899418474555274
diffusion_datasets/imagenet/0_real/kszghluqlw.JPEG,imagenet,0,0.1511312933094058
diffusion_datasets/imagenet/0_real/orgclftabd.JPEG,imagenet,0,0.0020822738591425366
diffusion_datasets/imagenet/0_real/vuvkrfmrfw.JPEG,imagenet,0,0.04430686530372884
diffusion_datasets/imagenet/0_real/cspmbvyjpm.JPEG,imagenet,0,0.00093681807113047
diffusion_datasets/imagenet/0_real/jkdydiqkym.JPEG,imagenet,0,0.33019324663552896
diffusion_datasets/imagenet/0_real/rtbrwgwkho.JPEG,imagenet,0,0.035601678754382034
diffusion_datasets/imagenet/0_real/jgcuwqiqsa.JPEG,imagenet,0,0.018744055249666335
diffusion_datasets/imagenet/0_real/pcaodmknyo.JPEG,imagenet,0,0.0019186212753498839
diffusion_datasets/imagenet/0_real/rprdsmygod.JPEG,imagenet,0,0.5070758063116756
diffusion_datasets/imagenet/0_real/ztytemyoxv.JPEG,imagenet,0,0.004956065797909866
diffusion_datasets/imagenet/0_real/xjsfnrjtst.JPEG,imagenet,0,0.03867591175613516
diffusion_datasets/imagenet/0_real/xahepmkkki.JPEG,imagenet,0,0.054055603119914336
diffusion_datasets/imagenet/0_real/hptzommwzk.JPEG,imagenet,0,0.5532467023628128
diffusion_datasets/imagenet/0_real/acpwmtyztu.JPEG,imagenet,0,0.0065954951391283805
diffusion_datasets/imagenet/0_real/kkxuptmzof.JPEG,imagenet,0,0.15689179645228402
diffusion_datasets/imagenet/0_real/csvtttfwut.JPEG,imagenet,0,0.8868818055532408
diffusion_datasets/imagenet/0_real/mocygqjmlh.JPEG,imagenet,0,0.005918100465383116
diffusion_datasets/imagenet/0_real/nipnhttkcg.JPEG,imagenet,0,0.45104090695759075
diffusion_datasets/imagenet/0_real/ajdylzvnwn.JPEG,imagenet,0,0.0011488514056894941
diffusion_datasets/imagenet/0_real/vmrobijbmc.JPEG,imagenet,0,0.013755124926939937
diffusion_datasets/imagenet/0_real/sdbpzpettf.JPEG,imagenet,0,9.719925349490804e-05
diffusion_datasets/imagenet/0_real/vitzpaholy.JPEG,imagenet,0,0.0531079327536314
diffusion_datasets/imagenet/0_real/hnsubaglth.JPEG,imagenet,0,0.02889870062632296
diffusion_datasets/imagenet/0_real/lqdjvtnjqn.JPEG,imagenet,0,0.08583406034447698
diffusion_datasets/imagenet/0_real/szebyvzlqt.JPEG,imagenet,0,0.011912289374317304
diffusion_datasets/imagenet/0_real/iqruwytkxd.JPEG,imagenet,0,0.03963730390377687
diffusion_datasets/imagenet/0_real/xbwwtavscv.JPEG,imagenet,0,0.627413384296424
diffusion_datasets/imagenet/0_real/vueczavslq.JPEG,imagenet,0,0.0867420153040415
diffusion_datasets/imagenet/0_real/mijuwhirnm.JPEG,imagenet,0,0.24586469889936757
diffusion_datasets/imagenet/0_real/hhmqvefsdm.JPEG,imagenet,0,0.0009766447253477526
diffusion_datasets/imagenet/0_real/gtqyrcambg.JPEG,imagenet,0,0.010903913738763227
diffusion_datasets/imagenet/0_real/danyxpbnqf.JPEG,imagenet,0,0.02439684554122894
diffusion_datasets/imagenet/0_real/zynieagnms.JPEG,imagenet,0,0.0009283734187079392
diffusion_datasets/imagenet/0_real/rgnjmqxait.JPEG,imagenet,0,0.7611507587003273
diffusion_datasets/imagenet/0_real/wkkhoodytf.JPEG,imagenet,0,0.011848889153658115
diffusion_datasets/laion/0_real/xvulqfblsf.jpg,laion,0,0.25750225688700745
diffusion_datasets/laion/0_real/bqeilhkbun.jpg,laion,0,0.7629617115322418
diffusion_datasets/laion/0_real/kguycdreay.jpg,laion,0,0.05930310250954067
diffusion_datasets/laion/0_real/bxfbgvlfqu.jpg,laion,0,0.0018298285671518668
diffusion_datasets/laion/0_real/qdnqcoyzar.jpg,laion,0,0.6557607276549876
diffusion_datasets/laion/0_real/idvfzzxvyh.jpg,laion,0,0.005934210780125519
diffusion_datasets/laion/0_real/lvtmqaadzz.jpg,laion,0,0.7429361114433413
diffusion_datasets/laion/0_real/bghliglwng.jpg,laion,0,0.03945306028309722
diffusion_datasets/laion/0_real/jqnuoffbtb.jpg,laion,0,0.023820479311488334
diffusion_datasets/laion/0_real/tvdnjojlmh.jpg,laion,0,0.8393984951599193
diffusion_datasets/laion/0_real/jkdydiqkym.jpg,laion,0,0.10520331246169874
diffusion_datasets/laion/0_real/oqlgvyltdu.jpg,laion,0,0.035117429820321226
diffusion_datasets/laion/0_real/yecvsijdsn.jpg,laion,0,0.03882538355586615
diffusion_datasets/laion/0_real/vfjqbhhdhb.jpg,laion,0,0.7387258079166712
diffusion_datasets/laion/0_real/rpeighzltg.jpg,laion,0,0.0126432584062467
diffusion_datasets/laion/0_real/nytqcbcfth.jpg,laion,0,0.9459090277346648
diffusion_datasets/laion/0_real/mtuopsldka.jpg,laion,0,0.7723135432774509
diffusion_datasets/laion/0_real/ayibbogxvl.jpg,laion,0,0.15635445618572003
diffusion_datasets/laion/0_real/kkxuptmzof.jpg,laion,0,0.2221700926252165
diffusion_datasets/laion/0_real/whqsatsqum.jpg,laion,0,0.011376768305828443
diffusion_datasets/laion/0_real/bolqiuvdbo.jpg,laion,0,0.0009711987254146059
diffusion_datasets/laion/0_real/lqrkxsvuvt.jpg,laion,0,0.6870386922298783
diffusion_datasets/laion/0_real/csvtttfwut.jpg,laion,0,0.000462407325437265
diffusion_datasets/laion/0_real/wketmynlnj.jpg,laion,0,0.7907672952162342
diffusion_datasets/laion/0_real/mubozyqcgp.jpg,laion,0,0.0021394886657449706
diffusion_datasets/laion/0_real/mfcceezfwn.jpg,laion,0,0.9661187074366364
diffusion_datasets/laion/0_real/gayjhkcdkw.jpg,laion,0,0.014215769523895918
diffusion_datasets/laion/0_real/cnthnmxcwh.jpg,laion,0,0.9189918872991164
diffusion_datasets/laion/0_real/nvwywbybsj.jpg,laion,0,0.6533110865312862
diffusion_datasets/laion/0_real/zmqpqnavds.jpg,laion,0,0.020423839919772677
diffusion_datasets/laion/0_real/sneggiimdk.jpg,laion,0,0.027143070709259042
diffusion_datasets/laion/0_real/wsbyyiugsn.jpg,laion,0,0.9538425134321147
diffusion_datasets/laion/0_real/fzmzemtxkr.jpg,laion,0,0.1603353823670597
diffusion_datasets/laion/0_real/tgkezflbjz.jpg,laion,0,4.126799090818992e-06
diffusion_datasets/laion/0_real/ncyvrxsbym.jpg,laion,0,0.509135694473063
diffusion_datasets/laion/0_real/osrdcrocjh.jpg,laion,0,9.429897212890499e-05
diffusion_datasets/laion/0_real/vmjmkqeggv.jpg,laion,0,0.9262648552432544
diffusion_datasets/laion/0_real/gwhfxugran.jpg,laion,0,0.9373898637363449
diffusion_datasets/laion/0_real/lpofppxlqt.jpg,laion,0,0.006891190315786738
diffusion_datasets/laion/0_real/vispixnoqk.jpg,laion,0,3.6632902864028614e-06
diffusion_datasets/laion/0_real/wrmxjiicmz.jpg,laion,0,0.9279919218985047
diffusion_datasets/laion/0_real/kzflnrbcwz.jpg,laion,0,0.9975849437061929
diffusion_datasets/laion/0_real/wedprdqjkr.jpg,laion,0,0.06428206722275691
diffusion_datasets/laion/0_real/utlevcsfzc.jpg,laion,0,0.15482836156960939
diffusion_datasets/laion/0_real/bbdiioaqyn.jpg,laion,0,0.030755623641930248
diffusion_datasets/laion/0_real/lqdjvtnjqn.jpg,laion,0,0.018720482097169082
diffusion_datasets/laion/0_real/yaaqlxnzhi.jpg,laion,0,0.12253457317443327
diffusion_datasets/laion/0_real/idrkdekvux.jpg,laion,0,0.0018213726496590775
diffusion_datasets/laion/0_real/tmuzzrstsf.jpg,laion,0,0.38148516438396746
diffusion_datasets/laion/0_real/jqihknjmkf.jpg,laion,0,2.3900853026857112e-05
diffusion_datasets/laion/0_real/fuahrcqbgk.jpg,laion,0,0.027696871081733743
diffusion_datasets/laion/0_real/mrdnzxhmlr.jpg,laion,0,0.8457860318442766
diffusion_datasets/laion/0_real/fwqtzyeait.jpg,laion,0,5.680010529922894e-06
diffusion_datasets/laion/0_real/ugrxyyeknx.jpg,laion,0,0.022395106920843583
diffusion_datasets/laion/0_real/oertmmpfuq.jpg,laion,0,0.007526572227731663
diffusion_datasets/laion/0_real/bcqofpsyca.jpg,laion,0,0.688280518232085
diffusion_datasets/laion/0_real/nypkpjmzri.jpg,laion,0,0.08004699938225014
diffusion_datasets/laion/0_real/ybpkzmxsoj.jpg,laion,0,0.473162724320129
diffusion_datasets/laion/0_real/surgjkswmj.jpg,laion,0,0.12862588617650308
diffusion_datasets/laion/0_real/nzfqdevtuu.jpg,laion,0,0.39839519362722997
diffusion_datasets/laion/0_real/plszaygqda.jpg,laion,0,0.9177757031542287
diffusion_datasets/laion/0_real/smdvfqmevj.jpg,laion,0,0.30675283965582667
diffusion_datasets/laion/0_real/gudkwzmgfo.jpg,laion,0,0.466467638888644
diffusion_datasets/laion/0_real/sinwhncecv.jpg,laion,0,0.014489072795648962
diffusion_datasets/laion/0_real/rtiaijvnif.jpg,laion,0,0.1812254653455341
diffusion_datasets/laion/0_real/hwfugtliat.jpg,laion,0,0.5305336841311413
diffusion_datasets/laion/0_real/fzzunuvfgl.jpg,laion,0,0.001512796826221158
diffusion_datasets/laion/0_real/buiozdnamh.jpg,laion,0,0.059092065851700334
diffusion_datasets/laion/0_real/ygsthmtuoh.jpg,laion,0,0.014089198753152437
diffusion_datasets/laion/0_real/bqcltegxdf.jpg,laion,0,0.00011660267469403346
diffusion_datasets/laion/0_real/enrmnsxepz.jpg,laion,0,0.009251875865299087
diffusion_datasets/laion/0_real/xbwwtavscv.jpg,laion,0,0.00033860676691520834
diffusion_datasets/laion/0_real/auannvrmrm.jpg,laion,0,0.9397430123028914
diffusion_datasets/laion/0_real/nvglpmddru.jpg,laion,0,0.2257027940888077
diffusion_datasets/laion/0_real/yxyqoryjpu.jpg,laion,0,0.0756477821937229
diffusion_datasets/laion/0_real/wsbgevekgf.jpg,laion,0,0.0034402481658301776
diffusion_datasets/laion/0_real/szebyvzlqt.jpg,laion,0,0.000516514175036967
diffusion_datasets/laion/0_real/adizyjvxam.jpg,laion,0,0.007342165853899606
diffusion_datasets/laion/0_real/dawfktkzad.jpg,laion,0,0.564863547116713
diffusion_datasets/laion/0_real/eayzvzrytx.jpg,laion,0,0.1312003853510995
diffusion_datasets/laion/0_real/gzzhkwcczo.jpg,laion,0,0.045113639102827424
diffusion_datasets/laion/0_real/ycojahdoqs.jpg,laion,0,0.450732812385779
diffusion_datasets/laion/0_real/bdwbeyarpc.jpg,laion,0,0.0001653268075266101
diffusion_datasets/laion/0_real/uzunqwixgv.jpg,laion,0,0.17494701809371407
diffusion_datasets/laion/0_real/ftobdflmuz.jpg,laion,0,0.007993449977955671
diffusion_datasets/laion/0_real/lcyxnaodgl.jpg,laion,0,0.9324234979828143
diffusion_datasets/laion/0_real/wqvahtytps.jpg,laion,0,0.005010119171573931
diffusion_datasets/laion/0_real/elpsbyigve.jpg,laion,0,0.3110820107529127
diffusion_datasets/laion/0_real/kvaphythne.jpg,laion,0,0.00031895112772371126
diffusion_datasets/laion/0_real/ypvdkreobg.jpg,laion,0,0.04666777479579841
diffusion_datasets/laion/0_real/mqbzprykrc.jpg,laion,0,0.023239469762628997
diffusion_datasets/laion/0_real/sltdkynkrd.jpg,laion,0,0.02749661710358445
diffusion_datasets/laion/0_real/fcgojsqxhw.jpg,laion,0,0.012460948740392849
diffusion_datasets/laion/0_real/jykjuscrhb.jpg,laion,0,0.14909294641237633
diffusion_datasets/laion/0_real/kvomczokut.jpg,laion,0,0.5054703162498937
diffusion_datasets/laion/0_real/yfnrrhachx.jpg,laion,0,6.30680261987727e-05
diffusion_datasets/laion/0_real/owavsapwhv.jpg,laion,0,0.007589049394060605
diffusion_datasets/laion/0_real/bfuqjvwwlk.jpg,laion,0,0.07698649833661966
diffusion_datasets/laion/0_real/gvvfxpftgt.jpg,laion,0,0.02243565085192776
diffusion_datasets/laion/0_real/owymrcrmoo.jpg,laion,0,0.8437420748029676
diffusion_datasets/laion/0_real/mnbrpiakwa.jpg,laion,0,0.690036119951576
diffusion_datasets/laion/0_real/rjdnzhbvwc.jpg,laion,0,0.8523692094308489
diffusion_datasets/laion/0_real/jvctzionai.jpg,laion,0,0.0115351411878385
diffusion_datasets/laion/0_real/smmiazxocc.jpg,laion,0,0.9731019470120967
diffusion_datasets/laion/0_real/pcvfvfsxek.jpg,laion,0,0.019231488210504022
diffusion_datasets/laion/0_real/uvwnmuvfio.jpg,laion,0,0.0027525298429835147
diffusion_datasets/laion/0_real/uxbuickkha.jpg,laion,0,0.06912685004055598
diffusion_datasets/laion/0_real/ikptlvvios.jpg,laion,0,0.9300538824091729
diffusion_datasets/laion/0_real/yutcusvily.jpg,laion,0,0.8875349019135348
diffusion_datasets/laion/0_real/qtpttlawjz.jpg,laion,0,0.7324994734825344
diffusion_datasets/laion/0_real/aynkpajrmy.jpg,laion,0,0.05219152801502516
diffusion_datasets/laion/0_real/iwkrlrqsbn.jpg,laion,0,0.8689007076228811
diffusion_datasets/laion/0_real/aahxgrlfqt.jpg,laion,0,0.0005352103053858584
diffusion_datasets/laion/0_real/pbblbgdzjz.jpg,laion,0,3.760065253102684e-05
diffusion_datasets/laion/0_real/lcaexbqxar.jpg,laion,0,0.015341029737163211
diffusion_datasets/laion/0_real/qafswzymfy.jpg,laion,0,0.05698124017105814
diffusion_datasets/laion/0_real/frrzmsczog.jpg,laion,0,0.7639402021321111
diffusion_datasets/laion/0_real/yqqmbglayb.jpg,laion,0,0.0003070062820056123
diffusion_datasets/laion/0_real/sxwaupvkta.jpg,laion,0,0.6134866742940494
diffusion_datasets/laion/0_real/dxvmhjeycz.jpg,laion,0,0.4017832009181755
diffusion_datasets/laion/0_real/yoqkeajskn.jpg,laion,0,0.9980992928015808
diffusion_datasets/laion/0_real/hjovhnpjdf.jpg,laion,0,0.0031939128267682274
diffusion_datasets/laion/0_real/amcjhcqbxr.jpg,laion,0,0.0022315867476369405
diffusion_datasets/laion/0_real/ftampoyprn.jpg,laion,0,0.012558752401656853
diffusion_datasets/laion/0_real/yfxdzkbfpk.jpg,laion,0,0.32837064883954725
diffusion_datasets/laion/0_real/uydofqnwdz.jpg,laion,0,1.1636401212624862e-05
diffusion_datasets/laion/0_real/oxkzwdrxay.jpg,laion,0,0.9846719386724299
diffusion_datasets/laion/0_real/vcuznpgkuo.jpg,laion,0,0.8777135987448572
diffusion_datasets/laion/0_real/yvwtaordyd.jpg,laion,0,0.029428296277115965
diffusion_datasets/laion/0_real/bvbspxdfxz.jpg,laion,0,0.0036371249811444546
diffusion_datasets/laion/0_real/rhwouyajcq.jpg,laion,0,0.0027272012391813837
diffusion_datasets/laion/0_real/rzkutenljp.jpg,laion,0,0.05811946013766389
diffusion_datasets/laion/0_real/gxkmzinhug.jpg,laion,0,0.0006837033838406782
diffusion_datasets/laion/0_real/rgiwpyxekm.jpg,laion,0,0.00011755027438221463
diffusion_datasets/laion/0_real/uesrfqrmys.jpg,laion,0,0.019757107303037792
diffusion_datasets/laion/0_real/wotrziuyhj.jpg,laion,0,0.0008681803845717714
diffusion_datasets/laion/0_real/ajdylzvnwn.jpg,laion,0,0.004878302930545146
diffusion_datasets/laion/0_real/xrkvaduave.jpg,laion,0,0.9659937632045212
diffusion_datasets/laion/0_real/ueoeojrsyj.jpg,laion,0,0.0528890702828742
diffusion_datasets/laion/0_real/ouirlfwsyx.jpg,laion,0,0.12333829545285731
diffusion_datasets/laion/0_real/viedszojsm.jpg,laion,0,0.02284468941864744
diffusion_datasets/laion/0_real/irwxnqcndk.jpg,laion,0,0.353307569634865
diffusion_datasets/laion/0_real/zdqmadvhbl.jpg,laion,0,0.49492454893965887
diffusion_datasets/laion/0_real/tbxpyvxjym.jpg,laion,0,0.8788461733426185
diffusion_datasets/laion/0_real/fvbwueqmmc.jpg,laion,0,0.0026924409690339724
diffusion_datasets/laion/0_real/umhgkshvea.jpg,laion,0,0.0004437977108276974
diffusion_datasets/laion/0_real/tecfsxrdsg.jpg,laion,0,0.9013591063672461
diffusion_datasets/laion/0_real/oaepibbwpe.jpg,laion,0,0.010569694011105716
diffusion_datasets/laion/0_real/lkbpelvrth.jpg,laion,0,0.09257622518172556
diffusion_datasets/laion/0_real/fgbgiwekim.jpg,laion,0,0.014137156097168015
diffusion_datasets/laion/0_real/jqcakwrejy.jpg,laion,0,0.24214214364862335
diffusion_datasets/laion/0_real/ohycivlfdy.jpg,laion,0,0.019698455653863477
diffusion_datasets/laion/0_real/xvpiclvxzd.jpg,laion,0,0.00023374229977449638
diffusion_datasets/laion/0_real/bwvinmojcw.jpg,laion,0,0.02287960700328784
diffusion_datasets/laion/0_real/onkjvikzsj.jpg,laion,0,0.0003345101178166986
diffusion_datasets/laion/0_real/kgmqyotoqo.jpg,laion,0,0.9930952406527136
diffusion_datasets/laion/0_real/ltwpiurdob.jpg,laion,0,0.9895418167457154
diffusion_datasets/laion/0_real/gtidkpfxcc.jpg,laion,0,0.10598884772816582
diffusion_datasets/laion/0_real/xlwfiidgib.jpg,laion,0,0.773540451954939
diffusion_datasets/laion/0_real/ilaptngbkl.jpg,laion,0,0.0010016142561687104
diffusion_datasets/laion/0_real/hkhpikinqs.jpg,laion,0,0.22015978554566346
diffusion_datasets/laion/0_real/ettedwuoqe.jpg,laion,0,0.008038649071302886
diffusion_datasets/laion/0_real/nhmoimaaqz.jpg,laion,0,0.12048819784412086
diffusion_datasets/laion/0_real/flcafzqbyt.jpg,laion,0,0.0245037750667855
diffusion_datasets/laion/0_real/pcwvbmjrea.jpg,laion,0,0.01461388307434437
diffusion_datasets/laion/0_real/sepihwqglu.jpg,laion,0,0.24135487444467632
diffusion_datasets/laion/0_real/vuvkrfmrfw.jpg,laion,0,0.1577509960911162
diffusion_datasets/laion/0_real/effiwpkvcy.jpg,laion,0,0.6797439914587612
diffusion_datasets/laion/0_real/huksdpnufs.jpg,laion,0,0.038911731707423104
diffusion_datasets/laion/0_real/cpyrataump.jpg,laion,0,0.03126532820167874
diffusion_datasets/laion/0_real/fxxzogdrnu.jpg,laion,0,0.030962255905274492
diffusion_datasets/laion/0_real/jfqdxkbnuz.jpg,laion,0,9.829182941025362e-05
diffusion_datasets/laion/0_real/psvmrypqai.jpg,laion,0,0.2353682703158808
diffusion_datasets/laion/0_real/odhzcmznnr.jpg,laion,0,0.0001952328295746959
diffusion_datasets/laion/0_real/fwhacyybom.jpg,laion,0,0.003594451045637479
diffusion_datasets/laion/0_real/ccbrpvitlb.jpg,laion,0,0.002953410184101147
diffusion_datasets/laion/0_real/tknxjephgy.jpg,laion,0,0.0019472840148934782
diffusion_datasets/laion/0_real/hypftiguck.jpg,laion,0,0.007174741190231639
diffusion_datasets/laion/0_real/jgvhyrcgyx.jpg,laion,0,0.001891507888070019
diffusion_datasets/laion/0_real/xnyhohvpna.jpg,laion,0,5.9098317578071997e-05
diffusion_datasets/laion/0_real/tuptxvyplv.jpg,laion,0,0.3271752031461718
diffusion_datasets/laion/0_real/itvslvcuiy.jpg,laion,0,0.7881355197959606
diffusion_datasets/laion/0_real/ynescstwdk.jpg,laion,0,0.004789308311225162
diffusion_datasets/laion/0_real/gdomuubpmo.jpg,laion,0,0.08044942854187707
diffusion_datasets/laion/0_real/hlwefvuprq.jpg,laion,0,0.00848828087799408
diffusion_datasets/laion/0_real/efykeyysvi.jpg,laion,0,0.00013587019973851993
diffusion_datasets/laion/0_real/uyfkdpzowl.jpg,laion,0,0.9932190788570878
diffusion_datasets/laion/0_real/hgcafbxres.jpg,laion,0,0.6163375127855772
diffusion_datasets/laion/0_real/lkealtdsyd.jpg,laion,0,0.9917932362459176
diffusion_datasets/laion/0_real/ybbbdeihcf.jpg,laion,0,0.4246864716810455
diffusion_datasets/laion/0_real/cqxwvqbknx.jpg,laion,0,0.02618293321923785
diffusion_datasets/laion/0_real/ddeuvxknie.jpg,laion,0,0.00186675900270649
diffusion_datasets/laion/0_real/zwkapmobkx.jpg,laion,0,3.702305628301362e-05
diffusion_datasets/laion/0_real/zxnpcvwbfb.jpg,laion,0,0.6656391285964957
diffusion_datasets/laion/0_real/mcsihazpje.jpg,laion,0,0.552365081982189
diffusion_datasets/laion/0_real/xqlumlknls.jpg,laion,0,0.005934639718035719
diffusion_datasets/laion/0_real/rpggiliowp.jpg,laion,0,6.01312163760267e-05
diffusion_datasets/laion/0_real/tivixbdipm.jpg,laion,0,0.24769745570818794
diffusion_datasets/laion/0_real/wcuupgwotu.jpg,laion,0,0.7791699705855635
diffusion_datasets/laion/0_real/cdjghtyvsn.jpg,laion,0,4.5635168635787124e-05
diffusion_datasets/laion/0_real/aqfnjpltvb.jpg,laion,0,0.0005145458593074967
diffusion_datasets/laion/0_real/mqzlaxdcyf.jpg,laion,0,0.9815613384003099
diffusion_datasets/laion/0_real/yatxnhyhyw.jpg,laion,0,0.0102263853379008
diffusion_datasets/laion/0_real/zzrnxnjzyx.jpg,laion,0,0.1234177284738516
diffusion_datasets/laion/0_real/vpwnxqxbks.jpg,laion,0,0.620550332333429
diffusion_datasets/laion/0_real/ranqpkoerl.jpg,laion,0,0.028227762435854863
diffusion_datasets/laion/0_real/vyjvqkrjmv.jpg,laion,0,2.3633153615872e-05
diffusion_datasets/laion/0_real/skkprfujmw.jpg,laion,0,0.9901677283777236
diffusion_datasets/laion/0_real/njfscemusa.jpg,laion,0,0.026831738438294964
diffusion_datasets/laion/0_real/djfymdweky.jpg,laion,0,0.010445888228730943
diffusion_datasets/laion/0_real/czqsnkbvng.jpg,laion,0,0.9636309879380562
diffusion_datasets/laion/0_real/lakovwneny.jpg,laion,0,0.9963558723638778
diffusion_datasets/laion/0_real/xmppkkdynh.jpg,laion,0,0.1508796056423643
diffusion_datasets/laion/0_real/xnidvmnavp.jpg,laion,0,0.6580508157408621
diffusion_datasets/laion/0_real/cjmyrxrisl.jpg,laion,0,0.8205863688920317
diffusion_datasets/laion/0_real/wgmfkffpbs.jpg,laion,0,0.005574329883358479
diffusion_datasets/laion/0_real/sbuowwvzjw.jpg,laion,0,0.25101898080199475
diffusion_datasets/laion/0_real/qsndeimedb.jpg,laion,0,0.15380101407428518
diffusion_datasets/laion/0_real/jecdlrpjba.jpg,laion,0,0.9987980747914628
diffusion_datasets/laion/0_real/owbarkgfyc.jpg,laion,0,0.05670089476266895
diffusion_datasets/laion/0_real/hcnhiyscgm.jpg,laion,0,0.016807080893728055
diffusion_datasets/laion/0_real/ppufoaihkk.jpg,laion,0,0.019143572429829767
diffusion_datasets/laion/0_real/mltvjsqnjm.jpg,laion,0,0.014534072033005687
diffusion_datasets/laion/0_real/bqmyueubdu.jpg,laion,0,0.6584005792097497
diffusion_datasets/laion/0_real/wdjkwiwroa.jpg,laion,0,0.03671953286357894
diffusion_datasets/laion/0_real/zhkktdnkhl.jpg,laion,0,0.08975879929216517
diffusion_datasets/laion/0_real/eelzocmtws.jpg,laion,0,0.0007014985058622926
diffusion_datasets/laion/0_real/ocmzcjegeg.jpg,laion,0,0.9971608889045078
diffusion_datasets/laion/0_real/nkdchwutlw.jpg,laion,0,0.5407267288940133
diffusion_datasets/laion/0_real/pcaodmknyo.jpg,laion,0,0.00126019699174997
diffusion_datasets/laion/0_real/aowpbzokmp.jpg,laion,0,0.5401538145624912
diffusion_datasets/laion/0_real/hcyfeanpao.jpg,laion,0,0.00015035115086791496
diffusion_datasets/laion/0_real/lpvhehbmzv.jpg,laion,0,0.9690926979003256
diffusion_datasets/laion/0_real/fneghrqtsf.jpg,laion,0,0.011452170065653005
diffusion_datasets/laion/0_real/pyydtwntke.jpg,laion,0,0.4098230481089523
diffusion_datasets/laion/0_real/jnrpfsvjdm.jpg,laion,0,0.17390804342535177
diffusion_datasets/laion/0_real/jhcbtfuziq.jpg,laion,0,0.18107815782036088
diffusion_datasets/laion/0_real/tflsufulfn.jpg,laion,0,0.2643767561868981
diffusion_datasets/laion/0_real/htpewtqebr.jpg,laion,0,0.004612038309894027
diffusion_datasets/laion/0_real/jxacexpmcn.jpg,laion,0,0.2959516453426411
diffusion_datasets/laion/0_real/gwwprxqtre.jpg,laion,0,0.23749698661320612
diffusion_datasets/laion/0_real/mlxvdfndsh.jpg,laion,0,0.13234703815627902
diffusion_datasets/laion/0_real/hisyohahzi.jpg,laion,0,0.0009017125312083244
diffusion_datasets/laion/0_real/guljtnkdnj.jpg,laion,0,0.00040059185872427637
diffusion_datasets/laion/0_real/lxdnodpvuz.jpg,laion,0,0.9413992519899959
diffusion_datasets/laion/0_real/ygqiosrden.jpg,laion,0,0.0007998481991278709
diffusion_datasets/laion/0_real/tzirqivkgc.jpg,laion,0,0.002512246986267636
diffusion_datasets/laion/0_real/pzvgfnoiln.jpg,laion,0,0.24392786701940522
diffusion_datasets/laion/0_real/gaephzrdih.jpg,laion,0,0.004264693338497646
diffusion_datasets/laion/0_real/gdnoweboab.jpg,laion,0,0.02461328185000723
diffusion_datasets/laion/0_real/oyxvwvxuzr.jpg,laion,0,0.0003967191400186357
diffusion_datasets/laion/0_real/cswedhbgpd.jpg,laion,0,0.7905860553020999
diffusion_datasets/laion/0_real/mcrhlmdumo.jpg,laion,0,0.3267806538045888
diffusion_datasets/laion/0_real/fegqolkrls.jpg,laion,0,1.81946626979151e-05
diffusion_datasets/laion/0_real/jjmznfxyeg.jpg,laion,0,0.30760694339517664
diffusion_datasets/laion/0_real/xaetznfnpu.jpg,laion,0,0.7797910296442271
diffusion_datasets/laion/0_real/acpwmtyztu.jpg,laion,0,0.0034306081818675184
diffusion_datasets/laion/0_real/ljluvxkeau.jpg,laion,0,0.006793339376473678
diffusion_datasets/laion/0_real/dbcoycuiyt.jpg,laion,0,0.00010960233001776295
diffusion_datasets/laion/0_real/aakydlwfer.jpg,laion,0,0.041415564044595565
diffusion_datasets/laion/0_real/tnxiofobrb.jpg,laion,0,0.5247829447147445
diffusion_datasets/laion/0_real/lfpytrxtnd.jpg,laion,0,0.3746569112121003
diffusion_datasets/laion/0_real/pvrfveosdy.jpg,laion,0,0.011540628726655865
diffusion_datasets/laion/0_real/pfvgbusewt.jpg,laion,0,0.09736922398783525
diffusion_datasets/laion/0_real/njslnjximf.jpg,laion,0,0.15376500701765858
diffusion_datasets/laion/0_real/kqtezbdvua.jpg,laion,0,0.058890224954115104
diffusion_datasets/laion/0_real/fzrimmsozw.jpg,laion,0,0.08058368005023614
diffusion_datasets/laion/0_real/qmqkkwwggi.jpg,laion,0,0.7445283288914103
diffusion_datasets/laion/0_real/zcsnybxdqj.jpg,laion,0,0.00197143468152859
diffusion_datasets/laion/0_real/agjsmczzat.jpg,laion,0,0.0021240401672105247
diffusion_datasets/laion/0_real/lnavxqqxfa.jpg,laion,0,0.9259508811049632
diffusion_datasets/laion/0_real/rsiiuivgsv.jpg,laion,0,0.00020056638175620372
diffusion_datasets/laion/0_real/vrffpjmuir.jpg,laion,0,0.7961312108542256
diffusion_datasets/laion/0_real/nrzbgujfll.jpg,laion,0,0.0010584698069430606
diffusion_datasets/laion/0_real/xiubxgyhcs.jpg,laion,0,0.0018160660528795983
diffusion_datasets/laion/0_real/xqyjzhnfqu.jpg,laion,0,0.032245380548100555
diffusion_datasets/laion/0_real/jcbooxfwcy.jpg,laion,0,0.03900683328699602
diffusion_datasets/laion/0_real/mobwrxioai.jpg,laion,0,0.03145421570805466
diffusion_datasets/laion/0_real/kobditubhr.jpg,laion,0,0.06371458833779388
diffusion_datasets/laion/0_real/txviitvyvk.jpg,laion,0,0.03545050784097434
diffusion_datasets/laion/0_real/isrzfmrbjo.jpg,laion,0,0.9562563163432463
diffusion_datasets/laion/0_real/tgzykjsqqa.jpg,laion,0,0.003435413109287575
diffusion_datasets/laion/0_real/nwpodhovep.jpg,laion,0,0.004393715480898178
diffusion_datasets/laion/0_real/yhxjifarjw.jpg,laion,0,0.9495726572400899
diffusion_datasets/laion/0_real/wpptcqobpu.jpg,laion,0,0.16632732583943557
diffusion_datasets/laion/0_real/jgmtkjqepx.jpg,laion,0,0.9356000101068874
diffusion_datasets/laion/0_real/qhhsiahqdz.jpg,laion,0,0.20032806882614027
diffusion_datasets/laion/0_real/rgnjmqxait.jpg,laion,0,0.6131760531038841
diffusion_datasets/laion/0_real/wdxoxbbogy.jpg,laion,0,0.0012254995353355729
diffusion_datasets/laion/0_real/tunmixwvbf.jpg,laion,0,0.7648520094527462
diffusion_datasets/laion/0_real/crzzjqmtan.jpg,laion,0,0.006998398994669354
diffusion_datasets/laion/0_real/flzalpsilp.jpg,laion,0,0.027561193011624092
diffusion_datasets/laion/0_real/lsmostdlua.jpg,laion,0,0.019874605939489243
diffusion_datasets/laion/0_real/qnqvwdpmam.jpg,laion,0,0.01878883721561613
diffusion_datasets/laion/0_real/dncoarxujc.jpg,laion,0,0.36279197709619804
diffusion_datasets/laion/0_real/mgeezotzdw.jpg,laion,0,0.2784056947565926
diffusion_datasets/laion/0_real/spnummyudf.jpg,laion,0,0.05340711922412653
diffusion_datasets/laion/0_real/kjacqcuxqc.jpg,laion,0,0.13323504773635372
diffusion_datasets/laion/0_real/gchslncruv.jpg,laion,0,0.13840224908913212
diffusion_datasets/laion/0_real/eufbtfldxd.jpg,laion,0,1.3706977062077003e-05
diffusion_datasets/laion/0_real/wyyltkwttn.jpg,laion,0,0.27402862155188107
diffusion_datasets/laion/0_real/iqjkwjvday.jpg,laion,0,0.06584697200128227
diffusion_datasets/laion/0_real/gckzbyionz.jpg,laion,0,0.006583611704149297
diffusion_datasets/laion/0_real/gsjragxgrg.jpg,laion,0,0.9796233261584294
diffusion_datasets/laion/0_real/jezexlfhiq.jpg,laion,0,0.10928890922856518
diffusion_datasets/laion/0_real/tvhyjyjvbi.jpg,laion,0,0.496767450909375
diffusion_datasets/laion/0_real/apfyxprqpm.jpg,laion,0,0.984006428956748
diffusion_datasets/laion/0_real/gbzvqfsaud.jpg,laion,0,0.00013642289366707676
diffusion_datasets/laion/0_real/zdteumqsqf.jpg,laion,0,0.0035958005730072707
diffusion_datasets/laion/0_real/olxtdigiux.jpg,laion,0,0.02127138735200183
diffusion_datasets/laion/0_real/xoxubdjnhe.jpg,laion,0,2.98480305297919e-06
diffusion_datasets/laion/0_real/jckrxjozhx.jpg,laion,0,0.018230014660873144
diffusion_datasets/laion/0_real/vcbnrxukwp.jpg,laion,0,0.4680726963758368
diffusion_datasets/laion/0_real/xxxlutdoia.jpg,laion,0,0.01353867685817196
diffusion_datasets/laion/0_real/ztytemyoxv.jpg,laion,0,0.9712708910167172
diffusion_datasets/laion/0_real/igjyxqgebm.jpg,laion,0,0.3419529177537182
diffusion_datasets/laion/0_real/khmsldutff.jpg,laion,0,5.2678799857289485e-05
diffusion_datasets/laion/0_real/ahwxcijnxm.jpg,laion,0,0.7642981852296113
diffusion_datasets/laion/0_real/crwemtqnoq.jpg,laion,0,0.998817961502638
diffusion_datasets/laion/0_real/gllomgthtj.jpg,laion,0,0.06980368153418816
diffusion_datasets/laion/0_real/bebadtkmes.jpg,laion,0,0.5430066385109964
diffusion_datasets/laion/0_real/etiolecymt.jpg,laion,0,0.0017239638043888255
diffusion_datasets/laion/0_real/qyaknxvzwp.jpg,laion,0,0.7031347535390212
diffusion_datasets/laion/0_real/kpmxquicco.jpg,laion,0,0.5402809630074307
diffusion_datasets/laion/0_real/zbnbosutcn.jpg,laion,0,0.7160073856900273
diffusion_datasets/laion/0_real/olxnaenbde.jpg,laion,0,0.08617615747233708
diffusion_datasets/laion/0_real/xctsfejxfy.jpg,laion,0,0.9982200505978133
diffusion_datasets/laion/0_real/lzgwytfbdh.jpg,laion,0,0.8158985085785148
diffusion_datasets/laion/0_real/ybihqfczqf.jpg,laion,0,0.9153639297246765
diffusion_datasets/laion/0_real/mrxqbknovu.jpg,laion,0,0.00011837924002030307
diffusion_datasets/laion/0_real/qvizqxsbvw.jpg,laion,0,0.5737787876316875
diffusion_datasets/laion/0_real/xpdelxvksw.jpg,laion,0,0.055370026261113224
diffusion_datasets/laion/0_real/gwwimiekeh.jpg,laion,0,0.8679019036000003
diffusion_datasets/laion/0_real/ixykpgtooh.jpg,laion,0,0.022054553865668
diffusion_datasets/laion/0_real/jnifdomopt.jpg,laion,0,0.2954514192805213
diffusion_datasets/laion/0_real/mijuwhirnm.jpg,laion,0,0.5766899338577675
diffusion_datasets/laion/0_real/fiejjmdcwg.jpg,laion,0,0.013572765727556675
diffusion_datasets/laion/0_real/ttfwqkviia.jpg,laion,0,0.08463833867868924
diffusion_datasets/laion/0_real/yinujujzud.jpg,laion,0,0.9500148827058387
diffusion_datasets/laion/0_real/izmzwnwzxb.jpg,laion,0,0.03888011711977707
diffusion_datasets/laion/0_real/dexhjtncni.jpg,laion,0,0.03965685984167762
diffusion_datasets/laion/0_real/texcjvnjug.jpg,laion,0,0.09630679655901342
diffusion_datasets/laion/0_real/gbkfcdebke.jpg,laion,0,0.003966227544546133
diffusion_datasets/laion/0_real/iqruwytkxd.jpg,laion,0,0.03888823276570819
diffusion_datasets/laion/0_real/znwafizosm.jpg,laion,0,1.3508261600064087e-05
diffusion_datasets/laion/0_real/tfubqflahj.jpg,laion,0,0.99329145150538
diffusion_datasets/laion/0_real/lkwvbsljma.jpg,laion,0,8.101667370370507e-05
diffusion_datasets/laion/0_real/jpkbhfmhql.jpg,laion,0,0.39249849345305027
diffusion_datasets/laion/0_real/tfdqevjhtk.jpg,laion,0,0.31360486847577584
diffusion_datasets/laion/0_real/orgateeurw.jpg,laion,0,0.18067832886405896
diffusion_datasets/laion/0_real/kqhrtvmeux.jpg,laion,0,0.9878361779874519
diffusion_datasets/laion/0_real/ciwgbjibcd.jpg,laion,0,0.32090830763011247
diffusion_datasets/laion/0_real/fuqmkbouip.jpg,laion,0,0.36700538990209564
diffusion_datasets/laion/0_real/fnjmysjhqo.jpg,laion,0,0.015980635492683703
diffusion_datasets/laion/0_real/ewspkgvjkv.jpg,laion,0,0.9995735212872953
diffusion_datasets/laion/0_real/sgggkqzghg.jpg,laion,0,0.0027699690036874897
diffusion_datasets/laion/0_real/qaafihkbbk.jpg,laion,0,0.005916134219571672
diffusion_datasets/laion/0_real/kgwpuybmdo.jpg,laion,0,0.5232015910951513
diffusion_datasets/laion/0_real/hiqkigzfrk.jpg,laion,0,0.8133351345356724
diffusion_datasets/laion/0_real/xjsfnrjtst.jpg,laion,0,0.9119800645266316
diffusion_datasets/laion/0_real/apdgetedbs.jpg,laion,0,0.5514833736697197
diffusion_datasets/laion/0_real/gczswsnqpp.jpg,laion,0,0.19370594192741328
diffusion_datasets/laion/0_real/rlzfziqqrd.jpg,laion,0,0.0004707263580980441
diffusion_datasets/laion/0_real/bhlyixirpi.jpg,laion,0,0.002937585364622184
diffusion_datasets/laion/0_real/yytnnkmkun.jpg,laion,0,0.9995753157170099
diffusion_datasets/laion/0_real/cyencgbdne.jpg,laion,0,0.023338878314549096
diffusion_datasets/laion/0_real/fjyemnydtk.jpg,laion,0,0.018031970039784944
diffusion_datasets/laion/0_real/bobirihsmf.jpg,laion,0,0.553357665443218
diffusion_datasets/laion/0_real/clutkoqhvu.jpg,laion,0,0.005835788877024992
diffusion_datasets/laion/0_real/msdsnlzcre.jpg,laion,0,0.8656469751164604
diffusion_datasets/laion/0_real/aieykhstre.jpg,laion,0,0.00454696065602145
diffusion_datasets/laion/0_real/zrifjlbkwb.jpg,laion,0,0.0820116948789748
diffusion_datasets/laion/0_real/yldbjbxfzj.jpg,laion,0,0.9786888017849876
diffusion_datasets/laion/0_real/iwsairnpes.jpg,laion,0,0.0005154878428705925
diffusion_datasets/laion/0_real/utfokfmmbf.jpg,laion,0,0.043192227354447985
diffusion_datasets/laion/0_real/dpsfehmqme.jpg,laion,0,0.07203054906008664
diffusion_datasets/laion/0_real/hhmqvefsdm.jpg,laion,0,0.013693199465576865
diffusion_datasets/laion/0_real/awjhtixyqd.jpg,laion,0,0.8668203960524372
diffusion_datasets/laion/0_real/annkzxvqsz.jpg,laion,0,0.10483083651426231
diffusion_datasets/laion/0_real/gxexzzlcld.jpg,laion,0,0.22484473344626146
diffusion_datasets/laion/0_real/llbqajpkux.jpg,laion,0,0.09782048889010504
diffusion_datasets/laion/0_real/bnhkqppcfl.jpg,laion,0,0.9997133425826606
diffusion_datasets/laion/0_real/uxbgzfafqm.jpg,laion,0,0.016856576071296002
diffusion_datasets/laion/0_real/sxbarbxbis.jpg,laion,0,0.0007588018341487247
diffusion_datasets/laion/0_real/qbannzwxnv.jpg,laion,0,0.9668908788994107
diffusion_datasets/laion/0_real/kkamuhddsi.jpg,laion,0,0.11087657313146987
diffusion_datasets/laion/0_real/pccthywpgs.jpg,laion,0,0.9791229699969356
diffusion_datasets/laion/0_real/yimxruvwud.jpg,laion,0,0.020390656979770258
diffusion_datasets/laion/0_real/ducatuyxdz.jpg,laion,0,0.2657135741464238
diffusion_datasets/laion/0_real/ewldxwaqfh.jpg,laion,0,0.32850863740784286
diffusion_datasets/laion/0_real/djtbqkzsak.jpg,laion,0,0.014551059195211167
diffusion_datasets/laion/0_real/gmeufzjqxw.jpg,laion,0,0.8121471267188695
diffusion_datasets/laion/0_real/svpwqjhjbu.jpg,laion,0,3.20923042745831e-05
diffusion_datasets/laion/0_real/hmasnickhh.jpg,laion,0,0.34833274534953407
diffusion_datasets/laion/0_real/kysxvylzkk.jpg,laion,0,0.9057256244533396
diffusion_datasets/laion/0_real/lzletadhdl.jpg,laion,0,0.9041558208745075
diffusion_datasets/laion/0_real/afwwethmvf.jpg,laion,0,0.8047341855446609
diffusion_datasets/laion/0_real/znxaufdjpv.jpg,laion,0,0.007211416516672588
diffusion_datasets/laion/0_real/slrtleyncm.jpg,laion,0,0.05832126181637487
diffusion_datasets/laion/0_real/hnihvkmnje.jpg,laion,0,0.00021534827188708
diffusion_datasets/laion/0_real/qhnjseyjbw.jpg,laion,0,0.7013143268266777
diffusion_datasets/laion/0_real/gufjiiwgrf.jpg,laion,0,0.02867567024466802
diffusion_datasets/laion/0_real/hnsubaglth.jpg,laion,0,0.45012011875736707
diffusion_datasets/laion/0_real/ivvevnakub.jpg,laion,0,0.05697880156913557
diffusion_datasets/laion/0_real/aaksjqrtil.jpg,laion,0,0.7804836650919559
diffusion_datasets/laion/0_real/nhmcszkgcq.jpg,laion,0,0.01448265654427811
diffusion_datasets/laion/0_real/attqnlwqgz.jpg,laion,0,0.8523556993398588
diffusion_datasets/laion/0_real/tbganwxklb.jpg,laion,0,0.12520552802631893
diffusion_datasets/laion/0_real/kpzyfbuxhi.jpg,laion,0,0.9561991246531325
diffusion_datasets/laion/0_real/snjzonvpow.jpg,laion,0,0.07101646345724176
diffusion_datasets/laion/0_real/vkjmgldjai.jpg,laion,0,0.000436640710927531
diffusion_datasets/laion/0_real/osigoexsbv.jpg,laion,0,0.6842694584887181
diffusion_datasets/laion/0_real/ascyfbgfmn.jpg,laion,0,0.04955978303805337
diffusion_datasets/laion/0_real/hxayxhqfnz.jpg,laion,0,0.2556777846081042
diffusion_datasets/laion/0_real/vmouwpueqp.jpg,laion,0,0.9382578437330797
diffusion_datasets/laion/0_real/ajldduomvc.jpg,laion,0,0.0026765174787943217
diffusion_datasets/laion/0_real/cmuzaenxtt.jpg,laion,0,0.2174308936140321
diffusion_datasets/laion/0_real/mszjipjvvf.jpg,laion,0,0.017335369927215866
diffusion_datasets/laion/0_real/qhuylytsyy.jpg,laion,0,0.0181827107297669
diffusion_datasets/laion/0_real/omsyxrsufp.jpg,laion,0,0.9750290539632626
diffusion_datasets/laion/0_real/jgyprvacek.jpg,laion,0,0.3967412502142546
diffusion_datasets/laion/0_real/pirwlvliku.jpg,laion,0,0.9954398049572941
diffusion_datasets/laion/0_real/eltlpjgnai.jpg,laion,0,2.6760496587078103e-05
diffusion_datasets/laion/0_real/xphjlaxygh.jpg,laion,0,0.9959105105440783
diffusion_datasets/laion/0_real/vsoitgrurd.jpg,laion,0,0.6257925327037392
diffusion_datasets/laion/0_real/hdtfurantf.jpg,laion,0,0.015927734028455754
diffusion_datasets/laion/0_real/jtprghimeh.jpg,laion,0,0.019443748771434424
diffusion_datasets/laion/0_real/iuwybjqiha.jpg,laion,0,0.007296201163817682
diffusion_datasets/laion/0_real/iojhamvzyv.jpg,laion,0,0.2799534707969824
diffusion_datasets/laion/0_real/vipmyyceny.jpg,laion,0,0.0020695080096421216
diffusion_datasets/laion/0_real/hhlwjuqsbz.jpg,laion,0,0.07065339704300011
diffusion_datasets/laion/0_real/sxbfuikltb.jpg,laion,0,0.006442243355282825
diffusion_datasets/laion/0_real/xjokdvoxpk.jpg,laion,0,0.033205394456219235
diffusion_datasets/laion/0_real/yxdmgabgrh.jpg,laion,0,0.5600774777402823
diffusion_datasets/laion/0_real/nnuuhindgj.jpg,laion,0,0.6338509040982208
diffusion_datasets/laion/0_real/temvvnfwvq.jpg,laion,0,0.07301416809427733
diffusion_datasets/laion/0_real/tzgkmgcgjt.jpg,laion,0,0.6924812906868438
diffusion_datasets/laion/0_real/ovuipynpix.jpg,laion,0,0.29498486983906713
diffusion_datasets/laion/0_real/nvsdiqcxdc.jpg,laion,0,0.988055127613594
diffusion_datasets/laion/0_real/cubclpdlyb.jpg,laion,0,0.010684119053401388
diffusion_datasets/laion/0_real/dbifuulczh.jpg,laion,0,0.015118925555261887
diffusion_datasets/laion/0_real/ikesdclcne.jpg,laion,0,0.0030302588238523844
diffusion_datasets/laion/0_real/devyzpyxmr.jpg,laion,0,0.9620481014030535
diffusion_datasets/laion/0_real/paozbcurkw.jpg,laion,0,0.07498046010852998
diffusion_datasets/laion/0_real/vitzpaholy.jpg,laion,0,0.0710393249415187
diffusion_datasets/laion/0_real/nrqrcqxudf.jpg,laion,0,0.8843861175914051
diffusion_datasets/laion/0_real/gpwdhgxzbq.jpg,laion,0,0.8931780427420379
diffusion_datasets/laion/0_real/vwrsjumkmz.jpg,laion,0,0.013931731928532712
diffusion_datasets/laion/0_real/tgihtkfpyi.jpg,laion,0,0.01559408306146236
diffusion_datasets/laion/0_real/hajmuavfdr.jpg,laion,0,0.8976151583044345
diffusion_datasets/laion/0_real/cciqgyfbnw.jpg,laion,0,8.099121880781654e-05
diffusion_datasets/laion/0_real/gbmtgdhzrx.jpg,laion,0,0.0077561491277228466
diffusion_datasets/laion/0_real/wkkhoodytf.jpg,laion,0,0.21502305236261723
diffusion_datasets/laion/0_real/uqgovdwcrr.jpg,laion,0,0.003943375461425639
diffusion_datasets/laion/0_real/stnicrfcsk.jpg,laion,0,0.00010550117619217687
diffusion_datasets/laion/0_real/hbdtraluzp.jpg,laion,0,3.839436320934769e-05
diffusion_datasets/laion/0_real/zchftlmgnh.jpg,laion,0,0.03162836019103124
diffusion_datasets/laion/0_real/jsytpmwrvb.jpg,laion,0,0.4752929958915702
diffusion_datasets/laion/0_real/gcenmxpfnz.jpg,laion,0,0.004910829704504848
diffusion_datasets/laion/0_real/mfoxhwrofa.jpg,laion,0,0.8727956717368112
diffusion_datasets/laion/0_real/xfblvcbesb.jpg,laion,0,0.9937322931863409
diffusion_datasets/laion/0_real/izuqfuuvtc.jpg,laion,0,0.6591784202716727
diffusion_datasets/laion/0_real/arfbiucpar.jpg,laion,0,0.7248032231287983
diffusion_datasets/laion/0_real/figfzyfhkt.jpg,laion,0,0.29485153276974935
diffusion_datasets/laion/0_real/jsozceeudr.jpg,laion,0,0.07234497079746392
diffusion_datasets/laion/0_real/jvfamsvrme.jpg,laion,0,0.09136715750211813
diffusion_datasets/laion/0_real/hxyxqnzbzd.jpg,laion,0,0.7064853709632504
diffusion_datasets/laion/0_real/psvhorutyv.jpg,laion,0,0.0066977028059698115
diffusion_datasets/laion/0_real/owwrkfwvmg.jpg,laion,0,0.020645480527466075
diffusion_datasets/laion/0_real/bbmeviacjm.jpg,laion,0,0.7765562811569224
diffusion_datasets/laion/0_real/hsweljupee.jpg,laion,0,0.8852211386643052
diffusion_datasets/laion/0_real/ywhajfzors.jpg,laion,0,0.010959621002629828
diffusion_datasets/laion/0_real/hjshyxnjca.jpg,laion,0,0.988918512946588
diffusion_datasets/laion/0_real/vofhkesmtv.jpg,laion,0,0.97911818137668
diffusion_datasets/laion/0_real/bfczagsxfw.jpg,laion,0,0.4407116697577179
diffusion_datasets/laion/0_real/touiowfclv.jpg,laion,0,0.03457075797922963
diffusion_datasets/laion/0_real/asxtxajrfc.jpg,laion,0,0.003404851913720348
diffusion_datasets/laion/0_real/wynbrdoyde.jpg,laion,0,0.12066252803905932
diffusion_datasets/laion/0_real/jhnbcswvmq.jpg,laion,0,0.2782224044738224
diffusion_datasets/laion/0_real/gzmbdszeyt.jpg,laion,0,0.4374267372021108
diffusion_datasets/laion/0_real/qpjsgmteke.jpg,laion,0,0.2810698461250727
diffusion_datasets/laion/0_real/qvxgfrmtjl.jpg,laion,0,0.1516290496511192
diffusion_datasets/laion/0_real/lmbvfedfye.jpg,laion,0,0.016809935755016277
diffusion_datasets/laion/0_real/arjjdokwee.jpg,laion,0,5.115343137719019e-05
diffusion_datasets/laion/0_real/wbcncldemw.jpg,laion,0,0.24624301713191352
diffusion_datasets/laion/0_real/mizxozzqsb.jpg,laion,0,0.6424676301106448
diffusion_datasets/laion/0_real/rzvoxvfpaz.jpg,laion,0,3.374453410204439e-05
diffusion_datasets/laion/0_real/jrdflpqmct.jpg,laion,0,0.9129402719268884
diffusion_datasets/laion/0_real/qlhvuhhqol.jpg,laion,0,0.26909617134929026
diffusion_datasets/laion/0_real/eaesoxacae.jpg,laion,0,0.016794489709453
diffusion_datasets/laion/0_real/gxvvzagtkn.jpg,laion,0,0.9337802293281833
diffusion_datasets/laion/0_real/bjipeebzgu.jpg,laion,0,4.531588907390128e-05
diffusion_datasets/laion/0_real/wrplkwvjrk.jpg,laion,0,0.9500123799433008
diffusion_datasets/laion/0_real/hzrxscnjew.jpg,laion,0,0.001096996165065066
diffusion_datasets/laion/0_real/clnogwmxno.jpg,laion,0,0.6220113079311335
diffusion_datasets/laion/0_real/jbsbxfrewb.jpg,laion,0,0.8770202149741976
diffusion_datasets/laion/0_real/aujwkgbadp.jpg,laion,0,0.9234872991772543
diffusion_datasets/laion/0_real/nfysclasrr.jpg,laion,0,0.00035066357842777294
diffusion_datasets/laion/0_real/iqijagswok.jpg,laion,0,0.7530312999010114
diffusion_datasets/laion/0_real/qtwdrpnjgz.jpg,laion,0,0.012514977799948123
diffusion_datasets/ldm_200/1_fake/kszghluqlw.png,ldm_200,1,0.9637517426865851
diffusion_datasets/ldm_200/1_fake/pirwlvliku.png,ldm_200,1,0.2734260706519667
diffusion_datasets/ldm_200/1_fake/bxfbgvlfqu.png,ldm_200,1,0.9506808564256376
diffusion_datasets/ldm_200/1_fake/ywjlbpxbjz.png,ldm_200,1,0.9914740197154255
diffusion_datasets/ldm_200/1_fake/yvwtaordyd.png,ldm_200,1,0.9961767001711527
diffusion_datasets/ldm_200/1_fake/ofgvdkgdnd.png,ldm_200,1,0.9906607973418144
diffusion_datasets/ldm_200/1_fake/vqrdytkinp.png,ldm_200,1,0.2291835448966883
diffusion_datasets/ldm_200/1_fake/vutxbsgjsz.png,ldm_200,1,0.2557039744062522
diffusion_datasets/ldm_200/1_fake/wzdhwjmvgy.png,ldm_200,1,0.9977499833829662
diffusion_datasets/ldm_200/1_fake/rprdsmygod.png,ldm_200,1,0.013207467196740659
diffusion_datasets/ldm_200/1_fake/rzrzcujvqg.png,ldm_200,1,0.9871250767282713
diffusion_datasets/ldm_200/1_fake/vmouwpueqp.png,ldm_200,1,0.23099634012211798
diffusion_datasets/ldm_200/1_fake/eelzocmtws.png,ldm_200,1,0.9998565519449579
diffusion_datasets/ldm_200/1_fake/jhcimomcij.png,ldm_200,1,0.0016715813351441393
diffusion_datasets/ldm_200/1_fake/alzrdyourf.png,ldm_200,1,0.7414403382911797
diffusion_datasets/ldm_200/1_fake/bicflvshvw.png,ldm_200,1,0.9695338139702534
diffusion_datasets/ldm_200/1_fake/hptzommwzk.png,ldm_200,1,0.9660776630616846
diffusion_datasets/ldm_200/1_fake/ivvevnakub.png,ldm_200,1,0.29330176562218974
diffusion_datasets/ldm_200/1_fake/fjjzjquuqt.png,ldm_200,1,0.999802793894546
diffusion_datasets/ldm_200/1_fake/smmiazxocc.png,ldm_200,1,0.3928230660219564
diffusion_datasets/ldm_200/1_fake/cubsnkbrrm.png,ldm_200,1,0.38704157547058626
diffusion_datasets/ldm_200/1_fake/tnxiofobrb.png,ldm_200,1,0.9146161662135756
diffusion_datasets/ldm_200/1_fake/vmrobijbmc.png,ldm_200,1,0.06152588161835587
diffusion_datasets/ldm_200/1_fake/iqiospmdok.png,ldm_200,1,0.5034296899058629
diffusion_datasets/ldm_200/1_fake/gayjhkcdkw.png,ldm_200,1,0.8395619713668888
diffusion_datasets/ldm_200/1_fake/rpwhvvwxag.png,ldm_200,1,0.3283873307505408
diffusion_datasets/ldm_200/1_fake/wketmynlnj.png,ldm_200,1,0.8759345118402628
diffusion_datasets/ldm_200/1_fake/vsivgpmche.png,ldm_200,1,0.2770709465430984
diffusion_datasets/ldm_200/1_fake/oqgbxaotgn.png,ldm_200,1,0.0060408365077470084
diffusion_datasets/ldm_200/1_fake/orgateeurw.png,ldm_200,1,0.978556370544934
diffusion_datasets/ldm_200/1_fake/fgizsruyxb.png,ldm_200,1,0.2870765446305483
diffusion_datasets/ldm_200/1_fake/ftmhbluvwz.png,ldm_200,1,0.15704878202176226
diffusion_datasets/ldm_200/1_fake/temvvnfwvq.png,ldm_200,1,0.7081779805982822
diffusion_datasets/ldm_200/1_fake/kzaxlmhpyk.png,ldm_200,1,0.9867178811635233
diffusion_datasets/ldm_200/1_fake/mtftroydhh.png,ldm_200,1,0.9262270510748167
diffusion_datasets/ldm_200/1_fake/yaaqlxnzhi.png,ldm_200,1,0.018498797859725396
diffusion_datasets/ldm_200/1_fake/cyencgbdne.png,ldm_200,1,0.10913404851456282
diffusion_datasets/ldm_200/1_fake/crwemtqnoq.png,ldm_200,1,0.5562952529787301
diffusion_datasets/ldm_200/1_fake/bbupregfhp.png,ldm_200,1,0.002301263682390448
diffusion_datasets/ldm_200/1_fake/uqyyhogjkx.png,ldm_200,1,0.5834099777812537
diffusion_datasets/ldm_200/1_fake/pekxwkfhua.png,ldm_200,1,0.9335573714890051
diffusion_datasets/ldm_200/1_fake/dwgrruvbsz.png,ldm_200,1,0.9952584124787793
diffusion_datasets/ldm_200/1_fake/pjvqcnpfqy.png,ldm_200,1,0.6040082159367103
diffusion_datasets/ldm_200/1_fake/xiubxgyhcs.png,ldm_200,1,0.988599413859552
diffusion_datasets/ldm_200/1_fake/ouirlfwsyx.png,ldm_200,1,0.8407255407024316
diffusion_datasets/ldm_200/1_fake/vpruwhsipu.png,ldm_200,1,0.7550845707437861
diffusion_datasets/ldm_200/1_fake/imkvcjrnck.png,ldm_200,1,0.9449499129707561
diffusion_datasets/ldm_200/1_fake/newahshtuc.png,ldm_200,1,0.0003855751032577673
diffusion_datasets/ldm_200/1_fake/aociqzuesd.png,ldm_200,1,0.7437102893403186
diffusion_datasets/ldm_200/1_fake/hhhwzgcieg.png,ldm_200,1,0.9835966018845865
diffusion_datasets/ldm_200/1_fake/utfokfmmbf.png,ldm_200,1,0.6742195459622907
diffusion_datasets/ldm_200/1_fake/shkxdbeqpn.png,ldm_200,1,0.9939745445189211
diffusion_datasets/ldm_200/1_fake/titltoewou.png,ldm_200,1,0.00721149687336609
diffusion_datasets/ldm_200/1_fake/kxyebvmqsl.png,ldm_200,1,0.9943230502811606
diffusion_datasets/ldm_200/1_fake/eoacigirrk.png,ldm_200,1,0.9952705149133116
diffusion_datasets/ldm_200/1_fake/bxoicyhddk.png,ldm_200,1,0.9371083122279016
diffusion_datasets/ldm_200/1_fake/xoxubdjnhe.png,ldm_200,1,0.19649094572235945
diffusion_datasets/ldm_200/1_fake/pfvgbusewt.png,ldm_200,1,0.8635754683562586
diffusion_datasets/ldm_200/1_fake/cxjsjqusph.png,ldm_200,1,0.9661252240924866
diffusion_datasets/ldm_200/1_fake/hpmppyffov.png,ldm_200,1,0.90681143538621
diffusion_datasets/ldm_200/1_fake/mkkaiicgks.png,ldm_200,1,0.25305212097571483
diffusion_datasets/ldm_200/1_fake/ftojusbwcq.png,ldm_200,1,0.4069766203050337
diffusion_datasets/ldm_200/1_fake/uzjbonpwla.png,ldm_200,1,0.6670164030021628
diffusion_datasets/ldm_200/1_fake/clnogwmxno.png,ldm_200,1,0.32236379991130804
diffusion_datasets/ldm_200/1_fake/ynescstwdk.png,ldm_200,1,0.9481001295235231
diffusion_datasets/ldm_200/1_fake/vwsjebonhl.png,ldm_200,1,0.11081515425076034
diffusion_datasets/ldm_200/1_fake/sbuowwvzjw.png,ldm_200,1,0.9928232284763279
diffusion_datasets/ldm_200/1_fake/hectwezedz.png,ldm_200,1,0.7844389288804607
diffusion_datasets/ldm_200/1_fake/dimuqznulw.png,ldm_200,1,0.9784190544547788
diffusion_datasets/ldm_200/1_fake/myjibkfcjw.png,ldm_200,1,0.019474522142925582
diffusion_datasets/ldm_200/1_fake/vwkbynfcdl.png,ldm_200,1,0.9994624844658493
diffusion_datasets/ldm_200/1_fake/bjipeebzgu.png,ldm_200,1,0.07269463152983445
diffusion_datasets/ldm_200/1_fake/gsjragxgrg.png,ldm_200,1,0.14258383794273785
diffusion_datasets/ldm_200/1_fake/yfnrrhachx.png,ldm_200,1,0.73181179185648
diffusion_datasets/ldm_200/1_fake/fuqmkbouip.png,ldm_200,1,0.9988429069757833
diffusion_datasets/ldm_200/1_fake/usrafpawra.png,ldm_200,1,0.6651209692589504
diffusion_datasets/ldm_200/1_fake/llaiteusmv.png,ldm_200,1,0.011595344195974142
diffusion_datasets/ldm_200/1_fake/zdteumqsqf.png,ldm_200,1,0.04817823108571179
diffusion_datasets/ldm_200/1_fake/wipphellrw.png,ldm_200,1,0.9996987838586134
diffusion_datasets/ldm_200/1_fake/aadlygmazf.png,ldm_200,1,0.4450064934159987
diffusion_datasets/ldm_200/1_fake/cspmbvyjpm.png,ldm_200,1,0.9904950232097609
diffusion_datasets/ldm_200/1_fake/kwqbkshqjn.png,ldm_200,1,0.8363679450098541
diffusion_datasets/ldm_200/1_fake/kiimhjeatg.png,ldm_200,1,0.9233722605323574
diffusion_datasets/ldm_200/1_fake/kkqnltzvmr.png,ldm_200,1,0.03813615806698539
diffusion_datasets/ldm_200/1_fake/bzuoezatge.png,ldm_200,1,0.07048692594108905
diffusion_datasets/ldm_200/1_fake/dpsfehmqme.png,ldm_200,1,0.995806722111389
diffusion_datasets/ldm_200/1_fake/ppufoaihkk.png,ldm_200,1,0.2715012698264587
diffusion_datasets/ldm_200/1_fake/xdpqtpwyiz.png,ldm_200,1,0.9783847770512951
diffusion_datasets/ldm_200/1_fake/nhmoimaaqz.png,ldm_200,1,0.030618292604096372
diffusion_datasets/ldm_200/1_fake/ccbrpvitlb.png,ldm_200,1,0.5624271105217603
diffusion_datasets/ldm_200/1_fake/rsekavebcp.png,ldm_200,1,0.9935259187572093
diffusion_datasets/ldm_200/1_fake/mbkwfjqeay.png,ldm_200,1,0.2927862704210227
diffusion_datasets/ldm_200/1_fake/hisyohahzi.png,ldm_200,1,0.9934581207125331
diffusion_datasets/ldm_200/1_fake/xvrgnnvmdu.png,ldm_200,1,0.3305496127615185
diffusion_datasets/ldm_200/1_fake/figfzyfhkt.png,ldm_200,1,0.9955833476894665
diffusion_datasets/ldm_200/1_fake/drnfeijjlp.png,ldm_200,1,0.9912801041683034
diffusion_datasets/ldm_200/1_fake/gropzgdcno.png,ldm_200,1,0.9974573400042746
diffusion_datasets/ldm_200/1_fake/ywhajfzors.png,ldm_200,1,0.5237071359338319
diffusion_datasets/ldm_200/1_fake/qtwdrpnjgz.png,ldm_200,1,0.9973420262070478
diffusion_datasets/ldm_200/1_fake/ajefhvvxek.png,ldm_200,1,0.026855066885161764
diffusion_datasets/ldm_200/1_fake/bqeilhkbun.png,ldm_200,1,0.788862585338541
diffusion_datasets/ldm_200/1_fake/qyjvmgdrmq.png,ldm_200,1,0.9693704223012249
diffusion_datasets/ldm_200/1_fake/bbsnktsonl.png,ldm_200,1,0.6686957743678416
diffusion_datasets/ldm_200/1_fake/sevosnzutr.png,ldm_200,1,0.9934763822911375
diffusion_datasets/ldm_200/1_fake/npgjxoaxcz.png,ldm_200,1,0.9987231551368076
diffusion_datasets/ldm_200/1_fake/jnifdomopt.png,ldm_200,1,0.979521830731812
diffusion_datasets/ldm_200/1_fake/jgyprvacek.png,ldm_200,1,0.422696316005935
diffusion_datasets/ldm_200/1_fake/jzcptodnmr.png,ldm_200,1,0.918416834422829
diffusion_datasets/ldm_200/1_fake/vwklacfxmw.png,ldm_200,1,0.35384528447460856
diffusion_datasets/ldm_200/1_fake/bbdiioaqyn.png,ldm_200,1,0.0037000517218295555
diffusion_datasets/ldm_200/1_fake/nejpnuzhor.png,ldm_200,1,0.9182941144253854
diffusion_datasets/ldm_200/1_fake/umnlmiykjp.png,ldm_200,1,0.19694143554379676
diffusion_datasets/ldm_200/1_fake/cpyrataump.png,ldm_200,1,0.03010310324723727
diffusion_datasets/ldm_200/1_fake/awjhtixyqd.png,ldm_200,1,0.8800526530110128
diffusion_datasets/ldm_200/1_fake/qsndeimedb.png,ldm_200,1,0.026492517101363498
diffusion_datasets/ldm_200/1_fake/sltdkynkrd.png,ldm_200,1,0.9999495411751587
diffusion_datasets/ldm_200/1_fake/kysxvylzkk.png,ldm_200,1,0.9005435506483798
diffusion_datasets/ldm_200/1_fake/jmqnijkden.png,ldm_200,1,0.9001372122644109
diffusion_datasets/ldm_200/1_fake/bxmsmmxizq.png,ldm_200,1,0.7485851989346852
diffusion_datasets/ldm_200/1_fake/iibymqusjk.png,ldm_200,1,0.05929218688694004
diffusion_datasets/ldm_200/1_fake/xhhbffrquk.png,ldm_200,1,0.8335823197610476
diffusion_datasets/ldm_200/1_fake/jezlovnknx.png,ldm_200,1,0.9944570016850569
diffusion_datasets/ldm_200/1_fake/siheeokstl.png,ldm_200,1,0.9913618661066705
diffusion_datasets/ldm_200/1_fake/ygbcaqrvep.png,ldm_200,1,0.9960316339306495
diffusion_datasets/ldm_200/1_fake/yxdmgabgrh.png,ldm_200,1,0.5025875649843317
diffusion_datasets/ldm_200/1_fake/bvbspxdfxz.png,ldm_200,1,0.14001283068699533
diffusion_datasets/ldm_200/1_fake/qsuodtmksx.png,ldm_200,1,0.9938066878671461
diffusion_datasets/ldm_200/1_fake/jdoqiuxxvj.png,ldm_200,1,0.09208371082120921
diffusion_datasets/ldm_200/1_fake/lakovwneny.png,ldm_200,1,0.9874428511786969
diffusion_datasets/ldm_200/1_fake/rdudakwwfl.png,ldm_200,1,0.8609223944465244
diffusion_datasets/ldm_200/1_fake/sxbarbxbis.png,ldm_200,1,0.8626315883193605
diffusion_datasets/ldm_200/1_fake/qwawgjhkcz.png,ldm_200,1,0.9670216669902657
diffusion_datasets/ldm_200/1_fake/nhlvajciai.png,ldm_200,1,0.995017171582867
diffusion_datasets/ldm_200/1_fake/nhcqvlreou.png,ldm_200,1,0.6439263243292391
diffusion_datasets/ldm_200/1_fake/wsbyyiugsn.png,ldm_200,1,0.9547862325151101
diffusion_datasets/ldm_200/1_fake/eayzvzrytx.png,ldm_200,1,0.4217453742577106
diffusion_datasets/ldm_200/1_fake/vjkzbfozoo.png,ldm_200,1,0.9914058925211593
diffusion_datasets/ldm_200/1_fake/hjovhnpjdf.png,ldm_200,1,0.9697740726874974
diffusion_datasets/ldm_200/1_fake/fcgojsqxhw.png,ldm_200,1,0.9926296655167359
diffusion_datasets/ldm_200/1_fake/panagqebev.png,ldm_200,1,0.7365434664977164
diffusion_datasets/ldm_200/1_fake/vfhdjmajxv.png,ldm_200,1,0.3887029348974322
diffusion_datasets/ldm_200/1_fake/ivswfntzwh.png,ldm_200,1,0.09650123400500407
diffusion_datasets/ldm_200/1_fake/cmuzaenxtt.png,ldm_200,1,0.9473841617195632
diffusion_datasets/ldm_200/1_fake/gczswsnqpp.png,ldm_200,1,0.033579995611450766
diffusion_datasets/ldm_200/1_fake/oertmmpfuq.png,ldm_200,1,0.5677455268114302
diffusion_datasets/ldm_200/1_fake/sxbfuikltb.png,ldm_200,1,0.9997996384231626
diffusion_datasets/ldm_200/1_fake/pbblbgdzjz.png,ldm_200,1,0.7904907046024015
diffusion_datasets/ldm_200/1_fake/qtlexhtorg.png,ldm_200,1,0.9325371784985325
diffusion_datasets/ldm_200/1_fake/hxyxqnzbzd.png,ldm_200,1,0.8587782074712073
diffusion_datasets/ldm_200/1_fake/jezexlfhiq.png,ldm_200,1,0.6022315486502167
diffusion_datasets/ldm_200/1_fake/oxkzwdrxay.png,ldm_200,1,0.06010835482348038
diffusion_datasets/ldm_200/1_fake/fxxzogdrnu.png,ldm_200,1,0.008920071520609406
diffusion_datasets/ldm_200/1_fake/tgzykjsqqa.png,ldm_200,1,0.9711876842281663
diffusion_datasets/ldm_200/1_fake/pcwvbmjrea.png,ldm_200,1,0.6754437111400943
diffusion_datasets/ldm_200/1_fake/owymrcrmoo.png,ldm_200,1,0.9769276546534525
diffusion_datasets/ldm_200/1_fake/aowpbzokmp.png,ldm_200,1,0.7592686168005045
diffusion_datasets/ldm_200/1_fake/wrplkwvjrk.png,ldm_200,1,0.9968199110048045
diffusion_datasets/ldm_200/1_fake/mtclcgxdyh.png,ldm_200,1,0.22351603968520864
diffusion_datasets/ldm_200/1_fake/xnesojheqr.png,ldm_200,1,0.5102741208800463
diffusion_datasets/ldm_200/1_fake/yxyqoryjpu.png,ldm_200,1,0.9566431720683288
diffusion_datasets/ldm_200/1_fake/yecvsijdsn.png,ldm_200,1,0.9116230996282781
diffusion_datasets/ldm_200/1_fake/xvulqfblsf.png,ldm_200,1,0.9559749427887111
diffusion_datasets/ldm_200/1_fake/annkzxvqsz.png,ldm_200,1,0.8772133526719584
diffusion_datasets/ldm_200/1_fake/niehixqsig.png,ldm_200,1,0.9961303060829955
diffusion_datasets/ldm_200/1_fake/tptqwsoovh.png,ldm_200,1,0.04035394783355832
diffusion_datasets/ldm_200/1_fake/zxaydtvcbx.png,ldm_200,1,0.014407320800497685
diffusion_datasets/ldm_200/1_fake/iuwybjqiha.png,ldm_200,1,0.6116053414166078
diffusion_datasets/ldm_200/1_fake/qaafihkbbk.png,ldm_200,1,0.8882526314122694
diffusion_datasets/ldm_200/1_fake/vocoamkcza.png,ldm_200,1,0.35678359646203434
diffusion_datasets/ldm_200/1_fake/likeehktbp.png,ldm_200,1,0.15920135142852776
diffusion_datasets/ldm_200/1_fake/eqtzpzsbnp.png,ldm_200,1,0.9910684542607555
diffusion_datasets/ldm_200/1_fake/iqruwytkxd.png,ldm_200,1,0.03886507555849688
diffusion_datasets/ldm_200/1_fake/sgnnltafbd.png,ldm_200,1,0.8839855488743629
diffusion_datasets/ldm_200/1_fake/qtpttlawjz.png,ldm_200,1,0.025664309370764676
diffusion_datasets/ldm_200/1_fake/xfhgbduucl.png,ldm_200,1,0.5021093414696125
diffusion_datasets/ldm_200/1_fake/mfoxhwrofa.png,ldm_200,1,0.9934806568944401
diffusion_datasets/ldm_200/1_fake/mbtqfbwlry.png,ldm_200,1,0.9667333283965317
diffusion_datasets/ldm_200/1_fake/ftobdflmuz.png,ldm_200,1,0.0006344265694998704
diffusion_datasets/ldm_200/1_fake/mfmhhrlxuy.png,ldm_200,1,0.9975269186774928
diffusion_datasets/ldm_200/1_fake/xqyjzhnfqu.png,ldm_200,1,0.9932634674993586
diffusion_datasets/ldm_200/1_fake/qpjsgmteke.png,ldm_200,1,0.030679800969959894
diffusion_datasets/ldm_200/1_fake/txviitvyvk.png,ldm_200,1,0.9144233656345804
diffusion_datasets/ldm_200/1_fake/sinwhncecv.png,ldm_200,1,0.017324126148120476
diffusion_datasets/ldm_200/1_fake/qgxnqynxwh.png,ldm_200,1,0.9544754586521002
diffusion_datasets/ldm_200/1_fake/njslnjximf.png,ldm_200,1,0.8978378365923195
diffusion_datasets/ldm_200/1_fake/ewspkgvjkv.png,ldm_200,1,0.7187971115115965
diffusion_datasets/ldm_200/1_fake/ciwgbjibcd.png,ldm_200,1,0.0234673305235508
diffusion_datasets/ldm_200/1_fake/smdvfqmevj.png,ldm_200,1,0.91566001093842
diffusion_datasets/ldm_200/1_fake/spuypppvyh.png,ldm_200,1,0.9884570162950126
diffusion_datasets/ldm_200/1_fake/yatxnhyhyw.png,ldm_200,1,0.9801673715331561
diffusion_datasets/ldm_200/1_fake/llmwutwhbl.png,ldm_200,1,0.97958448150735
diffusion_datasets/ldm_200/1_fake/vrwfguctin.png,ldm_200,1,0.47060582214521546
diffusion_datasets/ldm_200/1_fake/uesrfqrmys.png,ldm_200,1,0.9803806294976257
diffusion_datasets/ldm_200/1_fake/muszivpifs.png,ldm_200,1,0.8015136019555411
diffusion_datasets/ldm_200/1_fake/zdqmadvhbl.png,ldm_200,1,0.992280602860719
diffusion_datasets/ldm_200/1_fake/mzwodmlccu.png,ldm_200,1,0.7726599497436296
diffusion_datasets/ldm_200/1_fake/ikesdclcne.png,ldm_200,1,0.04489184212548096
diffusion_datasets/ldm_200/1_fake/wcuupgwotu.png,ldm_200,1,0.835153120090917
diffusion_datasets/ldm_200/1_fake/kgmqyotoqo.png,ldm_200,1,0.9994642542959178
diffusion_datasets/ldm_200/1_fake/ixykpgtooh.png,ldm_200,1,0.9744468653052071
diffusion_datasets/ldm_200/1_fake/tgkezflbjz.png,ldm_200,1,0.9384328825372265
diffusion_datasets/ldm_200/1_fake/lmbvfedfye.png,ldm_200,1,0.9958252407678676
diffusion_datasets/ldm_200/1_fake/gfdekurnbz.png,ldm_200,1,0.3548751221217581
diffusion_datasets/ldm_200/1_fake/rtbrwgwkho.png,ldm_200,1,0.04675535824112245
diffusion_datasets/ldm_200/1_fake/splerbaidx.png,ldm_200,1,0.3580500723167439
diffusion_datasets/ldm_200/1_fake/wekyyrslyw.png,ldm_200,1,0.5773744173017799
diffusion_datasets/ldm_200/1_fake/kqmbpossfq.png,ldm_200,1,0.0016121634205156865
diffusion_datasets/ldm_200/1_fake/fwqtzyeait.png,ldm_200,1,0.8992172856820605
diffusion_datasets/ldm_200/1_fake/rlarzjlvnd.png,ldm_200,1,0.938452728572015
diffusion_datasets/ldm_200/1_fake/adizyjvxam.png,ldm_200,1,0.32557983251215045
diffusion_datasets/ldm_200/1_fake/jbteyioohc.png,ldm_200,1,0.5108735971894668
diffusion_datasets/ldm_200/1_fake/fihznganle.png,ldm_200,1,0.030535176654664566
diffusion_datasets/ldm_200/1_fake/krqkilakxw.png,ldm_200,1,0.26734020314617263
diffusion_datasets/ldm_200/1_fake/ascyfbgfmn.png,ldm_200,1,0.9833793886872046
diffusion_datasets/ldm_200/1_fake/wtzwjbopzy.png,ldm_200,1,0.38470571890120614
diffusion_datasets/ldm_200/1_fake/izuqfuuvtc.png,ldm_200,1,0.9995005303797603
diffusion_datasets/ldm_200/1_fake/crzzjqmtan.png,ldm_200,1,0.030533551523992498
diffusion_datasets/ldm_200/1_fake/kobditubhr.png,ldm_200,1,0.13994621127290288
diffusion_datasets/ldm_200/1_fake/nypkpjmzri.png,ldm_200,1,0.9990369866855148
diffusion_datasets/ldm_200/1_fake/nrzbgujfll.png,ldm_200,1,0.5681956443344214
diffusion_datasets/ldm_200/1_fake/pptvyzosrk.png,ldm_200,1,0.9118522785796335
diffusion_datasets/ldm_200/1_fake/gwwimiekeh.png,ldm_200,1,0.9937553687976711
diffusion_datasets/ldm_200/1_fake/gxvvzagtkn.png,ldm_200,1,0.9804877585941657
diffusion_datasets/ldm_200/1_fake/jrzuxwwxsh.png,ldm_200,1,0.9824445441048623
diffusion_datasets/ldm_200/1_fake/llbqajpkux.png,ldm_200,1,0.981749081952218
diffusion_datasets/ldm_200/1_fake/psosqfwlqc.png,ldm_200,1,0.963326336387509
diffusion_datasets/ldm_200/1_fake/ddeuvxknie.png,ldm_200,1,0.21377412160797335
diffusion_datasets/ldm_200/1_fake/fegqolkrls.png,ldm_200,1,0.28942289397888976
diffusion_datasets/ldm_200/1_fake/vcuznpgkuo.png,ldm_200,1,0.9999910290350418
diffusion_datasets/ldm_200/1_fake/hjshyxnjca.png,ldm_200,1,0.9673095044577062
diffusion_datasets/ldm_200/1_fake/iwkrlrqsbn.png,ldm_200,1,0.5755213338102984
diffusion_datasets/ldm_200/1_fake/vpokhpnoyy.png,ldm_200,1,0.0031672598780043103
diffusion_datasets/ldm_200/1_fake/spnummyudf.png,ldm_200,1,0.9893489502554211
diffusion_datasets/ldm_200/1_fake/nipnhttkcg.png,ldm_200,1,0.9493478580029132
diffusion_datasets/ldm_200/1_fake/fvbwueqmmc.png,ldm_200,1,0.44868755075320926
diffusion_datasets/ldm_200/1_fake/psvhorutyv.png,ldm_200,1,0.9212882904453054
diffusion_datasets/ldm_200/1_fake/oyxvwvxuzr.png,ldm_200,1,0.007912934384777802
diffusion_datasets/ldm_200/1_fake/vftoepxxkj.png,ldm_200,1,0.9957915260179985
diffusion_datasets/ldm_200/1_fake/rigaxqbjbr.png,ldm_200,1,0.9982380906480396
diffusion_datasets/ldm_200/1_fake/eltlpjgnai.png,ldm_200,1,0.5840735309181986
diffusion_datasets/ldm_200/1_fake/umhgkshvea.png,ldm_200,1,0.9457930078370361
diffusion_datasets/ldm_200/1_fake/fksurkvzeg.png,ldm_200,1,0.45199116098240183
diffusion_datasets/ldm_200/1_fake/njrelhtzux.png,ldm_200,1,0.4388365889753201
diffusion_datasets/ldm_200/1_fake/cmgdpkxuef.png,ldm_200,1,0.2970323273672302
diffusion_datasets/ldm_200/1_fake/omsyxrsufp.png,ldm_200,1,0.9939897117007516
diffusion_datasets/ldm_200/1_fake/dbmufhmuzs.png,ldm_200,1,0.9058009336034644
diffusion_datasets/ldm_200/1_fake/qbhxmjxsev.png,ldm_200,1,0.1479917377451015
diffusion_datasets/ldm_200/1_fake/nyrfgpglht.png,ldm_200,1,0.01660045215749695
diffusion_datasets/ldm_200/1_fake/bsoomuiluf.png,ldm_200,1,0.8153708925402162
diffusion_datasets/ldm_200/1_fake/ifqwneltpg.png,ldm_200,1,0.8334021706618793
diffusion_datasets/ldm_200/1_fake/leadpebgwn.png,ldm_200,1,0.5020262619154747
diffusion_datasets/ldm_200/1_fake/ncyvrxsbym.png,ldm_200,1,0.8727886283334293
diffusion_datasets/ldm_200/1_fake/hbdtraluzp.png,ldm_200,1,0.8341892057008343
diffusion_datasets/ldm_200/1_fake/ktsfcdbxkp.png,ldm_200,1,0.9781572948440935
diffusion_datasets/ldm_200/1_fake/hiqkigzfrk.png,ldm_200,1,0.9796548438658426
diffusion_datasets/ldm_200/1_fake/qkkcelqgiq.png,ldm_200,1,0.8913051753092504
diffusion_datasets/ldm_200/1_fake/yytnnkmkun.png,ldm_200,1,0.998640801958412
diffusion_datasets/ldm_200/1_fake/vmlzuywhlr.png,ldm_200,1,0.9994874289598541
diffusion_datasets/ldm_200/1_fake/dbifuulczh.png,ldm_200,1,0.9068386486798834
diffusion_datasets/ldm_200/1_fake/fzmzemtxkr.png,ldm_200,1,0.04530735251883805
diffusion_datasets/ldm_200/1_fake/uwzfugbfno.png,ldm_200,1,0.9951503556762135
diffusion_datasets/ldm_200/1_fake/fdetgrcfyf.png,ldm_200,1,0.9947376535986068
diffusion_datasets/ldm_200/1_fake/owavsapwhv.png,ldm_200,1,0.5082630597023533
diffusion_datasets/ldm_200/1_fake/xnidvmnavp.png,ldm_200,1,0.027774623807168018
diffusion_datasets/ldm_200/1_fake/ybpiflwjwj.png,ldm_200,1,0.8372714048165499
diffusion_datasets/ldm_200/1_fake/xjokdvoxpk.png,ldm_200,1,0.5815172714931478
diffusion_datasets/ldm_200/1_fake/vfjqbhhdhb.png,ldm_200,1,0.9167647494103209
diffusion_datasets/ldm_200/1_fake/hhlwjuqsbz.png,ldm_200,1,0.009465780520864473
diffusion_datasets/ldm_200/1_fake/pepkgtkonx.png,ldm_200,1,0.3436725056120595
diffusion_datasets/ldm_200/1_fake/lkealtdsyd.png,ldm_200,1,0.9954461935649421
diffusion_datasets/ldm_200/1_fake/nvglpmddru.png,ldm_200,1,0.004230402665958315
diffusion_datasets/ldm_200/1_fake/rtiaijvnif.png,ldm_200,1,0.02154456090378975
diffusion_datasets/ldm_200/1_fake/ahnijblsap.png,ldm_200,1,0.9882182180329432
diffusion_datasets/ldm_200/1_fake/paozbcurkw.png,ldm_200,1,0.741432760535301
diffusion_datasets/ldm_200/1_fake/pwhjtzqmis.png,ldm_200,1,0.12927206412007117
diffusion_datasets/ldm_200/1_fake/vispixnoqk.png,ldm_200,1,0.6737324089138346
diffusion_datasets/ldm_200/1_fake/cvohxivzjd.png,ldm_200,1,0.8395055655916605
diffusion_datasets/ldm_200/1_fake/hypftiguck.png,ldm_200,1,0.965643596495023
diffusion_datasets/ldm_200/1_fake/hrdlxdegxy.png,ldm_200,1,0.3129755779881538
diffusion_datasets/ldm_200/1_fake/devyzpyxmr.png,ldm_200,1,0.42868027036829853
diffusion_datasets/ldm_200/1_fake/tbxpyvxjym.png,ldm_200,1,0.9743915437173422
diffusion_datasets/ldm_200/1_fake/nfysclasrr.png,ldm_200,1,0.053129127023826175
diffusion_datasets/ldm_200/1_fake/odhzcmznnr.png,ldm_200,1,0.9705314583381773
diffusion_datasets/ldm_200/1_fake/ikiqryhfmf.png,ldm_200,1,0.24144763502520117
diffusion_datasets/ldm_200/1_fake/usipjcyjoy.png,ldm_200,1,0.08349374461618689
diffusion_datasets/ldm_200/1_fake/ybihqfczqf.png,ldm_200,1,0.9929226232541166
diffusion_datasets/ldm_200/1_fake/zrifjlbkwb.png,ldm_200,1,0.9998759995444676
diffusion_datasets/ldm_200/1_fake/jhuyduptth.png,ldm_200,1,0.9511187192122604
diffusion_datasets/ldm_200/1_fake/abaxzegfoi.png,ldm_200,1,0.7693819131561159
diffusion_datasets/ldm_200/1_fake/evwfvofdll.png,ldm_200,1,0.8373535675195568
diffusion_datasets/ldm_200/1_fake/yrantjwhqk.png,ldm_200,1,0.9999708136135271
diffusion_datasets/ldm_200/1_fake/lizvdcrrbp.png,ldm_200,1,0.9977243813589196
diffusion_datasets/ldm_200/1_fake/uvweqxeurs.png,ldm_200,1,0.9166663152510293
diffusion_datasets/ldm_200/1_fake/gdomuubpmo.png,ldm_200,1,0.6891262782973976
diffusion_datasets/ldm_200/1_fake/klcsuijwqh.png,ldm_200,1,0.31805327462977523
diffusion_datasets/ldm_200/1_fake/efgchmasis.png,ldm_200,1,0.05182417569832045
diffusion_datasets/ldm_200/1_fake/zynieagnms.png,ldm_200,1,0.01883110016165637
diffusion_datasets/ldm_200/1_fake/tvhyjyjvbi.png,ldm_200,1,0.8325552843321965
diffusion_datasets/ldm_200/1_fake/vkjmgldjai.png,ldm_200,1,0.05110761840728182
diffusion_datasets/ldm_200/1_fake/smlabsrifo.png,ldm_200,1,0.9626296144701968
diffusion_datasets/ldm_200/1_fake/dsxuevcdxk.png,ldm_200,1,0.05351174444052966
diffusion_datasets/ldm_200/1_fake/znxaufdjpv.png,ldm_200,1,0.99888931868526
diffusion_datasets/ldm_200/1_fake/wbcncldemw.png,ldm_200,1,0.6549594292194332
diffusion_datasets/ldm_200/1_fake/olecerouzv.png,ldm_200,1,0.9912930949094688
diffusion_datasets/ldm_200/1_fake/ybpkzmxsoj.png,ldm_200,1,0.15810150005973184
diffusion_datasets/ldm_200/1_fake/jecdlrpjba.png,ldm_200,1,0.9924358542639375
diffusion_datasets/ldm_200/1_fake/lsvzbqhxgl.png,ldm_200,1,0.002547528595020568
diffusion_datasets/ldm_200/1_fake/msccvtyrqo.png,ldm_200,1,0.9973089542009763
diffusion_datasets/ldm_200/1_fake/oulguvnvpq.png,ldm_200,1,0.26252816684610275
diffusion_datasets/ldm_200/1_fake/ukoxsbspvb.png,ldm_200,1,0.42778986672430286
diffusion_datasets/ldm_200/1_fake/gaephzrdih.png,ldm_200,1,0.9052517100869926
diffusion_datasets/ldm_200/1_fake/rrcbbbylog.png,ldm_200,1,0.8727493959000426
diffusion_datasets/ldm_200/1_fake/lkwvbsljma.png,ldm_200,1,0.10759741238431793
diffusion_datasets/ldm_200/1_fake/xdudczawtx.png,ldm_200,1,0.5237922204809193
diffusion_datasets/ldm_200/1_fake/jrdflpqmct.png,ldm_200,1,0.9573325388776601
diffusion_datasets/ldm_200/1_fake/gaezkwugoh.png,ldm_200,1,0.9040971928262611
diffusion_datasets/ldm_200/1_fake/lxdnodpvuz.png,ldm_200,1,0.99314205650286
diffusion_datasets/ldm_200/1_fake/rsiiuivgsv.png,ldm_200,1,0.8081705742964145
diffusion_datasets/ldm_200/1_fake/wkkhoodytf.png,ldm_200,1,0.8203616727941084
diffusion_datasets/ldm_200/1_fake/yeysnhxrmp.png,ldm_200,1,0.9870950245180257
diffusion_datasets/ldm_200/1_fake/zbnbosutcn.png,ldm_200,1,0.7433860003962939
diffusion_datasets/ldm_200/1_fake/ovebmmaneb.png,ldm_200,1,0.7957464825204228
diffusion_datasets/ldm_200/1_fake/cubclpdlyb.png,ldm_200,1,0.07272950871596179
diffusion_datasets/ldm_200/1_fake/ygsthmtuoh.png,ldm_200,1,0.9528230242059101
diffusion_datasets/ldm_200/1_fake/gnjefwyemy.png,ldm_200,1,0.6953159378848808
diffusion_datasets/ldm_200/1_fake/jirfxpsjiz.png,ldm_200,1,0.9990127427308501
diffusion_datasets/ldm_200/1_fake/rakzbwxeme.png,ldm_200,1,0.991886037681937
diffusion_datasets/ldm_200/1_fake/rxrwofckks.png,ldm_200,1,0.9436394873451217
diffusion_datasets/ldm_200/1_fake/xtupempfsd.png,ldm_200,1,0.9373454563973713
diffusion_datasets/ldm_200/1_fake/lgpvmdfncv.png,ldm_200,1,0.10486541602245732
diffusion_datasets/ldm_200/1_fake/sneggiimdk.png,ldm_200,1,0.992706311453268
diffusion_datasets/ldm_200/1_fake/uzgkdnsvbt.png,ldm_200,1,0.047403519354996176
diffusion_datasets/ldm_200/1_fake/idxzmkymeu.png,ldm_200,1,0.7473490005880451
diffusion_datasets/ldm_200/1_fake/rtkpyywobl.png,ldm_200,1,0.9695716721199267
diffusion_datasets/ldm_200/1_fake/skkprfujmw.png,ldm_200,1,0.060365511676211334
diffusion_datasets/ldm_200/1_fake/ykyioyylud.png,ldm_200,1,0.8507165212240481
diffusion_datasets/ldm_200/1_fake/sdpkvjboba.png,ldm_200,1,0.757627903540358
diffusion_datasets/ldm_200/1_fake/itvslvcuiy.png,ldm_200,1,0.41830365559632005
diffusion_datasets/ldm_200/1_fake/fjxuybiebs.png,ldm_200,1,0.9975014571136688
diffusion_datasets/ldm_200/1_fake/rpggiliowp.png,ldm_200,1,0.9972075545785686
diffusion_datasets/ldm_200/1_fake/timdfnwgho.png,ldm_200,1,0.8746796707342629
diffusion_datasets/ldm_200/1_fake/qdnqcoyzar.png,ldm_200,1,0.008989358307254676
diffusion_datasets/ldm_200/1_fake/bghliglwng.png,ldm_200,1,0.9995568717724915
diffusion_datasets/ldm_200/1_fake/gacytxnrbg.png,ldm_200,1,0.9836705267954913
diffusion_datasets/ldm_200/1_fake/fmlqvsmgwg.png,ldm_200,1,0.8375410337760669
diffusion_datasets/ldm_200/1_fake/vcbnrxukwp.png,ldm_200,1,0.9994315511523535
diffusion_datasets/ldm_200/1_fake/ranqpkoerl.png,ldm_200,1,0.9938032748649148
diffusion_datasets/ldm_200/1_fake/ttfwqkviia.png,ldm_200,1,0.44167752594602044
diffusion_datasets/ldm_200/1_fake/qgkzujpyka.png,ldm_200,1,0.01584777233801802
diffusion_datasets/ldm_200/1_fake/szocurmzdp.png,ldm_200,1,0.47045057134403423
diffusion_datasets/ldm_200/1_fake/olxhrrlaut.png,ldm_200,1,0.8273858903687743
diffusion_datasets/ldm_200/1_fake/hnsubaglth.png,ldm_200,1,0.16584265587552277
diffusion_datasets/ldm_200/1_fake/xmyblzhwwh.png,ldm_200,1,0.010014684481793792
diffusion_datasets/ldm_200/1_fake/qhnjseyjbw.png,ldm_200,1,0.07000232852215642
diffusion_datasets/ldm_200/1_fake/pcudblgobu.png,ldm_200,1,0.499328032692599
diffusion_datasets/ldm_200/1_fake/ayibbogxvl.png,ldm_200,1,0.817278982217502
diffusion_datasets/ldm_200/1_fake/dbcoycuiyt.png,ldm_200,1,0.9990576267335628
diffusion_datasets/ldm_200/1_fake/wfyfdsoqjb.png,ldm_200,1,0.9705427890653879
diffusion_datasets/ldm_200/1_fake/oqargxuywp.png,ldm_200,1,0.9948309234898588
diffusion_datasets/ldm_200/1_fake/ndjgpgfppo.png,ldm_200,1,0.9896109184191926
diffusion_datasets/ldm_200/1_fake/exoglvpvei.png,ldm_200,1,0.5858040159118636
diffusion_datasets/ldm_200/1_fake/vumdsauhht.png,ldm_200,1,0.27923004310058297
diffusion_datasets/ldm_200/1_fake/fneghrqtsf.png,ldm_200,1,0.8697265357602542
diffusion_datasets/ldm_200/1_fake/ffuzczfqav.png,ldm_200,1,0.9948070340868169
diffusion_datasets/ldm_200/1_fake/tflsufulfn.png,ldm_200,1,0.8632814179176714
diffusion_datasets/ldm_200/1_fake/djumibnmaq.png,ldm_200,1,0.8553240170359936
diffusion_datasets/ldm_200/1_fake/bljmtryslc.png,ldm_200,1,0.8823738325647605
diffusion_datasets/ldm_200/1_fake/wrmxjiicmz.png,ldm_200,1,0.006670829631697755
diffusion_datasets/ldm_200/1_fake/jgmtkjqepx.png,ldm_200,1,0.4134627697605617
diffusion_datasets/ldm_200/1_fake/zoxknkpgoh.png,ldm_200,1,0.9918966192028672
diffusion_datasets/ldm_200/1_fake/tvdnjojlmh.png,ldm_200,1,0.2845885639295091
diffusion_datasets/ldm_200/1_fake/hcyfeanpao.png,ldm_200,1,0.13189418897104424
diffusion_datasets/ldm_200/1_fake/xxxlutdoia.png,ldm_200,1,0.9681344757398583
diffusion_datasets/ldm_200/1_fake/czkhjnfjgr.png,ldm_200,1,0.4642024574383064
diffusion_datasets/ldm_200/1_fake/qngsmynlht.png,ldm_200,1,0.9020085341547707
diffusion_datasets/ldm_200/1_fake/szebyvzlqt.png,ldm_200,1,0.9703291134976758
diffusion_datasets/ldm_200/1_fake/utlevcsfzc.png,ldm_200,1,0.9861727820342314
diffusion_datasets/ldm_200/1_fake/qlhvuhhqol.png,ldm_200,1,0.26357037131364075
diffusion_datasets/ldm_200/1_fake/dhjedfczru.png,ldm_200,1,0.999355519910635
diffusion_datasets/ldm_200/1_fake/dhepjncjkt.png,ldm_200,1,0.551131251296383
diffusion_datasets/ldm_200/1_fake/tigzfxjaeg.png,ldm_200,1,0.48108036101342094
diffusion_datasets/ldm_200/1_fake/wiweponjic.png,ldm_200,1,0.7424669522726219
diffusion_datasets/ldm_200/1_fake/tycynadkoj.png,ldm_200,1,0.9843348091807673
diffusion_datasets/ldm_200/1_fake/mtuopsldka.png,ldm_200,1,0.13679992838323501
diffusion_datasets/ldm_200/1_fake/mhaimbeqgl.png,ldm_200,1,0.8928152647930966
diffusion_datasets/ldm_200/1_fake/qofcjlhwbv.png,ldm_200,1,0.9970065282160586
diffusion_datasets/ldm_200/1_fake/flislizwvd.png,ldm_200,1,0.9622940680594955
diffusion_datasets/ldm_200/1_fake/fvfgzexjcm.png,ldm_200,1,0.2889887312475843
diffusion_datasets/ldm_200/1_fake/fwnswugajt.png,ldm_200,1,0.9999366329354813
diffusion_datasets/ldm_200/1_fake/psvmrypqai.png,ldm_200,1,0.7851065658548891
diffusion_datasets/ldm_200/1_fake/jgcuwqiqsa.png,ldm_200,1,0.8207222586647027
diffusion_datasets/ldm_200/1_fake/gjpzqplype.png,ldm_200,1,0.5982484672533043
diffusion_datasets/ldm_200/1_fake/ycojahdoqs.png,ldm_200,1,0.5018537586418704
diffusion_datasets/ldm_200/1_fake/lvndezxcir.png,ldm_200,1,0.715660551589635
diffusion_datasets/ldm_200/1_fake/vueczavslq.png,ldm_200,1,0.9988848420335946
diffusion_datasets/ldm_200/1_fake/hkjmvhgmso.png,ldm_200,1,0.4397654985241256
diffusion_datasets/ldm_200/1_fake/swhkqaywlh.png,ldm_200,1,0.9878943134764963
diffusion_datasets/ldm_200/1_fake/arfbiucpar.png,ldm_200,1,0.9893380121995147
diffusion_datasets/ldm_200/1_fake/njnnphhwll.png,ldm_200,1,0.9826974894559455
diffusion_datasets/ldm_200/1_fake/okuolqaypa.png,ldm_200,1,0.9842607895757074
diffusion_datasets/ldm_200/1_fake/rjddhlzmqd.png,ldm_200,1,0.9993950399937093
diffusion_datasets/ldm_200/1_fake/fnjmysjhqo.png,ldm_200,1,0.6854710569143907
diffusion_datasets/ldm_200/1_fake/uxbuickkha.png,ldm_200,1,0.5430151152126469
diffusion_datasets/ldm_200/1_fake/htpewtqebr.png,ldm_200,1,0.9632123119749795
diffusion_datasets/ldm_200/1_fake/uvsazktssr.png,ldm_200,1,0.9733087063925003
diffusion_datasets/ldm_200/1_fake/yyfgzdkznw.png,ldm_200,1,0.9972181636785982
diffusion_datasets/ldm_200/1_fake/bbqlufpjnl.png,ldm_200,1,0.44175767295771096
diffusion_datasets/ldm_200/1_fake/jsytpmwrvb.png,ldm_200,1,0.9044478902914946
diffusion_datasets/ldm_200/1_fake/ueoeojrsyj.png,ldm_200,1,0.20858638425350629
diffusion_datasets/ldm_200/1_fake/ogdtdsagel.png,ldm_200,1,0.17651254873139455
diffusion_datasets/ldm_200/1_fake/snjzonvpow.png,ldm_200,1,0.4686719853517471
diffusion_datasets/ldm_200/1_fake/djfymdweky.png,ldm_200,1,0.9974773333582613
diffusion_datasets/ldm_200/1_fake/jbsbxfrewb.png,ldm_200,1,0.5131431634179597
diffusion_datasets/ldm_200/1_fake/mltvjsqnjm.png,ldm_200,1,0.9808079220582705
diffusion_datasets/ldm_200/1_fake/gkbjdvwiuz.png,ldm_200,1,0.9924596580101874
diffusion_datasets/ldm_200/1_fake/yqqmbglayb.png,ldm_200,1,0.9728829728867912
diffusion_datasets/ldm_200/1_fake/hrayggkgxb.png,ldm_200,1,0.9470194571148213
diffusion_datasets/ldm_200/1_fake/sssvouruij.png,ldm_200,1,0.7196954120512136
diffusion_datasets/ldm_200/1_fake/gxexzzlcld.png,ldm_200,1,0.8950172134316211
diffusion_datasets/ldm_200/1_fake/usxygmfmlb.png,ldm_200,1,0.5808398542442015
diffusion_datasets/ldm_200/1_fake/hdcbgrxqza.png,ldm_200,1,0.998862753650749
diffusion_datasets/ldm_200/1_fake/mpozbazafp.png,ldm_200,1,0.37958630138120436
diffusion_datasets/ldm_200/1_fake/xuzzmcdpux.png,ldm_200,1,0.946875696693475
diffusion_datasets/ldm_200/1_fake/dldztvvwrt.png,ldm_200,1,0.9983975906614675
diffusion_datasets/ldm_200/1_fake/hdtfurantf.png,ldm_200,1,0.9706504985262956
diffusion_datasets/ldm_200/1_fake/wgrmpdejfv.png,ldm_200,1,0.008880035265417426
diffusion_datasets/ldm_200/1_fake/lqrkxsvuvt.png,ldm_200,1,0.8994655566705684
diffusion_datasets/ldm_200/1_fake/dtvfjwtgbk.png,ldm_200,1,0.9711057224821515
diffusion_datasets/ldm_200/1_fake/vitzpaholy.png,ldm_200,1,0.020326363660488747
diffusion_datasets/ldm_200/1_fake/zniuujlsax.png,ldm_200,1,0.7482054211156469
diffusion_datasets/ldm_200/1_fake/ponotiiits.png,ldm_200,1,0.970554199245738
diffusion_datasets/ldm_200/1_fake/gchslncruv.png,ldm_200,1,0.03754788443463462
diffusion_datasets/ldm_200/1_fake/vyjvqkrjmv.png,ldm_200,1,0.007705202194167046
diffusion_datasets/ldm_200/1_fake/wsbgevekgf.png,ldm_200,1,0.8988668399049791
diffusion_datasets/ldm_200/1_fake/msdsnlzcre.png,ldm_200,1,0.9703591368132641
diffusion_datasets/ldm_200/1_fake/jefxajnwbk.png,ldm_200,1,0.9427889876462483
diffusion_datasets/ldm_200/1_fake/vipmyyceny.png,ldm_200,1,0.9879330730469531
diffusion_datasets/ldm_200/1_fake/slrtleyncm.png,ldm_200,1,0.9473162529547118
diffusion_datasets/ldm_200/1_fake/jpkbhfmhql.png,ldm_200,1,0.42043645898457216
diffusion_datasets/ldm_200/1_fake/mcsihazpje.png,ldm_200,1,0.9370966344247573
diffusion_datasets/ldm_200/1_fake/bulfplvjow.png,ldm_200,1,0.9664097487007747
diffusion_datasets/ldm_200/1_fake/rjdnzhbvwc.png,ldm_200,1,0.999145340578815
diffusion_datasets/ldm_200/1_fake/ruyafogtjk.png,ldm_200,1,0.9071231357369951
diffusion_datasets/ldm_200/1_fake/gudkwzmgfo.png,ldm_200,1,0.6882583215425263
diffusion_datasets/ldm_200/1_fake/rbihqctsdb.png,ldm_200,1,0.026851783138515033
diffusion_datasets/ldm_200/1_fake/hnfbzeaoqb.png,ldm_200,1,0.9344186898730172
diffusion_datasets/ldm_200/1_fake/xbwwtavscv.png,ldm_200,1,0.9727877741544585
diffusion_datasets/ldm_200/1_fake/ugrxyyeknx.png,ldm_200,1,0.5019868570361528
diffusion_datasets/ldm_200/1_fake/frrzmsczog.png,ldm_200,1,0.05309124803642115
diffusion_datasets/ldm_200/1_fake/vblsrmonrr.png,ldm_200,1,0.9943919313755613
diffusion_datasets/ldm_200/1_fake/ykhbfkbqqc.png,ldm_200,1,0.23434149095806397
diffusion_datasets/ldm_200/1_fake/xpdelxvksw.png,ldm_200,1,0.03711532649447536
diffusion_datasets/ldm_200/1_fake/vofhkesmtv.png,ldm_200,1,0.9956267958665378
diffusion_datasets/ldm_200/1_fake/qbannzwxnv.png,ldm_200,1,0.9942058513973298
diffusion_datasets/ldm_200/1_fake/dsxzmqgrfv.png,ldm_200,1,0.9585463114727514
diffusion_datasets/ldm_200/1_fake/gckzbyionz.png,ldm_200,1,0.998947612072983
diffusion_datasets/ldm_200/1_fake/aqfnjpltvb.png,ldm_200,1,0.07809113953454992
diffusion_datasets/ldm_200/1_fake/nnuuhindgj.png,ldm_200,1,0.987243318127508
diffusion_datasets/ldm_200/1_fake/lfpytrxtnd.png,ldm_200,1,0.9214866558692756
diffusion_datasets/ldm_200/1_fake/hsvrfsodig.png,ldm_200,1,0.9417122030941524
diffusion_datasets/ldm_200/1_fake/ohycivlfdy.png,ldm_200,1,0.00031534393965361245
diffusion_datasets/ldm_200/1_fake/zzrybysskm.png,ldm_200,1,0.008828268358003495
diffusion_datasets/ldm_200/1_fake/xnyhohvpna.png,ldm_200,1,0.9141494730016112
diffusion_datasets/ldm_200/1_fake/enrmnsxepz.png,ldm_200,1,0.5761681851399636
diffusion_datasets/ldm_200/1_fake/pcuxcikgcq.png,ldm_200,1,0.0020163387006232486
diffusion_datasets/ldm_200/1_fake/clutkoqhvu.png,ldm_200,1,0.9939176613717218
diffusion_datasets/ldm_200/1_fake/amthaokcfg.png,ldm_200,1,0.7611654854843117
diffusion_datasets/ldm_200/1_fake/kvomczokut.png,ldm_200,1,0.24080952705994338
diffusion_datasets/ldm_200/1_fake/uyfkdpzowl.png,ldm_200,1,0.9747867714808311
diffusion_datasets/ldm_200/1_fake/uydofqnwdz.png,ldm_200,1,0.13145045443880846
diffusion_datasets/ldm_200/1_fake/wotrziuyhj.png,ldm_200,1,0.12084319333365748
diffusion_datasets/ldm_200/1_fake/ntwekxxoly.png,ldm_200,1,0.983230624619712
diffusion_datasets/ldm_200/1_fake/mnbrpiakwa.png,ldm_200,1,0.8009798676909542
diffusion_datasets/ldm_200/1_fake/aqdcxmcowi.png,ldm_200,1,0.535835410777567
diffusion_datasets/ldm_200/1_fake/jqnuoffbtb.png,ldm_200,1,0.11366939143036102
diffusion_datasets/ldm_200/1_fake/gzzhkwcczo.png,ldm_200,1,0.9509831405838028
diffusion_datasets/ldm_200/1_fake/fjyemnydtk.png,ldm_200,1,0.021561149959589233
diffusion_datasets/ldm_200/1_fake/fgbgiwekim.png,ldm_200,1,0.03246660684335101
diffusion_datasets/ldm_200/1_fake/eaesoxacae.png,ldm_200,1,0.875981596486005
diffusion_datasets/ldm_200/1_fake/rdtvftkyww.png,ldm_200,1,0.0034373951309284155
diffusion_datasets/ldm_200/1_fake/jkepwzmrqu.png,ldm_200,1,0.07289964048923019
diffusion_datasets/ldm_200/1_fake/kbpanibqgu.png,ldm_200,1,0.10273864745788396
diffusion_datasets/ldm_200/1_fake/etawvbajib.png,ldm_200,1,0.6603273212329448
diffusion_datasets/ldm_200/1_fake/ypdjyjlopx.png,ldm_200,1,0.9991701481524887
diffusion_datasets/ldm_200/1_fake/nkdchwutlw.png,ldm_200,1,0.9835698264217511
diffusion_datasets/ldm_200/1_fake/ayzndlluru.png,ldm_200,1,0.6184024484903211
diffusion_datasets/ldm_200/1_fake/bfiknazsha.png,ldm_200,1,0.9246143768078061
diffusion_datasets/ldm_200/1_fake/nhlzsfyryf.png,ldm_200,1,0.0067054275173871565
diffusion_datasets/ldm_200/1_fake/asxtxajrfc.png,ldm_200,1,0.8694658945498287
diffusion_datasets/ldm_200/1_fake/zchftlmgnh.png,ldm_200,1,0.9905896097155421
diffusion_datasets/ldm_200/1_fake/zmqpqnavds.png,ldm_200,1,0.9997643939978741
diffusion_datasets/ldm_200/1_fake/mfcceezfwn.png,ldm_200,1,0.965188372953813
diffusion_datasets/ldm_200/1_fake/kpzyfbuxhi.png,ldm_200,1,0.03783274648375865
diffusion_datasets/ldm_200/1_fake/lpofppxlqt.png,ldm_200,1,0.9330697136242502
diffusion_datasets/ldm_200/1_fake/gyzuhrjhfj.png,ldm_200,1,0.7069225334603813
diffusion_datasets/ldm_200/1_fake/bhlyixirpi.png,ldm_200,1,0.9887801640899129
diffusion_datasets/ldm_200/1_fake/yyrtmboyuo.png,ldm_200,1,0.03658986505423466
diffusion_datasets/ldm_200/1_fake/jfqdxkbnuz.png,ldm_200,1,0.9946794357739727
diffusion_datasets/ldm_200/1_fake/qvldneoiwj.png,ldm_200,1,0.9998069333310257
diffusion_datasets/ldm_200/1_fake/flzalpsilp.png,ldm_200,1,0.2753416379568131
